cname,year,fh_pr
Afghanistan,1946,
Afghanistan,1947,
Afghanistan,1948,
Afghanistan,1949,
Afghanistan,1950,
Afghanistan,1951,
Afghanistan,1952,
Afghanistan,1953,
Afghanistan,1954,
Afghanistan,1955,
Afghanistan,1956,
Afghanistan,1957,
Afghanistan,1958,
Afghanistan,1959,
Afghanistan,1960,
Afghanistan,1961,
Afghanistan,1962,
Afghanistan,1963,
Afghanistan,1964,
Afghanistan,1965,
Afghanistan,1966,
Afghanistan,1967,
Afghanistan,1968,
Afghanistan,1969,
Afghanistan,1970,
Afghanistan,1971,
Afghanistan,1972,4
Afghanistan,1973,7
Afghanistan,1974,7
Afghanistan,1975,7
Afghanistan,1976,7
Afghanistan,1977,6
Afghanistan,1978,7
Afghanistan,1979,7
Afghanistan,1980,7
Afghanistan,1981,7
Afghanistan,1982,
Afghanistan,1983,7
Afghanistan,1984,7
Afghanistan,1985,7
Afghanistan,1986,7
Afghanistan,1987,7
Afghanistan,1988,6
Afghanistan,1989,7
Afghanistan,1990,7
Afghanistan,1991,7
Afghanistan,1992,6
Afghanistan,1993,7
Afghanistan,1994,7
Afghanistan,1995,7
Afghanistan,1996,7
Afghanistan,1997,7
Afghanistan,1998,7
Afghanistan,1999,7
Afghanistan,2000,7
Afghanistan,2001,7
Afghanistan,2002,6
Afghanistan,2003,6
Afghanistan,2004,5
Afghanistan,2005,5
Afghanistan,2006,5
Afghanistan,2007,5
Afghanistan,2008,5
Afghanistan,2009,6
Afghanistan,2010,6
Afghanistan,2011,6
Afghanistan,2012,6
Afghanistan,2013,6
Afghanistan,2014,6
Afghanistan,2015,6
Afghanistan,2016,6
Afghanistan,2017,5
Afghanistan,2018,5
Afghanistan,2019,5
Afghanistan,2020,5
Afghanistan,2021,7
Afghanistan,2022,7
Afghanistan,2023,7
Afghanistan,2024,7
Afghanistan,2025,
Albania,1946,
Albania,1947,
Albania,1948,
Albania,1949,
Albania,1950,
Albania,1951,
Albania,1952,
Albania,1953,
Albania,1954,
Albania,1955,
Albania,1956,
Albania,1957,
Albania,1958,
Albania,1959,
Albania,1960,
Albania,1961,
Albania,1962,
Albania,1963,
Albania,1964,
Albania,1965,
Albania,1966,
Albania,1967,
Albania,1968,
Albania,1969,
Albania,1970,
Albania,1971,
Albania,1972,7
Albania,1973,7
Albania,1974,7
Albania,1975,7
Albania,1976,7
Albania,1977,7
Albania,1978,7
Albania,1979,7
Albania,1980,7
Albania,1981,7
Albania,1982,
Albania,1983,7
Albania,1984,7
Albania,1985,7
Albania,1986,7
Albania,1987,7
Albania,1988,7
Albania,1989,7
Albania,1990,7
Albania,1991,4
Albania,1992,4
Albania,1993,2
Albania,1994,3
Albania,1995,3
Albania,1996,4
Albania,1997,4
Albania,1998,4
Albania,1999,4
Albania,2000,4
Albania,2001,3
Albania,2002,3
Albania,2003,3
Albania,2004,3
Albania,2005,3
Albania,2006,3
Albania,2007,3
Albania,2008,3
Albania,2009,3
Albania,2010,3
Albania,2011,3
Albania,2012,3
Albania,2013,3
Albania,2014,3
Albania,2015,3
Albania,2016,3
Albania,2017,3
Albania,2018,3
Albania,2019,3
Albania,2020,3
Albania,2021,3
Albania,2022,3
Albania,2023,3
Albania,2024,3
Albania,2025,
Algeria,1963,
Algeria,1964,
Algeria,1965,
Algeria,1966,
Algeria,1967,
Algeria,1968,
Algeria,1969,
Algeria,1970,
Algeria,1971,
Algeria,1972,6
Algeria,1973,6
Algeria,1974,6
Algeria,1975,7
Algeria,1976,6
Algeria,1977,6
Algeria,1978,6
Algeria,1979,6
Algeria,1980,6
Algeria,1981,6
Algeria,1982,
Algeria,1983,6
Algeria,1984,6
Algeria,1985,6
Algeria,1986,6
Algeria,1987,6
Algeria,1988,5
Algeria,1989,6
Algeria,1990,4
Algeria,1991,4
Algeria,1992,7
Algeria,1993,7
Algeria,1994,7
Algeria,1995,6
Algeria,1996,6
Algeria,1997,6
Algeria,1998,6
Algeria,1999,6
Algeria,2000,6
Algeria,2001,6
Algeria,2002,6
Algeria,2003,6
Algeria,2004,6
Algeria,2005,6
Algeria,2006,6
Algeria,2007,6
Algeria,2008,6
Algeria,2009,6
Algeria,2010,6
Algeria,2011,6
Algeria,2012,6
Algeria,2013,6
Algeria,2014,6
Algeria,2015,6
Algeria,2016,6
Algeria,2017,6
Algeria,2018,6
Algeria,2019,6
Algeria,2020,6
Algeria,2021,6
Algeria,2022,6
Algeria,2023,6
Algeria,2024,6
Algeria,2025,
Andorra,1946,
Andorra,1947,
Andorra,1948,
Andorra,1949,
Andorra,1950,
Andorra,1951,
Andorra,1952,
Andorra,1953,
Andorra,1954,
Andorra,1955,
Andorra,1956,
Andorra,1957,
Andorra,1958,
Andorra,1959,
Andorra,1960,
Andorra,1961,
Andorra,1962,
Andorra,1963,
Andorra,1964,
Andorra,1965,
Andorra,1966,
Andorra,1967,
Andorra,1968,
Andorra,1969,
Andorra,1970,
Andorra,1971,
Andorra,1972,4
Andorra,1973,4
Andorra,1974,4
Andorra,1975,4
Andorra,1976,4
Andorra,1977,
Andorra,1978,
Andorra,1979,
Andorra,1980,
Andorra,1981,
Andorra,1982,
Andorra,1983,
Andorra,1984,
Andorra,1985,
Andorra,1986,
Andorra,1987,
Andorra,1988,
Andorra,1989,
Andorra,1990,
Andorra,1991,
Andorra,1992,
Andorra,1993,2
Andorra,1994,1
Andorra,1995,1
Andorra,1996,1
Andorra,1997,1
Andorra,1998,1
Andorra,1999,1
Andorra,2000,1
Andorra,2001,1
Andorra,2002,1
Andorra,2003,1
Andorra,2004,1
Andorra,2005,1
Andorra,2006,1
Andorra,2007,1
Andorra,2008,1
Andorra,2009,1
Andorra,2010,1
Andorra,2011,1
Andorra,2012,1
Andorra,2013,1
Andorra,2014,1
Andorra,2015,1
Andorra,2016,1
Andorra,2017,1
Andorra,2018,1
Andorra,2019,1
Andorra,2020,1
Andorra,2021,1
Andorra,2022,1
Andorra,2023,1
Andorra,2024,1
Andorra,2025,
Angola,1976,6
Angola,1977,7
Angola,1978,7
Angola,1979,7
Angola,1980,7
Angola,1981,7
Angola,1982,
Angola,1983,7
Angola,1984,7
Angola,1985,7
Angola,1986,7
Angola,1987,7
Angola,1988,7
Angola,1989,7
Angola,1990,7
Angola,1991,6
Angola,1992,6
Angola,1993,7
Angola,1994,7
Angola,1995,6
Angola,1996,6
Angola,1997,6
Angola,1998,6
Angola,1999,6
Angola,2000,6
Angola,2001,6
Angola,2002,6
Angola,2003,6
Angola,2004,6
Angola,2005,6
Angola,2006,6
Angola,2007,6
Angola,2008,6
Angola,2009,6
Angola,2010,6
Angola,2011,6
Angola,2012,6
Angola,2013,6
Angola,2014,6
Angola,2015,6
Angola,2016,6
Angola,2017,6
Angola,2018,6
Angola,2019,6
Angola,2020,6
Angola,2021,6
Angola,2022,6
Angola,2023,6
Angola,2024,6
Angola,2025,
Antigua and Barbuda,1982,
Antigua and Barbuda,1983,2
Antigua and Barbuda,1984,2
Antigua and Barbuda,1985,2
Antigua and Barbuda,1986,2
Antigua and Barbuda,1987,2
Antigua and Barbuda,1988,2
Antigua and Barbuda,1989,2
Antigua and Barbuda,1990,3
Antigua and Barbuda,1991,3
Antigua and Barbuda,1992,3
Antigua and Barbuda,1993,4
Antigua and Barbuda,1994,4
Antigua and Barbuda,1995,4
Antigua and Barbuda,1996,4
Antigua and Barbuda,1997,4
Antigua and Barbuda,1998,4
Antigua and Barbuda,1999,4
Antigua and Barbuda,2000,4
Antigua and Barbuda,2001,4
Antigua and Barbuda,2002,4
Antigua and Barbuda,2003,4
Antigua and Barbuda,2004,2
Antigua and Barbuda,2005,2
Antigua and Barbuda,2006,2
Antigua and Barbuda,2007,2
Antigua and Barbuda,2008,2
Antigua and Barbuda,2009,3
Antigua and Barbuda,2010,3
Antigua and Barbuda,2011,3
Antigua and Barbuda,2012,2
Antigua and Barbuda,2013,2
Antigua and Barbuda,2014,2
Antigua and Barbuda,2015,2
Antigua and Barbuda,2016,2
Antigua and Barbuda,2017,2
Antigua and Barbuda,2018,2
Antigua and Barbuda,2019,2
Antigua and Barbuda,2020,2
Antigua and Barbuda,2021,2
Antigua and Barbuda,2022,2
Antigua and Barbuda,2023,2
Antigua and Barbuda,2024,2
Antigua and Barbuda,2025,
Azerbaijan,1992,5
Azerbaijan,1993,6
Azerbaijan,1994,6
Azerbaijan,1995,6
Azerbaijan,1996,6
Azerbaijan,1997,6
Azerbaijan,1998,6
Azerbaijan,1999,6
Azerbaijan,2000,6
Azerbaijan,2001,6
Azerbaijan,2002,6
Azerbaijan,2003,6
Azerbaijan,2004,6
Azerbaijan,2005,6
Azerbaijan,2006,6
Azerbaijan,2007,6
Azerbaijan,2008,6
Azerbaijan,2009,6
Azerbaijan,2010,6
Azerbaijan,2011,6
Azerbaijan,2012,6
Azerbaijan,2013,6
Azerbaijan,2014,6
Azerbaijan,2015,7
Azerbaijan,2016,7
Azerbaijan,2017,7
Azerbaijan,2018,7
Azerbaijan,2019,7
Azerbaijan,2020,7
Azerbaijan,2021,7
Azerbaijan,2022,7
Azerbaijan,2023,7
Azerbaijan,2024,7
Azerbaijan,2025,
Argentina,1946,
Argentina,1947,
Argentina,1948,
Argentina,1949,
Argentina,1950,
Argentina,1951,
Argentina,1952,
Argentina,1953,
Argentina,1954,
Argentina,1955,
Argentina,1956,
Argentina,1957,
Argentina,1958,
Argentina,1959,
Argentina,1960,
Argentina,1961,
Argentina,1962,
Argentina,1963,
Argentina,1964,
Argentina,1965,
Argentina,1966,
Argentina,1967,
Argentina,1968,
Argentina,1969,
Argentina,1970,
Argentina,1971,
Argentina,1972,6
Argentina,1973,2
Argentina,1974,2
Argentina,1975,2
Argentina,1976,6
Argentina,1977,6
Argentina,1978,6
Argentina,1979,6
Argentina,1980,6
Argentina,1981,6
Argentina,1982,
Argentina,1983,3
Argentina,1984,2
Argentina,1985,2
Argentina,1986,2
Argentina,1987,2
Argentina,1988,2
Argentina,1989,1
Argentina,1990,1
Argentina,1991,1
Argentina,1992,2
Argentina,1993,2
Argentina,1994,2
Argentina,1995,2
Argentina,1996,2
Argentina,1997,2
Argentina,1998,3
Argentina,1999,2
Argentina,2000,1
Argentina,2001,3
Argentina,2002,3
Argentina,2003,2
Argentina,2004,2
Argentina,2005,2
Argentina,2006,2
Argentina,2007,2
Argentina,2008,2
Argentina,2009,2
Argentina,2010,2
Argentina,2011,2
Argentina,2012,2
Argentina,2013,2
Argentina,2014,2
Argentina,2015,2
Argentina,2016,2
Argentina,2017,2
Argentina,2018,2
Argentina,2019,2
Argentina,2020,2
Argentina,2021,2
Argentina,2022,2
Argentina,2023,2
Argentina,2024,2
Argentina,2025,
Australia,1946,
Australia,1947,
Australia,1948,
Australia,1949,
Australia,1950,
Australia,1951,
Australia,1952,
Australia,1953,
Australia,1954,
Australia,1955,
Australia,1956,
Australia,1957,
Australia,1958,
Australia,1959,
Australia,1960,
Australia,1961,
Australia,1962,
Australia,1963,
Australia,1964,
Australia,1965,
Australia,1966,
Australia,1967,
Australia,1968,
Australia,1969,
Australia,1970,
Australia,1971,
Australia,1972,1
Australia,1973,1
Australia,1974,1
Australia,1975,1
Australia,1976,1
Australia,1977,1
Australia,1978,1
Australia,1979,1
Australia,1980,1
Australia,1981,1
Australia,1982,
Australia,1983,1
Australia,1984,1
Australia,1985,1
Australia,1986,1
Australia,1987,1
Australia,1988,1
Australia,1989,1
Australia,1990,1
Australia,1991,1
Australia,1992,1
Australia,1993,1
Australia,1994,1
Australia,1995,1
Australia,1996,1
Australia,1997,1
Australia,1998,1
Australia,1999,1
Australia,2000,1
Australia,2001,1
Australia,2002,1
Australia,2003,1
Australia,2004,1
Australia,2005,1
Australia,2006,1
Australia,2007,1
Australia,2008,1
Australia,2009,1
Australia,2010,1
Australia,2011,1
Australia,2012,1
Australia,2013,1
Australia,2014,1
Australia,2015,1
Australia,2016,1
Australia,2017,1
Australia,2018,1
Australia,2019,1
Australia,2020,1
Australia,2021,1
Australia,2022,1
Australia,2023,1
Australia,2024,1
Australia,2025,
Austria,1955,
Austria,1956,
Austria,1957,
Austria,1958,
Austria,1959,
Austria,1960,
Austria,1961,
Austria,1962,
Austria,1963,
Austria,1964,
Austria,1965,
Austria,1966,
Austria,1967,
Austria,1968,
Austria,1969,
Austria,1970,
Austria,1971,
Austria,1972,1
Austria,1973,1
Austria,1974,1
Austria,1975,1
Austria,1976,1
Austria,1977,1
Austria,1978,1
Austria,1979,1
Austria,1980,1
Austria,1981,1
Austria,1982,
Austria,1983,1
Austria,1984,1
Austria,1985,1
Austria,1986,1
Austria,1987,1
Austria,1988,1
Austria,1989,1
Austria,1990,1
Austria,1991,1
Austria,1992,1
Austria,1993,1
Austria,1994,1
Austria,1995,1
Austria,1996,1
Austria,1997,1
Austria,1998,1
Austria,1999,1
Austria,2000,1
Austria,2001,1
Austria,2002,1
Austria,2003,1
Austria,2004,1
Austria,2005,1
Austria,2006,1
Austria,2007,1
Austria,2008,1
Austria,2009,1
Austria,2010,1
Austria,2011,1
Austria,2012,1
Austria,2013,1
Austria,2014,1
Austria,2015,1
Austria,2016,1
Austria,2017,1
Austria,2018,1
Austria,2019,1
Austria,2020,1
Austria,2021,1
Austria,2022,1
Austria,2023,1
Austria,2024,1
Austria,2025,
Bahamas (the),1974,1
Bahamas (the),1975,1
Bahamas (the),1976,1
Bahamas (the),1977,1
Bahamas (the),1978,1
Bahamas (the),1979,1
Bahamas (the),1980,1
Bahamas (the),1981,1
Bahamas (the),1982,
Bahamas (the),1983,2
Bahamas (the),1984,2
Bahamas (the),1985,2
Bahamas (the),1986,2
Bahamas (the),1987,2
Bahamas (the),1988,2
Bahamas (the),1989,2
Bahamas (the),1990,2
Bahamas (the),1991,2
Bahamas (the),1992,1
Bahamas (the),1993,1
Bahamas (the),1994,1
Bahamas (the),1995,1
Bahamas (the),1996,1
Bahamas (the),1997,1
Bahamas (the),1998,1
Bahamas (the),1999,1
Bahamas (the),2000,1
Bahamas (the),2001,1
Bahamas (the),2002,1
Bahamas (the),2003,1
Bahamas (the),2004,1
Bahamas (the),2005,1
Bahamas (the),2006,1
Bahamas (the),2007,1
Bahamas (the),2008,1
Bahamas (the),2009,1
Bahamas (the),2010,1
Bahamas (the),2011,1
Bahamas (the),2012,1
Bahamas (the),2013,1
Bahamas (the),2014,1
Bahamas (the),2015,1
Bahamas (the),2016,1
Bahamas (the),2017,1
Bahamas (the),2018,1
Bahamas (the),2019,1
Bahamas (the),2020,1
Bahamas (the),2021,1
Bahamas (the),2022,1
Bahamas (the),2023,1
Bahamas (the),2024,1
Bahamas (the),2025,
Bahrain,1972,6
Bahrain,1973,6
Bahrain,1974,4
Bahrain,1975,6
Bahrain,1976,6
Bahrain,1977,6
Bahrain,1978,6
Bahrain,1979,5
Bahrain,1980,5
Bahrain,1981,5
Bahrain,1982,
Bahrain,1983,5
Bahrain,1984,5
Bahrain,1985,5
Bahrain,1986,5
Bahrain,1987,5
Bahrain,1988,5
Bahrain,1989,6
Bahrain,1990,6
Bahrain,1991,6
Bahrain,1992,6
Bahrain,1993,6
Bahrain,1994,6
Bahrain,1995,6
Bahrain,1996,7
Bahrain,1997,7
Bahrain,1998,7
Bahrain,1999,7
Bahrain,2000,7
Bahrain,2001,6
Bahrain,2002,5
Bahrain,2003,5
Bahrain,2004,5
Bahrain,2005,5
Bahrain,2006,5
Bahrain,2007,5
Bahrain,2008,5
Bahrain,2009,6
Bahrain,2010,6
Bahrain,2011,6
Bahrain,2012,6
Bahrain,2013,6
Bahrain,2014,7
Bahrain,2015,7
Bahrain,2016,7
Bahrain,2017,7
Bahrain,2018,7
Bahrain,2019,7
Bahrain,2020,7
Bahrain,2021,7
Bahrain,2022,7
Bahrain,2023,7
Bahrain,2024,7
Bahrain,2025,
Bangladesh,1971,
Bangladesh,1972,2
Bangladesh,1973,4
Bangladesh,1974,4
Bangladesh,1975,7
Bangladesh,1976,7
Bangladesh,1977,6
Bangladesh,1978,4
Bangladesh,1979,3
Bangladesh,1980,3
Bangladesh,1981,5
Bangladesh,1982,
Bangladesh,1983,6
Bangladesh,1984,6
Bangladesh,1985,5
Bangladesh,1986,4
Bangladesh,1987,4
Bangladesh,1988,4
Bangladesh,1989,4
Bangladesh,1990,5
Bangladesh,1991,2
Bangladesh,1992,2
Bangladesh,1993,2
Bangladesh,1994,2
Bangladesh,1995,3
Bangladesh,1996,2
Bangladesh,1997,2
Bangladesh,1998,2
Bangladesh,1999,3
Bangladesh,2000,3
Bangladesh,2001,3
Bangladesh,2002,4
Bangladesh,2003,4
Bangladesh,2004,4
Bangladesh,2005,4
Bangladesh,2006,4
Bangladesh,2007,5
Bangladesh,2008,4
Bangladesh,2009,3
Bangladesh,2010,3
Bangladesh,2011,3
Bangladesh,2012,3
Bangladesh,2013,3
Bangladesh,2014,4
Bangladesh,2015,4
Bangladesh,2016,4
Bangladesh,2017,4
Bangladesh,2018,5
Bangladesh,2019,5
Bangladesh,2020,5
Bangladesh,2021,5
Bangladesh,2022,5
Bangladesh,2023,5
Bangladesh,2024,5
Bangladesh,2025,
Armenia,1992,4
Armenia,1993,3
Armenia,1994,3
Armenia,1995,4
Armenia,1996,5
Armenia,1997,5
Armenia,1998,4
Armenia,1999,4
Armenia,2000,4
Armenia,2001,4
Armenia,2002,4
Armenia,2003,4
Armenia,2004,5
Armenia,2005,5
Armenia,2006,5
Armenia,2007,5
Armenia,2008,6
Armenia,2009,6
Armenia,2010,6
Armenia,2011,6
Armenia,2012,5
Armenia,2013,5
Armenia,2014,5
Armenia,2015,5
Armenia,2016,5
Armenia,2017,5
Armenia,2018,4
Armenia,2019,4
Armenia,2020,4
Armenia,2021,4
Armenia,2022,4
Armenia,2023,4
Armenia,2024,4
Armenia,2025,
Barbados,1967,
Barbados,1968,
Barbados,1969,
Barbados,1970,
Barbados,1971,
Barbados,1972,1
Barbados,1973,1
Barbados,1974,1
Barbados,1975,1
Barbados,1976,1
Barbados,1977,1
Barbados,1978,1
Barbados,1979,1
Barbados,1980,1
Barbados,1981,1
Barbados,1982,
Barbados,1983,1
Barbados,1984,1
Barbados,1985,1
Barbados,1986,1
Barbados,1987,1
Barbados,1988,1
Barbados,1989,1
Barbados,1990,1
Barbados,1991,1
Barbados,1992,1
Barbados,1993,1
Barbados,1994,1
Barbados,1995,1
Barbados,1996,1
Barbados,1997,1
Barbados,1998,1
Barbados,1999,1
Barbados,2000,1
Barbados,2001,1
Barbados,2002,1
Barbados,2003,1
Barbados,2004,1
Barbados,2005,1
Barbados,2006,1
Barbados,2007,1
Barbados,2008,1
Barbados,2009,1
Barbados,2010,1
Barbados,2011,1
Barbados,2012,1
Barbados,2013,1
Barbados,2014,1
Barbados,2015,1
Barbados,2016,1
Barbados,2017,1
Barbados,2018,1
Barbados,2019,1
Barbados,2020,1
Barbados,2021,1
Barbados,2022,1
Barbados,2023,1
Barbados,2024,1
Barbados,2025,
Belgium,1946,
Belgium,1947,
Belgium,1948,
Belgium,1949,
Belgium,1950,
Belgium,1951,
Belgium,1952,
Belgium,1953,
Belgium,1954,
Belgium,1955,
Belgium,1956,
Belgium,1957,
Belgium,1958,
Belgium,1959,
Belgium,1960,
Belgium,1961,
Belgium,1962,
Belgium,1963,
Belgium,1964,
Belgium,1965,
Belgium,1966,
Belgium,1967,
Belgium,1968,
Belgium,1969,
Belgium,1970,
Belgium,1971,
Belgium,1972,1
Belgium,1973,1
Belgium,1974,1
Belgium,1975,1
Belgium,1976,1
Belgium,1977,1
Belgium,1978,1
Belgium,1979,1
Belgium,1980,1
Belgium,1981,1
Belgium,1982,
Belgium,1983,1
Belgium,1984,1
Belgium,1985,1
Belgium,1986,1
Belgium,1987,1
Belgium,1988,1
Belgium,1989,1
Belgium,1990,1
Belgium,1991,1
Belgium,1992,1
Belgium,1993,1
Belgium,1994,1
Belgium,1995,1
Belgium,1996,1
Belgium,1997,1
Belgium,1998,1
Belgium,1999,1
Belgium,2000,1
Belgium,2001,1
Belgium,2002,1
Belgium,2003,1
Belgium,2004,1
Belgium,2005,1
Belgium,2006,1
Belgium,2007,1
Belgium,2008,1
Belgium,2009,1
Belgium,2010,1
Belgium,2011,1
Belgium,2012,1
Belgium,2013,1
Belgium,2014,1
Belgium,2015,1
Belgium,2016,1
Belgium,2017,1
Belgium,2018,1
Belgium,2019,1
Belgium,2020,1
Belgium,2021,1
Belgium,2022,1
Belgium,2023,1
Belgium,2024,1
Belgium,2025,
Bhutan,1946,
Bhutan,1947,
Bhutan,1948,
Bhutan,1949,
Bhutan,1950,
Bhutan,1951,
Bhutan,1952,
Bhutan,1953,
Bhutan,1954,
Bhutan,1955,
Bhutan,1956,
Bhutan,1957,
Bhutan,1958,
Bhutan,1959,
Bhutan,1960,
Bhutan,1961,
Bhutan,1962,
Bhutan,1963,
Bhutan,1964,
Bhutan,1965,
Bhutan,1966,
Bhutan,1967,
Bhutan,1968,
Bhutan,1969,
Bhutan,1970,
Bhutan,1971,
Bhutan,1972,4
Bhutan,1973,4
Bhutan,1974,4
Bhutan,1975,4
Bhutan,1976,4
Bhutan,1977,4
Bhutan,1978,5
Bhutan,1979,5
Bhutan,1980,5
Bhutan,1981,5
Bhutan,1982,
Bhutan,1983,5
Bhutan,1984,5
Bhutan,1985,5
Bhutan,1986,5
Bhutan,1987,5
Bhutan,1988,5
Bhutan,1989,6
Bhutan,1990,6
Bhutan,1991,6
Bhutan,1992,7
Bhutan,1993,7
Bhutan,1994,7
Bhutan,1995,7
Bhutan,1996,7
Bhutan,1997,7
Bhutan,1998,7
Bhutan,1999,7
Bhutan,2000,7
Bhutan,2001,7
Bhutan,2002,6
Bhutan,2003,6
Bhutan,2004,6
Bhutan,2005,6
Bhutan,2006,6
Bhutan,2007,6
Bhutan,2008,4
Bhutan,2009,4
Bhutan,2010,4
Bhutan,2011,4
Bhutan,2012,4
Bhutan,2013,3
Bhutan,2014,3
Bhutan,2015,3
Bhutan,2016,3
Bhutan,2017,3
Bhutan,2018,3
Bhutan,2019,3
Bhutan,2020,2
Bhutan,2021,3
Bhutan,2022,3
Bhutan,2023,2
Bhutan,2024,2
Bhutan,2025,
Bolivia (Plurinational State of),1946,
Bolivia (Plurinational State of),1947,
Bolivia (Plurinational State of),1948,
Bolivia (Plurinational State of),1949,
Bolivia (Plurinational State of),1950,
Bolivia (Plurinational State of),1951,
Bolivia (Plurinational State of),1952,
Bolivia (Plurinational State of),1953,
Bolivia (Plurinational State of),1954,
Bolivia (Plurinational State of),1955,
Bolivia (Plurinational State of),1956,
Bolivia (Plurinational State of),1957,
Bolivia (Plurinational State of),1958,
Bolivia (Plurinational State of),1959,
Bolivia (Plurinational State of),1960,
Bolivia (Plurinational State of),1961,
Bolivia (Plurinational State of),1962,
Bolivia (Plurinational State of),1963,
Bolivia (Plurinational State of),1964,
Bolivia (Plurinational State of),1965,
Bolivia (Plurinational State of),1966,
Bolivia (Plurinational State of),1967,
Bolivia (Plurinational State of),1968,
Bolivia (Plurinational State of),1969,
Bolivia (Plurinational State of),1970,
Bolivia (Plurinational State of),1971,
Bolivia (Plurinational State of),1972,5
Bolivia (Plurinational State of),1973,5
Bolivia (Plurinational State of),1974,6
Bolivia (Plurinational State of),1975,6
Bolivia (Plurinational State of),1976,6
Bolivia (Plurinational State of),1977,6
Bolivia (Plurinational State of),1978,5
Bolivia (Plurinational State of),1979,3
Bolivia (Plurinational State of),1980,7
Bolivia (Plurinational State of),1981,7
Bolivia (Plurinational State of),1982,
Bolivia (Plurinational State of),1983,2
Bolivia (Plurinational State of),1984,2
Bolivia (Plurinational State of),1985,2
Bolivia (Plurinational State of),1986,2
Bolivia (Plurinational State of),1987,2
Bolivia (Plurinational State of),1988,2
Bolivia (Plurinational State of),1989,2
Bolivia (Plurinational State of),1990,2
Bolivia (Plurinational State of),1991,2
Bolivia (Plurinational State of),1992,2
Bolivia (Plurinational State of),1993,2
Bolivia (Plurinational State of),1994,2
Bolivia (Plurinational State of),1995,2
Bolivia (Plurinational State of),1996,2
Bolivia (Plurinational State of),1997,1
Bolivia (Plurinational State of),1998,1
Bolivia (Plurinational State of),1999,1
Bolivia (Plurinational State of),2000,1
Bolivia (Plurinational State of),2001,1
Bolivia (Plurinational State of),2002,2
Bolivia (Plurinational State of),2003,3
Bolivia (Plurinational State of),2004,3
Bolivia (Plurinational State of),2005,3
Bolivia (Plurinational State of),2006,3
Bolivia (Plurinational State of),2007,3
Bolivia (Plurinational State of),2008,3
Bolivia (Plurinational State of),2009,3
Bolivia (Plurinational State of),2010,3
Bolivia (Plurinational State of),2011,3
Bolivia (Plurinational State of),2012,3
Bolivia (Plurinational State of),2013,3
Bolivia (Plurinational State of),2014,3
Bolivia (Plurinational State of),2015,3
Bolivia (Plurinational State of),2016,3
Bolivia (Plurinational State of),2017,3
Bolivia (Plurinational State of),2018,3
Bolivia (Plurinational State of),2019,3
Bolivia (Plurinational State of),2020,3
Bolivia (Plurinational State of),2021,3
Bolivia (Plurinational State of),2022,3
Bolivia (Plurinational State of),2023,3
Bolivia (Plurinational State of),2024,3
Bolivia (Plurinational State of),2025,
Bosnia and Herzegovina,1992,6
Bosnia and Herzegovina,1993,6
Bosnia and Herzegovina,1994,6
Bosnia and Herzegovina,1995,6
Bosnia and Herzegovina,1996,5
Bosnia and Herzegovina,1997,5
Bosnia and Herzegovina,1998,5
Bosnia and Herzegovina,1999,5
Bosnia and Herzegovina,2000,5
Bosnia and Herzegovina,2001,5
Bosnia and Herzegovina,2002,4
Bosnia and Herzegovina,2003,4
Bosnia and Herzegovina,2004,4
Bosnia and Herzegovina,2005,4
Bosnia and Herzegovina,2006,3
Bosnia and Herzegovina,2007,4
Bosnia and Herzegovina,2008,4
Bosnia and Herzegovina,2009,4
Bosnia and Herzegovina,2010,4
Bosnia and Herzegovina,2011,4
Bosnia and Herzegovina,2012,3
Bosnia and Herzegovina,2013,3
Bosnia and Herzegovina,2014,4
Bosnia and Herzegovina,2015,4
Bosnia and Herzegovina,2016,4
Bosnia and Herzegovina,2017,4
Bosnia and Herzegovina,2018,4
Bosnia and Herzegovina,2019,4
Bosnia and Herzegovina,2020,4
Bosnia and Herzegovina,2021,4
Bosnia and Herzegovina,2022,4
Bosnia and Herzegovina,2023,5
Bosnia and Herzegovina,2024,5
Bosnia and Herzegovina,2025,
Botswana,1967,
Botswana,1968,
Botswana,1969,
Botswana,1970,
Botswana,1971,
Botswana,1972,3
Botswana,1973,2
Botswana,1974,2
Botswana,1975,2
Botswana,1976,2
Botswana,1977,2
Botswana,1978,2
Botswana,1979,2
Botswana,1980,2
Botswana,1981,2
Botswana,1982,
Botswana,1983,2
Botswana,1984,2
Botswana,1985,2
Botswana,1986,2
Botswana,1987,2
Botswana,1988,2
Botswana,1989,1
Botswana,1990,1
Botswana,1991,1
Botswana,1992,1
Botswana,1993,2
Botswana,1994,2
Botswana,1995,2
Botswana,1996,2
Botswana,1997,2
Botswana,1998,2
Botswana,1999,2
Botswana,2000,2
Botswana,2001,2
Botswana,2002,2
Botswana,2003,2
Botswana,2004,2
Botswana,2005,2
Botswana,2006,2
Botswana,2007,2
Botswana,2008,2
Botswana,2009,3
Botswana,2010,3
Botswana,2011,3
Botswana,2012,3
Botswana,2013,3
Botswana,2014,3
Botswana,2015,3
Botswana,2016,3
Botswana,2017,3
Botswana,2018,3
Botswana,2019,3
Botswana,2020,3
Botswana,2021,3
Botswana,2022,3
Botswana,2023,3
Botswana,2024,2
Botswana,2025,
Brazil,1946,
Brazil,1947,
Brazil,1948,
Brazil,1949,
Brazil,1950,
Brazil,1951,
Brazil,1952,
Brazil,1953,
Brazil,1954,
Brazil,1955,
Brazil,1956,
Brazil,1957,
Brazil,1958,
Brazil,1959,
Brazil,1960,
Brazil,1961,
Brazil,1962,
Brazil,1963,
Brazil,1964,
Brazil,1965,
Brazil,1966,
Brazil,1967,
Brazil,1968,
Brazil,1969,
Brazil,1970,
Brazil,1971,
Brazil,1972,5
Brazil,1973,5
Brazil,1974,4
Brazil,1975,4
Brazil,1976,4
Brazil,1977,4
Brazil,1978,4
Brazil,1979,4
Brazil,1980,4
Brazil,1981,4
Brazil,1982,
Brazil,1983,3
Brazil,1984,3
Brazil,1985,3
Brazil,1986,2
Brazil,1987,2
Brazil,1988,2
Brazil,1989,2
Brazil,1990,2
Brazil,1991,2
Brazil,1992,2
Brazil,1993,3
Brazil,1994,2
Brazil,1995,2
Brazil,1996,2
Brazil,1997,3
Brazil,1998,3
Brazil,1999,3
Brazil,2000,3
Brazil,2001,3
Brazil,2002,2
Brazil,2003,2
Brazil,2004,2
Brazil,2005,2
Brazil,2006,2
Brazil,2007,2
Brazil,2008,2
Brazil,2009,2
Brazil,2010,2
Brazil,2011,2
Brazil,2012,2
Brazil,2013,2
Brazil,2014,2
Brazil,2015,2
Brazil,2016,2
Brazil,2017,2
Brazil,2018,2
Brazil,2019,2
Brazil,2020,2
Brazil,2021,2
Brazil,2022,2
Brazil,2023,2
Brazil,2024,2
Brazil,2025,
Belize,1982,
Belize,1983,1
Belize,1984,2
Belize,1985,1
Belize,1986,1
Belize,1987,1
Belize,1988,1
Belize,1989,1
Belize,1990,1
Belize,1991,1
Belize,1992,1
Belize,1993,1
Belize,1994,1
Belize,1995,1
Belize,1996,1
Belize,1997,1
Belize,1998,1
Belize,1999,1
Belize,2000,1
Belize,2001,1
Belize,2002,1
Belize,2003,1
Belize,2004,1
Belize,2005,1
Belize,2006,1
Belize,2007,1
Belize,2008,1
Belize,2009,1
Belize,2010,1
Belize,2011,1
Belize,2012,1
Belize,2013,1
Belize,2014,1
Belize,2015,1
Belize,2016,1
Belize,2017,1
Belize,2018,1
Belize,2019,2
Belize,2020,2
Belize,2021,2
Belize,2022,2
Belize,2023,2
Belize,2024,2
Belize,2025,
Solomon Islands,1979,2
Solomon Islands,1980,2
Solomon Islands,1981,2
Solomon Islands,1982,
Solomon Islands,1983,2
Solomon Islands,1984,2
Solomon Islands,1985,2
Solomon Islands,1986,2
Solomon Islands,1987,2
Solomon Islands,1988,2
Solomon Islands,1989,1
Solomon Islands,1990,1
Solomon Islands,1991,1
Solomon Islands,1992,1
Solomon Islands,1993,1
Solomon Islands,1994,1
Solomon Islands,1995,1
Solomon Islands,1996,1
Solomon Islands,1997,1
Solomon Islands,1998,1
Solomon Islands,1999,1
Solomon Islands,2000,4
Solomon Islands,2001,4
Solomon Islands,2002,3
Solomon Islands,2003,3
Solomon Islands,2004,3
Solomon Islands,2005,3
Solomon Islands,2006,4
Solomon Islands,2007,4
Solomon Islands,2008,4
Solomon Islands,2009,4
Solomon Islands,2010,4
Solomon Islands,2011,4
Solomon Islands,2012,4
Solomon Islands,2013,4
Solomon Islands,2014,3
Solomon Islands,2015,3
Solomon Islands,2016,3
Solomon Islands,2017,3
Solomon Islands,2018,2
Solomon Islands,2019,2
Solomon Islands,2020,2
Solomon Islands,2021,2
Solomon Islands,2022,3
Solomon Islands,2023,3
Solomon Islands,2024,3
Solomon Islands,2025,
Brunei Darussalam,1984,6
Brunei Darussalam,1985,6
Brunei Darussalam,1986,6
Brunei Darussalam,1987,6
Brunei Darussalam,1988,6
Brunei Darussalam,1989,6
Brunei Darussalam,1990,6
Brunei Darussalam,1991,6
Brunei Darussalam,1992,7
Brunei Darussalam,1993,7
Brunei Darussalam,1994,7
Brunei Darussalam,1995,7
Brunei Darussalam,1996,7
Brunei Darussalam,1997,7
Brunei Darussalam,1998,7
Brunei Darussalam,1999,7
Brunei Darussalam,2000,7
Brunei Darussalam,2001,7
Brunei Darussalam,2002,6
Brunei Darussalam,2003,6
Brunei Darussalam,2004,6
Brunei Darussalam,2005,6
Brunei Darussalam,2006,6
Brunei Darussalam,2007,6
Brunei Darussalam,2008,6
Brunei Darussalam,2009,6
Brunei Darussalam,2010,6
Brunei Darussalam,2011,6
Brunei Darussalam,2012,6
Brunei Darussalam,2013,6
Brunei Darussalam,2014,6
Brunei Darussalam,2015,6
Brunei Darussalam,2016,6
Brunei Darussalam,2017,6
Brunei Darussalam,2018,6
Brunei Darussalam,2019,6
Brunei Darussalam,2020,6
Brunei Darussalam,2021,6
Brunei Darussalam,2022,6
Brunei Darussalam,2023,6
Brunei Darussalam,2024,6
Brunei Darussalam,2025,
Bulgaria,1946,
Bulgaria,1947,
Bulgaria,1948,
Bulgaria,1949,
Bulgaria,1950,
Bulgaria,1951,
Bulgaria,1952,
Bulgaria,1953,
Bulgaria,1954,
Bulgaria,1955,
Bulgaria,1956,
Bulgaria,1957,
Bulgaria,1958,
Bulgaria,1959,
Bulgaria,1960,
Bulgaria,1961,
Bulgaria,1962,
Bulgaria,1963,
Bulgaria,1964,
Bulgaria,1965,
Bulgaria,1966,
Bulgaria,1967,
Bulgaria,1968,
Bulgaria,1969,
Bulgaria,1970,
Bulgaria,1971,
Bulgaria,1972,7
Bulgaria,1973,7
Bulgaria,1974,7
Bulgaria,1975,7
Bulgaria,1976,7
Bulgaria,1977,7
Bulgaria,1978,7
Bulgaria,1979,7
Bulgaria,1980,7
Bulgaria,1981,7
Bulgaria,1982,
Bulgaria,1983,7
Bulgaria,1984,7
Bulgaria,1985,7
Bulgaria,1986,7
Bulgaria,1987,7
Bulgaria,1988,7
Bulgaria,1989,7
Bulgaria,1990,3
Bulgaria,1991,2
Bulgaria,1992,2
Bulgaria,1993,2
Bulgaria,1994,2
Bulgaria,1995,2
Bulgaria,1996,2
Bulgaria,1997,2
Bulgaria,1998,2
Bulgaria,1999,2
Bulgaria,2000,2
Bulgaria,2001,1
Bulgaria,2002,1
Bulgaria,2003,1
Bulgaria,2004,1
Bulgaria,2005,1
Bulgaria,2006,1
Bulgaria,2007,1
Bulgaria,2008,2
Bulgaria,2009,2
Bulgaria,2010,2
Bulgaria,2011,2
Bulgaria,2012,2
Bulgaria,2013,2
Bulgaria,2014,2
Bulgaria,2015,2
Bulgaria,2016,2
Bulgaria,2017,2
Bulgaria,2018,2
Bulgaria,2019,2
Bulgaria,2020,2
Bulgaria,2021,2
Bulgaria,2022,2
Bulgaria,2023,2
Bulgaria,2024,2
Bulgaria,2025,
Myanmar,1948,
Myanmar,1949,
Myanmar,1950,
Myanmar,1951,
Myanmar,1952,
Myanmar,1953,
Myanmar,1954,
Myanmar,1955,
Myanmar,1956,
Myanmar,1957,
Myanmar,1958,
Myanmar,1959,
Myanmar,1960,
Myanmar,1961,
Myanmar,1962,
Myanmar,1963,
Myanmar,1964,
Myanmar,1965,
Myanmar,1966,
Myanmar,1967,
Myanmar,1968,
Myanmar,1969,
Myanmar,1970,
Myanmar,1971,
Myanmar,1972,7
Myanmar,1973,7
Myanmar,1974,7
Myanmar,1975,6
Myanmar,1976,6
Myanmar,1977,7
Myanmar,1978,7
Myanmar,1979,7
Myanmar,1980,7
Myanmar,1981,7
Myanmar,1982,
Myanmar,1983,7
Myanmar,1984,7
Myanmar,1985,7
Myanmar,1986,7
Myanmar,1987,7
Myanmar,1988,7
Myanmar,1989,7
Myanmar,1990,7
Myanmar,1991,7
Myanmar,1992,7
Myanmar,1993,7
Myanmar,1994,7
Myanmar,1995,7
Myanmar,1996,7
Myanmar,1997,7
Myanmar,1998,7
Myanmar,1999,7
Myanmar,2000,7
Myanmar,2001,7
Myanmar,2002,7
Myanmar,2003,7
Myanmar,2004,7
Myanmar,2005,7
Myanmar,2006,7
Myanmar,2007,7
Myanmar,2008,7
Myanmar,2009,7
Myanmar,2010,7
Myanmar,2011,7
Myanmar,2012,6
Myanmar,2013,6
Myanmar,2014,6
Myanmar,2015,6
Myanmar,2016,5
Myanmar,2017,5
Myanmar,2018,5
Myanmar,2019,5
Myanmar,2020,5
Myanmar,2021,7
Myanmar,2022,7
Myanmar,2023,7
Myanmar,2024,7
Myanmar,2025,
Burundi,1963,
Burundi,1964,
Burundi,1965,
Burundi,1966,
Burundi,1967,
Burundi,1968,
Burundi,1969,
Burundi,1970,
Burundi,1971,
Burundi,1972,7
Burundi,1973,7
Burundi,1974,7
Burundi,1975,7
Burundi,1976,7
Burundi,1977,7
Burundi,1978,7
Burundi,1979,7
Burundi,1980,7
Burundi,1981,7
Burundi,1982,
Burundi,1983,6
Burundi,1984,7
Burundi,1985,7
Burundi,1986,7
Burundi,1987,7
Burundi,1988,7
Burundi,1989,7
Burundi,1990,7
Burundi,1991,7
Burundi,1992,6
Burundi,1993,7
Burundi,1994,6
Burundi,1995,6
Burundi,1996,7
Burundi,1997,7
Burundi,1998,7
Burundi,1999,6
Burundi,2000,6
Burundi,2001,6
Burundi,2002,6
Burundi,2003,5
Burundi,2004,5
Burundi,2005,3
Burundi,2006,4
Burundi,2007,4
Burundi,2008,4
Burundi,2009,4
Burundi,2010,5
Burundi,2011,5
Burundi,2012,5
Burundi,2013,5
Burundi,2014,6
Burundi,2015,7
Burundi,2016,7
Burundi,2017,7
Burundi,2018,7
Burundi,2019,7
Burundi,2020,7
Burundi,2021,7
Burundi,2022,7
Burundi,2023,7
Burundi,2024,7
Burundi,2025,
Belarus,1992,4
Belarus,1993,5
Belarus,1994,4
Belarus,1995,5
Belarus,1996,6
Belarus,1997,6
Belarus,1998,6
Belarus,1999,6
Belarus,2000,6
Belarus,2001,6
Belarus,2002,6
Belarus,2003,6
Belarus,2004,7
Belarus,2005,7
Belarus,2006,7
Belarus,2007,7
Belarus,2008,7
Belarus,2009,7
Belarus,2010,7
Belarus,2011,7
Belarus,2012,7
Belarus,2013,7
Belarus,2014,7
Belarus,2015,7
Belarus,2016,7
Belarus,2017,6
Belarus,2018,7
Belarus,2019,7
Belarus,2020,7
Belarus,2021,7
Belarus,2022,7
Belarus,2023,7
Belarus,2024,7
Belarus,2025,
Cambodia,1954,
Cambodia,1955,
Cambodia,1956,
Cambodia,1957,
Cambodia,1958,
Cambodia,1959,
Cambodia,1960,
Cambodia,1961,
Cambodia,1962,
Cambodia,1963,
Cambodia,1964,
Cambodia,1965,
Cambodia,1966,
Cambodia,1967,
Cambodia,1968,
Cambodia,1969,
Cambodia,1970,
Cambodia,1971,
Cambodia,1972,6
Cambodia,1973,6
Cambodia,1974,6
Cambodia,1975,7
Cambodia,1976,7
Cambodia,1977,7
Cambodia,1978,7
Cambodia,1979,7
Cambodia,1980,7
Cambodia,1981,7
Cambodia,1982,
Cambodia,1983,7
Cambodia,1984,7
Cambodia,1985,7
Cambodia,1986,7
Cambodia,1987,7
Cambodia,1988,7
Cambodia,1989,7
Cambodia,1990,7
Cambodia,1991,6
Cambodia,1992,6
Cambodia,1993,4
Cambodia,1994,4
Cambodia,1995,6
Cambodia,1996,6
Cambodia,1997,7
Cambodia,1998,6
Cambodia,1999,6
Cambodia,2000,6
Cambodia,2001,6
Cambodia,2002,6
Cambodia,2003,6
Cambodia,2004,6
Cambodia,2005,6
Cambodia,2006,6
Cambodia,2007,6
Cambodia,2008,6
Cambodia,2009,6
Cambodia,2010,6
Cambodia,2011,6
Cambodia,2012,6
Cambodia,2013,6
Cambodia,2014,6
Cambodia,2015,6
Cambodia,2016,6
Cambodia,2017,6
Cambodia,2018,6
Cambodia,2019,7
Cambodia,2020,7
Cambodia,2021,7
Cambodia,2022,7
Cambodia,2023,7
Cambodia,2024,7
Cambodia,2025,
Cameroon,1960,
Cameroon,1961,
Cameroon,1962,
Cameroon,1963,
Cameroon,1964,
Cameroon,1965,
Cameroon,1966,
Cameroon,1967,
Cameroon,1968,
Cameroon,1969,
Cameroon,1970,
Cameroon,1971,
Cameroon,1972,6
Cameroon,1973,6
Cameroon,1974,6
Cameroon,1975,6
Cameroon,1976,7
Cameroon,1977,6
Cameroon,1978,6
Cameroon,1979,6
Cameroon,1980,6
Cameroon,1981,6
Cameroon,1982,
Cameroon,1983,6
Cameroon,1984,6
Cameroon,1985,6
Cameroon,1986,6
Cameroon,1987,6
Cameroon,1988,6
Cameroon,1989,6
Cameroon,1990,6
Cameroon,1991,6
Cameroon,1992,6
Cameroon,1993,6
Cameroon,1994,6
Cameroon,1995,7
Cameroon,1996,7
Cameroon,1997,7
Cameroon,1998,7
Cameroon,1999,7
Cameroon,2000,7
Cameroon,2001,6
Cameroon,2002,6
Cameroon,2003,6
Cameroon,2004,6
Cameroon,2005,6
Cameroon,2006,6
Cameroon,2007,6
Cameroon,2008,6
Cameroon,2009,6
Cameroon,2010,6
Cameroon,2011,6
Cameroon,2012,6
Cameroon,2013,6
Cameroon,2014,6
Cameroon,2015,6
Cameroon,2016,6
Cameroon,2017,6
Cameroon,2018,6
Cameroon,2019,6
Cameroon,2020,6
Cameroon,2021,6
Cameroon,2022,6
Cameroon,2023,6
Cameroon,2024,6
Cameroon,2025,
Canada,1946,
Canada,1947,
Canada,1948,
Canada,1949,
Canada,1950,
Canada,1951,
Canada,1952,
Canada,1953,
Canada,1954,
Canada,1955,
Canada,1956,
Canada,1957,
Canada,1958,
Canada,1959,
Canada,1960,
Canada,1961,
Canada,1962,
Canada,1963,
Canada,1964,
Canada,1965,
Canada,1966,
Canada,1967,
Canada,1968,
Canada,1969,
Canada,1970,
Canada,1971,
Canada,1972,1
Canada,1973,1
Canada,1974,1
Canada,1975,1
Canada,1976,1
Canada,1977,1
Canada,1978,1
Canada,1979,1
Canada,1980,1
Canada,1981,1
Canada,1982,
Canada,1983,1
Canada,1984,1
Canada,1985,1
Canada,1986,1
Canada,1987,1
Canada,1988,1
Canada,1989,1
Canada,1990,1
Canada,1991,1
Canada,1992,1
Canada,1993,1
Canada,1994,1
Canada,1995,1
Canada,1996,1
Canada,1997,1
Canada,1998,1
Canada,1999,1
Canada,2000,1
Canada,2001,1
Canada,2002,1
Canada,2003,1
Canada,2004,1
Canada,2005,1
Canada,2006,1
Canada,2007,1
Canada,2008,1
Canada,2009,1
Canada,2010,1
Canada,2011,1
Canada,2012,1
Canada,2013,1
Canada,2014,1
Canada,2015,1
Canada,2016,1
Canada,2017,1
Canada,2018,1
Canada,2019,1
Canada,2020,1
Canada,2021,1
Canada,2022,1
Canada,2023,1
Canada,2024,1
Canada,2025,
Cabo Verde,1976,6
Cabo Verde,1977,6
Cabo Verde,1978,6
Cabo Verde,1979,6
Cabo Verde,1980,6
Cabo Verde,1981,6
Cabo Verde,1982,
Cabo Verde,1983,6
Cabo Verde,1984,6
Cabo Verde,1985,6
Cabo Verde,1986,6
Cabo Verde,1987,5
Cabo Verde,1988,5
Cabo Verde,1989,6
Cabo Verde,1990,5
Cabo Verde,1991,2
Cabo Verde,1992,1
Cabo Verde,1993,1
Cabo Verde,1994,1
Cabo Verde,1995,1
Cabo Verde,1996,1
Cabo Verde,1997,1
Cabo Verde,1998,1
Cabo Verde,1999,1
Cabo Verde,2000,1
Cabo Verde,2001,1
Cabo Verde,2002,1
Cabo Verde,2003,1
Cabo Verde,2004,1
Cabo Verde,2005,1
Cabo Verde,2006,1
Cabo Verde,2007,1
Cabo Verde,2008,1
Cabo Verde,2009,1
Cabo Verde,2010,1
Cabo Verde,2011,1
Cabo Verde,2012,1
Cabo Verde,2013,1
Cabo Verde,2014,1
Cabo Verde,2015,1
Cabo Verde,2016,1
Cabo Verde,2017,1
Cabo Verde,2018,1
Cabo Verde,2019,1
Cabo Verde,2020,1
Cabo Verde,2021,1
Cabo Verde,2022,1
Cabo Verde,2023,1
Cabo Verde,2024,1
Cabo Verde,2025,
Central African Republic (the),1961,
Central African Republic (the),1962,
Central African Republic (the),1963,
Central African Republic (the),1964,
Central African Republic (the),1965,
Central African Republic (the),1966,
Central African Republic (the),1967,
Central African Republic (the),1968,
Central African Republic (the),1969,
Central African Republic (the),1970,
Central African Republic (the),1971,
Central African Republic (the),1972,7
Central African Republic (the),1973,7
Central African Republic (the),1974,7
Central African Republic (the),1975,7
Central African Republic (the),1976,7
Central African Republic (the),1977,7
Central African Republic (the),1978,7
Central African Republic (the),1979,7
Central African Republic (the),1980,7
Central African Republic (the),1981,7
Central African Republic (the),1982,
Central African Republic (the),1983,7
Central African Republic (the),1984,7
Central African Republic (the),1985,7
Central African Republic (the),1986,7
Central African Republic (the),1987,6
Central African Republic (the),1988,6
Central African Republic (the),1989,6
Central African Republic (the),1990,6
Central African Republic (the),1991,6
Central African Republic (the),1992,6
Central African Republic (the),1993,3
Central African Republic (the),1994,3
Central African Republic (the),1995,3
Central African Republic (the),1996,3
Central African Republic (the),1997,3
Central African Republic (the),1998,3
Central African Republic (the),1999,3
Central African Republic (the),2000,3
Central African Republic (the),2001,5
Central African Republic (the),2002,5
Central African Republic (the),2003,7
Central African Republic (the),2004,6
Central African Republic (the),2005,5
Central African Republic (the),2006,5
Central African Republic (the),2007,5
Central African Republic (the),2008,5
Central African Republic (the),2009,5
Central African Republic (the),2010,5
Central African Republic (the),2011,5
Central African Republic (the),2012,5
Central African Republic (the),2013,7
Central African Republic (the),2014,7
Central African Republic (the),2015,7
Central African Republic (the),2016,7
Central African Republic (the),2017,7
Central African Republic (the),2018,7
Central African Republic (the),2019,7
Central African Republic (the),2020,7
Central African Republic (the),2021,7
Central African Republic (the),2022,7
Central African Republic (the),2023,7
Central African Republic (the),2024,7
Central African Republic (the),2025,
Sri Lanka,1948,
Sri Lanka,1949,
Sri Lanka,1950,
Sri Lanka,1951,
Sri Lanka,1952,
Sri Lanka,1953,
Sri Lanka,1954,
Sri Lanka,1955,
Sri Lanka,1956,
Sri Lanka,1957,
Sri Lanka,1958,
Sri Lanka,1959,
Sri Lanka,1960,
Sri Lanka,1961,
Sri Lanka,1962,
Sri Lanka,1963,
Sri Lanka,1964,
Sri Lanka,1965,
Sri Lanka,1966,
Sri Lanka,1967,
Sri Lanka,1968,
Sri Lanka,1969,
Sri Lanka,1970,
Sri Lanka,1971,
Sri Lanka,1972,2
Sri Lanka,1973,2
Sri Lanka,1974,2
Sri Lanka,1975,2
Sri Lanka,1976,2
Sri Lanka,1977,2
Sri Lanka,1978,2
Sri Lanka,1979,2
Sri Lanka,1980,2
Sri Lanka,1981,2
Sri Lanka,1982,
Sri Lanka,1983,3
Sri Lanka,1984,3
Sri Lanka,1985,3
Sri Lanka,1986,3
Sri Lanka,1987,3
Sri Lanka,1988,3
Sri Lanka,1989,4
Sri Lanka,1990,4
Sri Lanka,1991,4
Sri Lanka,1992,4
Sri Lanka,1993,4
Sri Lanka,1994,4
Sri Lanka,1995,4
Sri Lanka,1996,3
Sri Lanka,1997,3
Sri Lanka,1998,3
Sri Lanka,1999,3
Sri Lanka,2000,3
Sri Lanka,2001,3
Sri Lanka,2002,3
Sri Lanka,2003,3
Sri Lanka,2004,3
Sri Lanka,2005,3
Sri Lanka,2006,4
Sri Lanka,2007,4
Sri Lanka,2008,4
Sri Lanka,2009,4
Sri Lanka,2010,5
Sri Lanka,2011,5
Sri Lanka,2012,5
Sri Lanka,2013,5
Sri Lanka,2014,5
Sri Lanka,2015,4
Sri Lanka,2016,3
Sri Lanka,2017,3
Sri Lanka,2018,3
Sri Lanka,2019,4
Sri Lanka,2020,4
Sri Lanka,2021,4
Sri Lanka,2022,4
Sri Lanka,2023,4
Sri Lanka,2024,3
Sri Lanka,2025,
Chad,1961,
Chad,1962,
Chad,1963,
Chad,1964,
Chad,1965,
Chad,1966,
Chad,1967,
Chad,1968,
Chad,1969,
Chad,1970,
Chad,1971,
Chad,1972,6
Chad,1973,6
Chad,1974,6
Chad,1975,7
Chad,1976,7
Chad,1977,7
Chad,1978,6
Chad,1979,6
Chad,1980,7
Chad,1981,7
Chad,1982,
Chad,1983,7
Chad,1984,7
Chad,1985,7
Chad,1986,7
Chad,1987,6
Chad,1988,6
Chad,1989,7
Chad,1990,7
Chad,1991,6
Chad,1992,6
Chad,1993,6
Chad,1994,6
Chad,1995,6
Chad,1996,6
Chad,1997,6
Chad,1998,6
Chad,1999,6
Chad,2000,6
Chad,2001,6
Chad,2002,6
Chad,2003,6
Chad,2004,6
Chad,2005,6
Chad,2006,6
Chad,2007,7
Chad,2008,7
Chad,2009,7
Chad,2010,7
Chad,2011,7
Chad,2012,7
Chad,2013,7
Chad,2014,7
Chad,2015,7
Chad,2016,7
Chad,2017,7
Chad,2018,7
Chad,2019,7
Chad,2020,7
Chad,2021,7
Chad,2022,7
Chad,2023,7
Chad,2024,7
Chad,2025,
Chile,1946,
Chile,1947,
Chile,1948,
Chile,1949,
Chile,1950,
Chile,1951,
Chile,1952,
Chile,1953,
Chile,1954,
Chile,1955,
Chile,1956,
Chile,1957,
Chile,1958,
Chile,1959,
Chile,1960,
Chile,1961,
Chile,1962,
Chile,1963,
Chile,1964,
Chile,1965,
Chile,1966,
Chile,1967,
Chile,1968,
Chile,1969,
Chile,1970,
Chile,1971,
Chile,1972,1
Chile,1973,7
Chile,1974,7
Chile,1975,7
Chile,1976,7
Chile,1977,7
Chile,1978,6
Chile,1979,6
Chile,1980,6
Chile,1981,6
Chile,1982,
Chile,1983,6
Chile,1984,6
Chile,1985,6
Chile,1986,6
Chile,1987,6
Chile,1988,5
Chile,1989,4
Chile,1990,2
Chile,1991,2
Chile,1992,2
Chile,1993,2
Chile,1994,2
Chile,1995,2
Chile,1996,2
Chile,1997,2
Chile,1998,3
Chile,1999,2
Chile,2000,2
Chile,2001,2
Chile,2002,2
Chile,2003,1
Chile,2004,1
Chile,2005,1
Chile,2006,1
Chile,2007,1
Chile,2008,1
Chile,2009,1
Chile,2010,1
Chile,2011,1
Chile,2012,1
Chile,2013,1
Chile,2014,1
Chile,2015,1
Chile,2016,1
Chile,2017,1
Chile,2018,1
Chile,2019,1
Chile,2020,1
Chile,2021,1
Chile,2022,1
Chile,2023,1
Chile,2024,1
Chile,2025,
China,1946,
China,1947,
China,1948,
China,1949,
China,1950,
China,1951,
China,1952,
China,1953,
China,1954,
China,1955,
China,1956,
China,1957,
China,1958,
China,1959,
China,1960,
China,1961,
China,1962,
China,1963,
China,1964,
China,1965,
China,1966,
China,1967,
China,1968,
China,1969,
China,1970,
China,1971,
China,1972,7
China,1973,7
China,1974,7
China,1975,7
China,1976,7
China,1977,6
China,1978,6
China,1979,6
China,1980,6
China,1981,6
China,1982,
China,1983,6
China,1984,6
China,1985,6
China,1986,6
China,1987,6
China,1988,6
China,1989,7
China,1990,7
China,1991,7
China,1992,7
China,1993,7
China,1994,7
China,1995,7
China,1996,7
China,1997,7
China,1998,7
China,1999,7
China,2000,7
China,2001,7
China,2002,7
China,2003,7
China,2004,7
China,2005,7
China,2006,7
China,2007,7
China,2008,7
China,2009,7
China,2010,7
China,2011,7
China,2012,7
China,2013,7
China,2014,7
China,2015,7
China,2016,7
China,2017,7
China,2018,7
China,2019,7
China,2020,7
China,2021,7
China,2022,7
China,2023,7
China,2024,7
China,2025,
Taiwan (Province of China),1950,
Taiwan (Province of China),1951,
Taiwan (Province of China),1952,
Taiwan (Province of China),1953,
Taiwan (Province of China),1954,
Taiwan (Province of China),1955,
Taiwan (Province of China),1956,
Taiwan (Province of China),1957,
Taiwan (Province of China),1958,
Taiwan (Province of China),1959,
Taiwan (Province of China),1960,
Taiwan (Province of China),1961,
Taiwan (Province of China),1962,
Taiwan (Province of China),1963,
Taiwan (Province of China),1964,
Taiwan (Province of China),1965,
Taiwan (Province of China),1966,
Taiwan (Province of China),1967,
Taiwan (Province of China),1968,
Taiwan (Province of China),1969,
Taiwan (Province of China),1970,
Taiwan (Province of China),1971,
Taiwan (Province of China),1972,6
Taiwan (Province of China),1973,6
Taiwan (Province of China),1974,6
Taiwan (Province of China),1975,6
Taiwan (Province of China),1976,5
Taiwan (Province of China),1977,5
Taiwan (Province of China),1978,5
Taiwan (Province of China),1979,5
Taiwan (Province of China),1980,5
Taiwan (Province of China),1981,5
Taiwan (Province of China),1982,
Taiwan (Province of China),1983,5
Taiwan (Province of China),1984,5
Taiwan (Province of China),1985,5
Taiwan (Province of China),1986,5
Taiwan (Province of China),1987,5
Taiwan (Province of China),1988,5
Taiwan (Province of China),1989,4
Taiwan (Province of China),1990,3
Taiwan (Province of China),1991,3
Taiwan (Province of China),1992,3
Taiwan (Province of China),1993,4
Taiwan (Province of China),1994,3
Taiwan (Province of China),1995,3
Taiwan (Province of China),1996,2
Taiwan (Province of China),1997,2
Taiwan (Province of China),1998,2
Taiwan (Province of China),1999,2
Taiwan (Province of China),2000,1
Taiwan (Province of China),2001,1
Taiwan (Province of China),2002,2
Taiwan (Province of China),2003,2
Taiwan (Province of China),2004,2
Taiwan (Province of China),2005,1
Taiwan (Province of China),2006,2
Taiwan (Province of China),2007,2
Taiwan (Province of China),2008,2
Taiwan (Province of China),2009,1
Taiwan (Province of China),2010,1
Taiwan (Province of China),2011,1
Taiwan (Province of China),2012,1
Taiwan (Province of China),2013,1
Taiwan (Province of China),2014,1
Taiwan (Province of China),2015,1
Taiwan (Province of China),2016,1
Taiwan (Province of China),2017,1
Taiwan (Province of China),2018,1
Taiwan (Province of China),2019,1
Taiwan (Province of China),2020,1
Taiwan (Province of China),2021,1
Taiwan (Province of China),2022,1
Taiwan (Province of China),2023,1
Taiwan (Province of China),2024,1
Taiwan (Province of China),2025,
Colombia,1946,
Colombia,1947,
Colombia,1948,
Colombia,1949,
Colombia,1950,
Colombia,1951,
Colombia,1952,
Colombia,1953,
Colombia,1954,
Colombia,1955,
Colombia,1956,
Colombia,1957,
Colombia,1958,
Colombia,1959,
Colombia,1960,
Colombia,1961,
Colombia,1962,
Colombia,1963,
Colombia,1964,
Colombia,1965,
Colombia,1966,
Colombia,1967,
Colombia,1968,
Colombia,1969,
Colombia,1970,
Colombia,1971,
Colombia,1972,2
Colombia,1973,2
Colombia,1974,2
Colombia,1975,2
Colombia,1976,2
Colombia,1977,2
Colombia,1978,2
Colombia,1979,2
Colombia,1980,2
Colombia,1981,2
Colombia,1982,
Colombia,1983,2
Colombia,1984,2
Colombia,1985,2
Colombia,1986,2
Colombia,1987,2
Colombia,1988,2
Colombia,1989,3
Colombia,1990,3
Colombia,1991,2
Colombia,1992,2
Colombia,1993,2
Colombia,1994,3
Colombia,1995,4
Colombia,1996,4
Colombia,1997,4
Colombia,1998,3
Colombia,1999,4
Colombia,2000,4
Colombia,2001,4
Colombia,2002,4
Colombia,2003,4
Colombia,2004,4
Colombia,2005,3
Colombia,2006,3
Colombia,2007,3
Colombia,2008,3
Colombia,2009,3
Colombia,2010,3
Colombia,2011,3
Colombia,2012,3
Colombia,2013,3
Colombia,2014,3
Colombia,2015,3
Colombia,2016,3
Colombia,2017,3
Colombia,2018,3
Colombia,2019,3
Colombia,2020,3
Colombia,2021,3
Colombia,2022,2
Colombia,2023,2
Colombia,2024,2
Colombia,2025,
Comoros (the),1976,5
Comoros (the),1977,4
Comoros (the),1978,5
Comoros (the),1979,4
Comoros (the),1980,4
Comoros (the),1981,4
Comoros (the),1982,
Comoros (the),1983,4
Comoros (the),1984,5
Comoros (the),1985,6
Comoros (the),1986,6
Comoros (the),1987,6
Comoros (the),1988,6
Comoros (the),1989,6
Comoros (the),1990,5
Comoros (the),1991,4
Comoros (the),1992,4
Comoros (the),1993,4
Comoros (the),1994,4
Comoros (the),1995,4
Comoros (the),1996,4
Comoros (the),1997,5
Comoros (the),1998,5
Comoros (the),1999,6
Comoros (the),2000,6
Comoros (the),2001,6
Comoros (the),2002,5
Comoros (the),2003,5
Comoros (the),2004,4
Comoros (the),2005,4
Comoros (the),2006,3
Comoros (the),2007,4
Comoros (the),2008,3
Comoros (the),2009,3
Comoros (the),2010,3
Comoros (the),2011,3
Comoros (the),2012,3
Comoros (the),2013,3
Comoros (the),2014,3
Comoros (the),2015,3
Comoros (the),2016,3
Comoros (the),2017,3
Comoros (the),2018,4
Comoros (the),2019,4
Comoros (the),2020,5
Comoros (the),2021,5
Comoros (the),2022,5
Comoros (the),2023,5
Comoros (the),2024,5
Comoros (the),2025,
Congo (the),1961,
Congo (the),1962,
Congo (the),1963,
Congo (the),1964,
Congo (the),1965,
Congo (the),1966,
Congo (the),1967,
Congo (the),1968,
Congo (the),1969,
Congo (the),1970,
Congo (the),1971,
Congo (the),1972,7
Congo (the),1973,5
Congo (the),1974,5
Congo (the),1975,5
Congo (the),1976,5
Congo (the),1977,7
Congo (the),1978,7
Congo (the),1979,7
Congo (the),1980,7
Congo (the),1981,7
Congo (the),1982,
Congo (the),1983,7
Congo (the),1984,7
Congo (the),1985,7
Congo (the),1986,7
Congo (the),1987,7
Congo (the),1988,7
Congo (the),1989,7
Congo (the),1990,6
Congo (the),1991,6
Congo (the),1992,3
Congo (the),1993,3
Congo (the),1994,4
Congo (the),1995,4
Congo (the),1996,4
Congo (the),1997,7
Congo (the),1998,7
Congo (the),1999,6
Congo (the),2000,6
Congo (the),2001,5
Congo (the),2002,6
Congo (the),2003,5
Congo (the),2004,5
Congo (the),2005,5
Congo (the),2006,6
Congo (the),2007,6
Congo (the),2008,6
Congo (the),2009,6
Congo (the),2010,6
Congo (the),2011,6
Congo (the),2012,6
Congo (the),2013,6
Congo (the),2014,6
Congo (the),2015,6
Congo (the),2016,7
Congo (the),2017,7
Congo (the),2018,7
Congo (the),2019,7
Congo (the),2020,7
Congo (the),2021,7
Congo (the),2022,7
Congo (the),2023,7
Congo (the),2024,7
Congo (the),2025,
Congo (the Democratic Republic of the),1960,
Congo (the Democratic Republic of the),1961,
Congo (the Democratic Republic of the),1962,
Congo (the Democratic Republic of the),1963,
Congo (the Democratic Republic of the),1964,
Congo (the Democratic Republic of the),1965,
Congo (the Democratic Republic of the),1966,
Congo (the Democratic Republic of the),1967,
Congo (the Democratic Republic of the),1968,
Congo (the Democratic Republic of the),1969,
Congo (the Democratic Republic of the),1970,
Congo (the Democratic Republic of the),1971,
Congo (the Democratic Republic of the),1972,7
Congo (the Democratic Republic of the),1973,7
Congo (the Democratic Republic of the),1974,7
Congo (the Democratic Republic of the),1975,7
Congo (the Democratic Republic of the),1976,7
Congo (the Democratic Republic of the),1977,6
Congo (the Democratic Republic of the),1978,6
Congo (the Democratic Republic of the),1979,6
Congo (the Democratic Republic of the),1980,6
Congo (the Democratic Republic of the),1981,6
Congo (the Democratic Republic of the),1982,
Congo (the Democratic Republic of the),1983,6
Congo (the Democratic Republic of the),1984,6
Congo (the Democratic Republic of the),1985,7
Congo (the Democratic Republic of the),1986,7
Congo (the Democratic Republic of the),1987,6
Congo (the Democratic Republic of the),1988,6
Congo (the Democratic Republic of the),1989,7
Congo (the Democratic Republic of the),1990,6
Congo (the Democratic Republic of the),1991,6
Congo (the Democratic Republic of the),1992,6
Congo (the Democratic Republic of the),1993,7
Congo (the Democratic Republic of the),1994,7
Congo (the Democratic Republic of the),1995,7
Congo (the Democratic Republic of the),1996,7
Congo (the Democratic Republic of the),1997,7
Congo (the Democratic Republic of the),1998,7
Congo (the Democratic Republic of the),1999,7
Congo (the Democratic Republic of the),2000,7
Congo (the Democratic Republic of the),2001,6
Congo (the Democratic Republic of the),2002,6
Congo (the Democratic Republic of the),2003,6
Congo (the Democratic Republic of the),2004,6
Congo (the Democratic Republic of the),2005,6
Congo (the Democratic Republic of the),2006,5
Congo (the Democratic Republic of the),2007,5
Congo (the Democratic Republic of the),2008,6
Congo (the Democratic Republic of the),2009,6
Congo (the Democratic Republic of the),2010,6
Congo (the Democratic Republic of the),2011,6
Congo (the Democratic Republic of the),2012,6
Congo (the Democratic Republic of the),2013,6
Congo (the Democratic Republic of the),2014,6
Congo (the Democratic Republic of the),2015,6
Congo (the Democratic Republic of the),2016,7
Congo (the Democratic Republic of the),2017,7
Congo (the Democratic Republic of the),2018,7
Congo (the Democratic Republic of the),2019,7
Congo (the Democratic Republic of the),2020,7
Congo (the Democratic Republic of the),2021,7
Congo (the Democratic Republic of the),2022,7
Congo (the Democratic Republic of the),2023,7
Congo (the Democratic Republic of the),2024,7
Congo (the Democratic Republic of the),2025,
Costa Rica,1946,
Costa Rica,1947,
Costa Rica,1948,
Costa Rica,1949,
Costa Rica,1950,
Costa Rica,1951,
Costa Rica,1952,
Costa Rica,1953,
Costa Rica,1954,
Costa Rica,1955,
Costa Rica,1956,
Costa Rica,1957,
Costa Rica,1958,
Costa Rica,1959,
Costa Rica,1960,
Costa Rica,1961,
Costa Rica,1962,
Costa Rica,1963,
Costa Rica,1964,
Costa Rica,1965,
Costa Rica,1966,
Costa Rica,1967,
Costa Rica,1968,
Costa Rica,1969,
Costa Rica,1970,
Costa Rica,1971,
Costa Rica,1972,1
Costa Rica,1973,1
Costa Rica,1974,1
Costa Rica,1975,1
Costa Rica,1976,1
Costa Rica,1977,1
Costa Rica,1978,1
Costa Rica,1979,1
Costa Rica,1980,1
Costa Rica,1981,1
Costa Rica,1982,
Costa Rica,1983,1
Costa Rica,1984,1
Costa Rica,1985,1
Costa Rica,1986,1
Costa Rica,1987,1
Costa Rica,1988,1
Costa Rica,1989,1
Costa Rica,1990,1
Costa Rica,1991,1
Costa Rica,1992,1
Costa Rica,1993,1
Costa Rica,1994,1
Costa Rica,1995,1
Costa Rica,1996,1
Costa Rica,1997,1
Costa Rica,1998,1
Costa Rica,1999,1
Costa Rica,2000,1
Costa Rica,2001,1
Costa Rica,2002,1
Costa Rica,2003,1
Costa Rica,2004,1
Costa Rica,2005,1
Costa Rica,2006,1
Costa Rica,2007,1
Costa Rica,2008,1
Costa Rica,2009,1
Costa Rica,2010,1
Costa Rica,2011,1
Costa Rica,2012,1
Costa Rica,2013,1
Costa Rica,2014,1
Costa Rica,2015,1
Costa Rica,2016,1
Costa Rica,2017,1
Costa Rica,2018,1
Costa Rica,2019,1
Costa Rica,2020,1
Costa Rica,2021,1
Costa Rica,2022,1
Costa Rica,2023,1
Costa Rica,2024,1
Costa Rica,2025,
Croatia,1992,4
Croatia,1993,4
Croatia,1994,4
Croatia,1995,4
Croatia,1996,4
Croatia,1997,4
Croatia,1998,4
Croatia,1999,4
Croatia,2000,2
Croatia,2001,2
Croatia,2002,2
Croatia,2003,2
Croatia,2004,2
Croatia,2005,2
Croatia,2006,2
Croatia,2007,2
Croatia,2008,2
Croatia,2009,1
Croatia,2010,1
Croatia,2011,1
Croatia,2012,1
Croatia,2013,1
Croatia,2014,1
Croatia,2015,1
Croatia,2016,1
Croatia,2017,1
Croatia,2018,1
Croatia,2019,1
Croatia,2020,1
Croatia,2021,1
Croatia,2022,2
Croatia,2023,2
Croatia,2024,2
Croatia,2025,
Cuba,1946,
Cuba,1947,
Cuba,1948,
Cuba,1949,
Cuba,1950,
Cuba,1951,
Cuba,1952,
Cuba,1953,
Cuba,1954,
Cuba,1955,
Cuba,1956,
Cuba,1957,
Cuba,1958,
Cuba,1959,
Cuba,1960,
Cuba,1961,
Cuba,1962,
Cuba,1963,
Cuba,1964,
Cuba,1965,
Cuba,1966,
Cuba,1967,
Cuba,1968,
Cuba,1969,
Cuba,1970,
Cuba,1971,
Cuba,1972,7
Cuba,1973,7
Cuba,1974,7
Cuba,1975,7
Cuba,1976,7
Cuba,1977,6
Cuba,1978,6
Cuba,1979,6
Cuba,1980,6
Cuba,1981,6
Cuba,1982,
Cuba,1983,6
Cuba,1984,6
Cuba,1985,6
Cuba,1986,6
Cuba,1987,6
Cuba,1988,7
Cuba,1989,7
Cuba,1990,7
Cuba,1991,7
Cuba,1992,7
Cuba,1993,7
Cuba,1994,7
Cuba,1995,7
Cuba,1996,7
Cuba,1997,7
Cuba,1998,7
Cuba,1999,7
Cuba,2000,7
Cuba,2001,7
Cuba,2002,7
Cuba,2003,7
Cuba,2004,7
Cuba,2005,7
Cuba,2006,7
Cuba,2007,7
Cuba,2008,7
Cuba,2009,7
Cuba,2010,7
Cuba,2011,7
Cuba,2012,7
Cuba,2013,7
Cuba,2014,7
Cuba,2015,7
Cuba,2016,7
Cuba,2017,7
Cuba,2018,7
Cuba,2019,7
Cuba,2020,7
Cuba,2021,7
Cuba,2022,7
Cuba,2023,7
Cuba,2024,7
Cuba,2025,
Cyprus,1975,4
Cyprus,1976,3
Cyprus,1977,3
Cyprus,1978,3
Cyprus,1979,3
Cyprus,1980,3
Cyprus,1981,1
Cyprus,1982,
Cyprus,1983,1
Cyprus,1984,1
Cyprus,1985,1
Cyprus,1986,1
Cyprus,1987,1
Cyprus,1988,1
Cyprus,1989,1
Cyprus,1990,1
Cyprus,1991,1
Cyprus,1992,1
Cyprus,1993,1
Cyprus,1994,1
Cyprus,1995,1
Cyprus,1996,1
Cyprus,1997,1
Cyprus,1998,1
Cyprus,1999,1
Cyprus,2000,1
Cyprus,2001,1
Cyprus,2002,1
Cyprus,2003,1
Cyprus,2004,1
Cyprus,2005,1
Cyprus,2006,1
Cyprus,2007,1
Cyprus,2008,1
Cyprus,2009,1
Cyprus,2010,1
Cyprus,2011,1
Cyprus,2012,1
Cyprus,2013,1
Cyprus,2014,1
Cyprus,2015,1
Cyprus,2016,1
Cyprus,2017,1
Cyprus,2018,1
Cyprus,2019,1
Cyprus,2020,1
Cyprus,2021,1
Cyprus,2022,1
Cyprus,2023,1
Cyprus,2024,1
Cyprus,2025,
Czechoslovakia,1946,
Czechoslovakia,1947,
Czechoslovakia,1948,
Czechoslovakia,1949,
Czechoslovakia,1950,
Czechoslovakia,1951,
Czechoslovakia,1952,
Czechoslovakia,1953,
Czechoslovakia,1954,
Czechoslovakia,1955,
Czechoslovakia,1956,
Czechoslovakia,1957,
Czechoslovakia,1958,
Czechoslovakia,1959,
Czechoslovakia,1960,
Czechoslovakia,1961,
Czechoslovakia,1962,
Czechoslovakia,1963,
Czechoslovakia,1964,
Czechoslovakia,1965,
Czechoslovakia,1966,
Czechoslovakia,1967,
Czechoslovakia,1968,
Czechoslovakia,1969,
Czechoslovakia,1970,
Czechoslovakia,1971,
Czechoslovakia,1972,7
Czechoslovakia,1973,7
Czechoslovakia,1974,7
Czechoslovakia,1975,7
Czechoslovakia,1976,7
Czechoslovakia,1977,7
Czechoslovakia,1978,7
Czechoslovakia,1979,7
Czechoslovakia,1980,7
Czechoslovakia,1981,7
Czechoslovakia,1982,
Czechoslovakia,1983,7
Czechoslovakia,1984,7
Czechoslovakia,1985,7
Czechoslovakia,1986,7
Czechoslovakia,1987,7
Czechoslovakia,1988,7
Czechoslovakia,1989,6
Czechoslovakia,1990,2
Czechoslovakia,1991,2
Czechoslovakia,1992,2
Czechia,1993,1
Czechia,1994,1
Czechia,1995,1
Czechia,1996,1
Czechia,1997,1
Czechia,1998,1
Czechia,1999,1
Czechia,2000,1
Czechia,2001,1
Czechia,2002,1
Czechia,2003,1
Czechia,2004,1
Czechia,2005,1
Czechia,2006,1
Czechia,2007,1
Czechia,2008,1
Czechia,2009,1
Czechia,2010,1
Czechia,2011,1
Czechia,2012,1
Czechia,2013,1
Czechia,2014,1
Czechia,2015,1
Czechia,2016,1
Czechia,2017,1
Czechia,2018,1
Czechia,2019,1
Czechia,2020,1
Czechia,2021,1
Czechia,2022,1
Czechia,2023,1
Czechia,2024,1
Czechia,2025,
Benin,1961,
Benin,1962,
Benin,1963,
Benin,1964,
Benin,1965,
Benin,1966,
Benin,1967,
Benin,1968,
Benin,1969,
Benin,1970,
Benin,1971,
Benin,1972,7
Benin,1973,7
Benin,1974,7
Benin,1975,7
Benin,1976,7
Benin,1977,7
Benin,1978,7
Benin,1979,7
Benin,1980,7
Benin,1981,7
Benin,1982,
Benin,1983,7
Benin,1984,7
Benin,1985,7
Benin,1986,7
Benin,1987,7
Benin,1988,7
Benin,1989,7
Benin,1990,6
Benin,1991,2
Benin,1992,2
Benin,1993,2
Benin,1994,2
Benin,1995,2
Benin,1996,2
Benin,1997,2
Benin,1998,2
Benin,1999,2
Benin,2000,2
Benin,2001,3
Benin,2002,3
Benin,2003,2
Benin,2004,2
Benin,2005,2
Benin,2006,2
Benin,2007,2
Benin,2008,2
Benin,2009,2
Benin,2010,2
Benin,2011,2
Benin,2012,2
Benin,2013,2
Benin,2014,2
Benin,2015,2
Benin,2016,2
Benin,2017,2
Benin,2018,2
Benin,2019,4
Benin,2020,4
Benin,2021,5
Benin,2022,5
Benin,2023,4
Benin,2024,4
Benin,2025,
Denmark,1946,
Denmark,1947,
Denmark,1948,
Denmark,1949,
Denmark,1950,
Denmark,1951,
Denmark,1952,
Denmark,1953,
Denmark,1954,
Denmark,1955,
Denmark,1956,
Denmark,1957,
Denmark,1958,
Denmark,1959,
Denmark,1960,
Denmark,1961,
Denmark,1962,
Denmark,1963,
Denmark,1964,
Denmark,1965,
Denmark,1966,
Denmark,1967,
Denmark,1968,
Denmark,1969,
Denmark,1970,
Denmark,1971,
Denmark,1972,1
Denmark,1973,1
Denmark,1974,1
Denmark,1975,1
Denmark,1976,1
Denmark,1977,1
Denmark,1978,1
Denmark,1979,1
Denmark,1980,1
Denmark,1981,1
Denmark,1982,
Denmark,1983,1
Denmark,1984,1
Denmark,1985,1
Denmark,1986,1
Denmark,1987,1
Denmark,1988,1
Denmark,1989,1
Denmark,1990,1
Denmark,1991,1
Denmark,1992,1
Denmark,1993,1
Denmark,1994,1
Denmark,1995,1
Denmark,1996,1
Denmark,1997,1
Denmark,1998,1
Denmark,1999,1
Denmark,2000,1
Denmark,2001,1
Denmark,2002,1
Denmark,2003,1
Denmark,2004,1
Denmark,2005,1
Denmark,2006,1
Denmark,2007,1
Denmark,2008,1
Denmark,2009,1
Denmark,2010,1
Denmark,2011,1
Denmark,2012,1
Denmark,2013,1
Denmark,2014,1
Denmark,2015,1
Denmark,2016,1
Denmark,2017,1
Denmark,2018,1
Denmark,2019,1
Denmark,2020,1
Denmark,2021,1
Denmark,2022,1
Denmark,2023,1
Denmark,2024,1
Denmark,2025,
Dominica,1979,2
Dominica,1980,2
Dominica,1981,2
Dominica,1982,
Dominica,1983,2
Dominica,1984,2
Dominica,1985,2
Dominica,1986,2
Dominica,1987,2
Dominica,1988,2
Dominica,1989,2
Dominica,1990,2
Dominica,1991,2
Dominica,1992,2
Dominica,1993,2
Dominica,1994,2
Dominica,1995,1
Dominica,1996,1
Dominica,1997,1
Dominica,1998,1
Dominica,1999,1
Dominica,2000,1
Dominica,2001,1
Dominica,2002,1
Dominica,2003,1
Dominica,2004,1
Dominica,2005,1
Dominica,2006,1
Dominica,2007,1
Dominica,2008,1
Dominica,2009,1
Dominica,2010,1
Dominica,2011,1
Dominica,2012,1
Dominica,2013,1
Dominica,2014,1
Dominica,2015,1
Dominica,2016,1
Dominica,2017,1
Dominica,2018,1
Dominica,2019,1
Dominica,2020,1
Dominica,2021,1
Dominica,2022,1
Dominica,2023,1
Dominica,2024,1
Dominica,2025,
Dominican Republic (the),1946,
Dominican Republic (the),1947,
Dominican Republic (the),1948,
Dominican Republic (the),1949,
Dominican Republic (the),1950,
Dominican Republic (the),1951,
Dominican Republic (the),1952,
Dominican Republic (the),1953,
Dominican Republic (the),1954,
Dominican Republic (the),1955,
Dominican Republic (the),1956,
Dominican Republic (the),1957,
Dominican Republic (the),1958,
Dominican Republic (the),1959,
Dominican Republic (the),1960,
Dominican Republic (the),1961,
Dominican Republic (the),1962,
Dominican Republic (the),1963,
Dominican Republic (the),1964,
Dominican Republic (the),1965,
Dominican Republic (the),1966,
Dominican Republic (the),1967,
Dominican Republic (the),1968,
Dominican Republic (the),1969,
Dominican Republic (the),1970,
Dominican Republic (the),1971,
Dominican Republic (the),1972,3
Dominican Republic (the),1973,3
Dominican Republic (the),1974,4
Dominican Republic (the),1975,4
Dominican Republic (the),1976,4
Dominican Republic (the),1977,4
Dominican Republic (the),1978,2
Dominican Republic (the),1979,2
Dominican Republic (the),1980,2
Dominican Republic (the),1981,1
Dominican Republic (the),1982,
Dominican Republic (the),1983,1
Dominican Republic (the),1984,1
Dominican Republic (the),1985,1
Dominican Republic (the),1986,1
Dominican Republic (the),1987,1
Dominican Republic (the),1988,1
Dominican Republic (the),1989,1
Dominican Republic (the),1990,2
Dominican Republic (the),1991,2
Dominican Republic (the),1992,2
Dominican Republic (the),1993,3
Dominican Republic (the),1994,4
Dominican Republic (the),1995,4
Dominican Republic (the),1996,3
Dominican Republic (the),1997,3
Dominican Republic (the),1998,2
Dominican Republic (the),1999,2
Dominican Republic (the),2000,2
Dominican Republic (the),2001,2
Dominican Republic (the),2002,2
Dominican Republic (the),2003,3
Dominican Republic (the),2004,2
Dominican Republic (the),2005,2
Dominican Republic (the),2006,2
Dominican Republic (the),2007,2
Dominican Republic (the),2008,2
Dominican Republic (the),2009,2
Dominican Republic (the),2010,2
Dominican Republic (the),2011,2
Dominican Republic (the),2012,2
Dominican Republic (the),2013,2
Dominican Republic (the),2014,2
Dominican Republic (the),2015,3
Dominican Republic (the),2016,3
Dominican Republic (the),2017,3
Dominican Republic (the),2018,3
Dominican Republic (the),2019,3
Dominican Republic (the),2020,3
Dominican Republic (the),2021,3
Dominican Republic (the),2022,3
Dominican Republic (the),2023,3
Dominican Republic (the),2024,3
Dominican Republic (the),2025,
Ecuador,1946,
Ecuador,1947,
Ecuador,1948,
Ecuador,1949,
Ecuador,1950,
Ecuador,1951,
Ecuador,1952,
Ecuador,1953,
Ecuador,1954,
Ecuador,1955,
Ecuador,1956,
Ecuador,1957,
Ecuador,1958,
Ecuador,1959,
Ecuador,1960,
Ecuador,1961,
Ecuador,1962,
Ecuador,1963,
Ecuador,1964,
Ecuador,1965,
Ecuador,1966,
Ecuador,1967,
Ecuador,1968,
Ecuador,1969,
Ecuador,1970,
Ecuador,1971,
Ecuador,1972,7
Ecuador,1973,7
Ecuador,1974,7
Ecuador,1975,7
Ecuador,1976,6
Ecuador,1977,6
Ecuador,1978,5
Ecuador,1979,2
Ecuador,1980,2
Ecuador,1981,2
Ecuador,1982,
Ecuador,1983,2
Ecuador,1984,2
Ecuador,1985,2
Ecuador,1986,2
Ecuador,1987,2
Ecuador,1988,2
Ecuador,1989,2
Ecuador,1990,2
Ecuador,1991,2
Ecuador,1992,2
Ecuador,1993,2
Ecuador,1994,2
Ecuador,1995,2
Ecuador,1996,2
Ecuador,1997,3
Ecuador,1998,2
Ecuador,1999,2
Ecuador,2000,3
Ecuador,2001,3
Ecuador,2002,3
Ecuador,2003,3
Ecuador,2004,3
Ecuador,2005,3
Ecuador,2006,3
Ecuador,2007,3
Ecuador,2008,3
Ecuador,2009,3
Ecuador,2010,3
Ecuador,2011,3
Ecuador,2012,3
Ecuador,2013,3
Ecuador,2014,3
Ecuador,2015,3
Ecuador,2016,3
Ecuador,2017,3
Ecuador,2018,3
Ecuador,2019,3
Ecuador,2020,3
Ecuador,2021,2
Ecuador,2022,2
Ecuador,2023,3
Ecuador,2024,3
Ecuador,2025,
El Salvador,1946,
El Salvador,1947,
El Salvador,1948,
El Salvador,1949,
El Salvador,1950,
El Salvador,1951,
El Salvador,1952,
El Salvador,1953,
El Salvador,1954,
El Salvador,1955,
El Salvador,1956,
El Salvador,1957,
El Salvador,1958,
El Salvador,1959,
El Salvador,1960,
El Salvador,1961,
El Salvador,1962,
El Salvador,1963,
El Salvador,1964,
El Salvador,1965,
El Salvador,1966,
El Salvador,1967,
El Salvador,1968,
El Salvador,1969,
El Salvador,1970,
El Salvador,1971,
El Salvador,1972,2
El Salvador,1973,2
El Salvador,1974,2
El Salvador,1975,2
El Salvador,1976,3
El Salvador,1977,4
El Salvador,1978,5
El Salvador,1979,5
El Salvador,1980,5
El Salvador,1981,4
El Salvador,1982,
El Salvador,1983,4
El Salvador,1984,3
El Salvador,1985,2
El Salvador,1986,3
El Salvador,1987,3
El Salvador,1988,3
El Salvador,1989,3
El Salvador,1990,3
El Salvador,1991,3
El Salvador,1992,3
El Salvador,1993,3
El Salvador,1994,3
El Salvador,1995,3
El Salvador,1996,3
El Salvador,1997,2
El Salvador,1998,2
El Salvador,1999,2
El Salvador,2000,2
El Salvador,2001,2
El Salvador,2002,2
El Salvador,2003,2
El Salvador,2004,2
El Salvador,2005,2
El Salvador,2006,2
El Salvador,2007,2
El Salvador,2008,2
El Salvador,2009,2
El Salvador,2010,2
El Salvador,2011,2
El Salvador,2012,2
El Salvador,2013,2
El Salvador,2014,2
El Salvador,2015,2
El Salvador,2016,2
El Salvador,2017,2
El Salvador,2018,2
El Salvador,2019,2
El Salvador,2020,2
El Salvador,2021,3
El Salvador,2022,3
El Salvador,2023,4
El Salvador,2024,5
El Salvador,2025,
Equatorial Guinea,1969,
Equatorial Guinea,1970,
Equatorial Guinea,1971,
Equatorial Guinea,1972,6
Equatorial Guinea,1973,6
Equatorial Guinea,1974,6
Equatorial Guinea,1975,6
Equatorial Guinea,1976,6
Equatorial Guinea,1977,7
Equatorial Guinea,1978,7
Equatorial Guinea,1979,7
Equatorial Guinea,1980,7
Equatorial Guinea,1981,7
Equatorial Guinea,1982,
Equatorial Guinea,1983,7
Equatorial Guinea,1984,7
Equatorial Guinea,1985,7
Equatorial Guinea,1986,7
Equatorial Guinea,1987,7
Equatorial Guinea,1988,7
Equatorial Guinea,1989,7
Equatorial Guinea,1990,7
Equatorial Guinea,1991,7
Equatorial Guinea,1992,7
Equatorial Guinea,1993,7
Equatorial Guinea,1994,7
Equatorial Guinea,1995,7
Equatorial Guinea,1996,7
Equatorial Guinea,1997,7
Equatorial Guinea,1998,7
Equatorial Guinea,1999,7
Equatorial Guinea,2000,7
Equatorial Guinea,2001,6
Equatorial Guinea,2002,7
Equatorial Guinea,2003,7
Equatorial Guinea,2004,7
Equatorial Guinea,2005,7
Equatorial Guinea,2006,7
Equatorial Guinea,2007,7
Equatorial Guinea,2008,7
Equatorial Guinea,2009,7
Equatorial Guinea,2010,7
Equatorial Guinea,2011,7
Equatorial Guinea,2012,7
Equatorial Guinea,2013,7
Equatorial Guinea,2014,7
Equatorial Guinea,2015,7
Equatorial Guinea,2016,7
Equatorial Guinea,2017,7
Equatorial Guinea,2018,7
Equatorial Guinea,2019,7
Equatorial Guinea,2020,7
Equatorial Guinea,2021,7
Equatorial Guinea,2022,7
Equatorial Guinea,2023,7
Equatorial Guinea,2024,7
Equatorial Guinea,2025,
Ethiopia,1946,
Ethiopia,1947,
Ethiopia,1948,
Ethiopia,1949,
Ethiopia,1950,
Ethiopia,1951,
Ethiopia,1952,
Ethiopia,1953,
Ethiopia,1954,
Ethiopia,1955,
Ethiopia,1956,
Ethiopia,1957,
Ethiopia,1958,
Ethiopia,1959,
Ethiopia,1960,
Ethiopia,1961,
Ethiopia,1962,
Ethiopia,1963,
Ethiopia,1964,
Ethiopia,1965,
Ethiopia,1966,
Ethiopia,1967,
Ethiopia,1968,
Ethiopia,1969,
Ethiopia,1970,
Ethiopia,1971,
Ethiopia,1972,5
Ethiopia,1973,5
Ethiopia,1974,6
Ethiopia,1975,7
Ethiopia,1976,7
Ethiopia,1977,7
Ethiopia,1978,7
Ethiopia,1979,7
Ethiopia,1980,7
Ethiopia,1981,7
Ethiopia,1982,
Ethiopia,1983,7
Ethiopia,1984,7
Ethiopia,1985,7
Ethiopia,1986,7
Ethiopia,1987,6
Ethiopia,1988,6
Ethiopia,1989,7
Ethiopia,1990,7
Ethiopia,1991,6
Ethiopia,1992,6
Ethiopia,1993,6
Ethiopia,1994,6
Ethiopia,1995,4
Ethiopia,1996,4
Ethiopia,1997,4
Ethiopia,1998,4
Ethiopia,1999,5
Ethiopia,2000,5
Ethiopia,2001,5
Ethiopia,2002,5
Ethiopia,2003,5
Ethiopia,2004,5
Ethiopia,2005,5
Ethiopia,2006,5
Ethiopia,2007,5
Ethiopia,2008,5
Ethiopia,2009,5
Ethiopia,2010,6
Ethiopia,2011,6
Ethiopia,2012,6
Ethiopia,2013,6
Ethiopia,2014,6
Ethiopia,2015,7
Ethiopia,2016,7
Ethiopia,2017,7
Ethiopia,2018,6
Ethiopia,2019,6
Ethiopia,2020,6
Ethiopia,2021,5
Ethiopia,2022,6
Ethiopia,2023,6
Ethiopia,2024,6
Ethiopia,2025,
Eritrea,1993,6
Eritrea,1994,6
Eritrea,1995,6
Eritrea,1996,6
Eritrea,1997,6
Eritrea,1998,6
Eritrea,1999,7
Eritrea,2000,7
Eritrea,2001,7
Eritrea,2002,7
Eritrea,2003,7
Eritrea,2004,7
Eritrea,2005,7
Eritrea,2006,7
Eritrea,2007,7
Eritrea,2008,7
Eritrea,2009,7
Eritrea,2010,7
Eritrea,2011,7
Eritrea,2012,7
Eritrea,2013,7
Eritrea,2014,7
Eritrea,2015,7
Eritrea,2016,7
Eritrea,2017,7
Eritrea,2018,7
Eritrea,2019,7
Eritrea,2020,7
Eritrea,2021,7
Eritrea,2022,7
Eritrea,2023,7
Eritrea,2024,7
Eritrea,2025,
Estonia,1992,3
Estonia,1993,3
Estonia,1994,3
Estonia,1995,2
Estonia,1996,1
Estonia,1997,1
Estonia,1998,1
Estonia,1999,1
Estonia,2000,1
Estonia,2001,1
Estonia,2002,1
Estonia,2003,1
Estonia,2004,1
Estonia,2005,1
Estonia,2006,1
Estonia,2007,1
Estonia,2008,1
Estonia,2009,1
Estonia,2010,1
Estonia,2011,1
Estonia,2012,1
Estonia,2013,1
Estonia,2014,1
Estonia,2015,1
Estonia,2016,1
Estonia,2017,1
Estonia,2018,1
Estonia,2019,1
Estonia,2020,1
Estonia,2021,1
Estonia,2022,1
Estonia,2023,1
Estonia,2024,1
Estonia,2025,
Fiji,1971,
Fiji,1972,2
Fiji,1973,2
Fiji,1974,2
Fiji,1975,2
Fiji,1976,2
Fiji,1977,2
Fiji,1978,2
Fiji,1979,2
Fiji,1980,2
Fiji,1981,2
Fiji,1982,
Fiji,1983,2
Fiji,1984,2
Fiji,1985,2
Fiji,1986,2
Fiji,1987,6
Fiji,1988,5
Fiji,1989,6
Fiji,1990,6
Fiji,1991,6
Fiji,1992,4
Fiji,1993,4
Fiji,1994,4
Fiji,1995,4
Fiji,1996,4
Fiji,1997,4
Fiji,1998,4
Fiji,1999,2
Fiji,2000,6
Fiji,2001,4
Fiji,2002,4
Fiji,2003,4
Fiji,2004,4
Fiji,2005,4
Fiji,2006,6
Fiji,2007,6
Fiji,2008,6
Fiji,2009,6
Fiji,2010,6
Fiji,2011,6
Fiji,2012,6
Fiji,2013,6
Fiji,2014,3
Fiji,2015,3
Fiji,2016,3
Fiji,2017,3
Fiji,2018,3
Fiji,2019,3
Fiji,2020,3
Fiji,2021,4
Fiji,2022,3
Fiji,2023,3
Fiji,2024,3
Fiji,2025,
Finland,1946,
Finland,1947,
Finland,1948,
Finland,1949,
Finland,1950,
Finland,1951,
Finland,1952,
Finland,1953,
Finland,1954,
Finland,1955,
Finland,1956,
Finland,1957,
Finland,1958,
Finland,1959,
Finland,1960,
Finland,1961,
Finland,1962,
Finland,1963,
Finland,1964,
Finland,1965,
Finland,1966,
Finland,1967,
Finland,1968,
Finland,1969,
Finland,1970,
Finland,1971,
Finland,1972,2
Finland,1973,2
Finland,1974,2
Finland,1975,2
Finland,1976,2
Finland,1977,2
Finland,1978,2
Finland,1979,2
Finland,1980,2
Finland,1981,2
Finland,1982,
Finland,1983,2
Finland,1984,2
Finland,1985,2
Finland,1986,2
Finland,1987,1
Finland,1988,1
Finland,1989,1
Finland,1990,1
Finland,1991,1
Finland,1992,1
Finland,1993,1
Finland,1994,1
Finland,1995,1
Finland,1996,1
Finland,1997,1
Finland,1998,1
Finland,1999,1
Finland,2000,1
Finland,2001,1
Finland,2002,1
Finland,2003,1
Finland,2004,1
Finland,2005,1
Finland,2006,1
Finland,2007,1
Finland,2008,1
Finland,2009,1
Finland,2010,1
Finland,2011,1
Finland,2012,1
Finland,2013,1
Finland,2014,1
Finland,2015,1
Finland,2016,1
Finland,2017,1
Finland,2018,1
Finland,2019,1
Finland,2020,1
Finland,2021,1
Finland,2022,1
Finland,2023,1
Finland,2024,1
Finland,2025,
France,1963,
France,1964,
France,1965,
France,1966,
France,1967,
France,1968,
France,1969,
France,1970,
France,1971,
France,1972,1
France,1973,1
France,1974,1
France,1975,1
France,1976,1
France,1977,1
France,1978,1
France,1979,1
France,1980,1
France,1981,1
France,1982,
France,1983,1
France,1984,1
France,1985,1
France,1986,1
France,1987,1
France,1988,1
France,1989,1
France,1990,1
France,1991,1
France,1992,1
France,1993,1
France,1994,1
France,1995,1
France,1996,1
France,1997,1
France,1998,1
France,1999,1
France,2000,1
France,2001,1
France,2002,1
France,2003,1
France,2004,1
France,2005,1
France,2006,1
France,2007,1
France,2008,1
France,2009,1
France,2010,1
France,2011,1
France,2012,1
France,2013,1
France,2014,1
France,2015,1
France,2016,1
France,2017,1
France,2018,1
France,2019,1
France,2020,1
France,2021,1
France,2022,1
France,2023,1
France,2024,1
France,2025,
Djibouti,1977,3
Djibouti,1978,3
Djibouti,1979,3
Djibouti,1980,3
Djibouti,1981,5
Djibouti,1982,
Djibouti,1983,5
Djibouti,1984,5
Djibouti,1985,6
Djibouti,1986,6
Djibouti,1987,6
Djibouti,1988,6
Djibouti,1989,6
Djibouti,1990,6
Djibouti,1991,6
Djibouti,1992,6
Djibouti,1993,6
Djibouti,1994,6
Djibouti,1995,5
Djibouti,1996,5
Djibouti,1997,5
Djibouti,1998,5
Djibouti,1999,4
Djibouti,2000,4
Djibouti,2001,4
Djibouti,2002,4
Djibouti,2003,5
Djibouti,2004,5
Djibouti,2005,5
Djibouti,2006,5
Djibouti,2007,5
Djibouti,2008,5
Djibouti,2009,5
Djibouti,2010,6
Djibouti,2011,6
Djibouti,2012,6
Djibouti,2013,6
Djibouti,2014,6
Djibouti,2015,6
Djibouti,2016,6
Djibouti,2017,6
Djibouti,2018,6
Djibouti,2019,7
Djibouti,2020,7
Djibouti,2021,7
Djibouti,2022,7
Djibouti,2023,7
Djibouti,2024,7
Djibouti,2025,
Gabon,1960,
Gabon,1961,
Gabon,1962,
Gabon,1963,
Gabon,1964,
Gabon,1965,
Gabon,1966,
Gabon,1967,
Gabon,1968,
Gabon,1969,
Gabon,1970,
Gabon,1971,
Gabon,1972,6
Gabon,1973,6
Gabon,1974,6
Gabon,1975,6
Gabon,1976,6
Gabon,1977,6
Gabon,1978,6
Gabon,1979,6
Gabon,1980,6
Gabon,1981,6
Gabon,1982,
Gabon,1983,6
Gabon,1984,6
Gabon,1985,6
Gabon,1986,6
Gabon,1987,6
Gabon,1988,6
Gabon,1989,6
Gabon,1990,4
Gabon,1991,4
Gabon,1992,4
Gabon,1993,5
Gabon,1994,5
Gabon,1995,5
Gabon,1996,5
Gabon,1997,5
Gabon,1998,5
Gabon,1999,5
Gabon,2000,5
Gabon,2001,5
Gabon,2002,5
Gabon,2003,5
Gabon,2004,5
Gabon,2005,6
Gabon,2006,6
Gabon,2007,6
Gabon,2008,6
Gabon,2009,6
Gabon,2010,6
Gabon,2011,6
Gabon,2012,6
Gabon,2013,6
Gabon,2014,6
Gabon,2015,6
Gabon,2016,6
Gabon,2017,7
Gabon,2018,7
Gabon,2019,7
Gabon,2020,7
Gabon,2021,7
Gabon,2022,7
Gabon,2023,7
Gabon,2024,7
Gabon,2025,
Georgia,1992,4
Georgia,1993,5
Georgia,1994,5
Georgia,1995,4
Georgia,1996,4
Georgia,1997,3
Georgia,1998,3
Georgia,1999,3
Georgia,2000,4
Georgia,2001,4
Georgia,2002,4
Georgia,2003,4
Georgia,2004,3
Georgia,2005,3
Georgia,2006,3
Georgia,2007,4
Georgia,2008,4
Georgia,2009,4
Georgia,2010,4
Georgia,2011,4
Georgia,2012,3
Georgia,2013,3
Georgia,2014,3
Georgia,2015,3
Georgia,2016,3
Georgia,2017,3
Georgia,2018,3
Georgia,2019,3
Georgia,2020,4
Georgia,2021,4
Georgia,2022,4
Georgia,2023,4
Georgia,2024,4
Georgia,2025,
Gambia (the),1965,
Gambia (the),1966,
Gambia (the),1967,
Gambia (the),1968,
Gambia (the),1969,
Gambia (the),1970,
Gambia (the),1971,
Gambia (the),1972,2
Gambia (the),1973,2
Gambia (the),1974,2
Gambia (the),1975,2
Gambia (the),1976,2
Gambia (the),1977,2
Gambia (the),1978,2
Gambia (the),1979,2
Gambia (the),1980,2
Gambia (the),1981,3
Gambia (the),1982,
Gambia (the),1983,3
Gambia (the),1984,3
Gambia (the),1985,3
Gambia (the),1986,3
Gambia (the),1987,3
Gambia (the),1988,3
Gambia (the),1989,2
Gambia (the),1990,2
Gambia (the),1991,2
Gambia (the),1992,1
Gambia (the),1993,2
Gambia (the),1994,7
Gambia (the),1995,7
Gambia (the),1996,7
Gambia (the),1997,7
Gambia (the),1998,7
Gambia (the),1999,7
Gambia (the),2000,7
Gambia (the),2001,5
Gambia (the),2002,4
Gambia (the),2003,4
Gambia (the),2004,4
Gambia (the),2005,5
Gambia (the),2006,5
Gambia (the),2007,5
Gambia (the),2008,5
Gambia (the),2009,5
Gambia (the),2010,5
Gambia (the),2011,6
Gambia (the),2012,6
Gambia (the),2013,6
Gambia (the),2014,6
Gambia (the),2015,7
Gambia (the),2016,6
Gambia (the),2017,4
Gambia (the),2018,4
Gambia (the),2019,4
Gambia (the),2020,4
Gambia (the),2021,4
Gambia (the),2022,4
Gambia (the),2023,4
Gambia (the),2024,4
Gambia (the),2025,
Germany,1991,1
Germany,1992,1
Germany,1993,1
Germany,1994,1
Germany,1995,1
Germany,1996,1
Germany,1997,1
Germany,1998,1
Germany,1999,1
Germany,2000,1
Germany,2001,1
Germany,2002,1
Germany,2003,1
Germany,2004,1
Germany,2005,1
Germany,2006,1
Germany,2007,1
Germany,2008,1
Germany,2009,1
Germany,2010,1
Germany,2011,1
Germany,2012,1
Germany,2013,1
Germany,2014,1
Germany,2015,1
Germany,2016,1
Germany,2017,1
Germany,2018,1
Germany,2019,1
Germany,2020,1
Germany,2021,1
Germany,2022,1
Germany,2023,1
Germany,2024,1
Germany,2025,
German Democratic Republic,1949,
German Democratic Republic,1950,
German Democratic Republic,1951,
German Democratic Republic,1952,
German Democratic Republic,1953,
German Democratic Republic,1954,
German Democratic Republic,1955,
German Democratic Republic,1956,
German Democratic Republic,1957,
German Democratic Republic,1958,
German Democratic Republic,1959,
German Democratic Republic,1960,
German Democratic Republic,1961,
German Democratic Republic,1962,
German Democratic Republic,1963,
German Democratic Republic,1964,
German Democratic Republic,1965,
German Democratic Republic,1966,
German Democratic Republic,1967,
German Democratic Republic,1968,
German Democratic Republic,1969,
German Democratic Republic,1970,
German Democratic Republic,1971,
German Democratic Republic,1972,7
German Democratic Republic,1973,7
German Democratic Republic,1974,7
German Democratic Republic,1975,7
German Democratic Republic,1976,7
German Democratic Republic,1977,7
German Democratic Republic,1978,7
German Democratic Republic,1979,7
German Democratic Republic,1980,7
German Democratic Republic,1981,7
German Democratic Republic,1982,
German Democratic Republic,1983,7
German Democratic Republic,1984,7
German Democratic Republic,1985,7
German Democratic Republic,1986,7
German Democratic Republic,1987,7
German Democratic Republic,1988,7
German Democratic Republic,1989,6
German Democratic Republic,1990,
Germany,1949,
Germany,1950,
Germany,1951,
Germany,1952,
Germany,1953,
Germany,1954,
Germany,1955,
Germany,1956,
Germany,1957,
Germany,1958,
Germany,1959,
Germany,1960,
Germany,1961,
Germany,1962,
Germany,1963,
Germany,1964,
Germany,1965,
Germany,1966,
Germany,1967,
Germany,1968,
Germany,1969,
Germany,1970,
Germany,1971,
Germany,1972,1
Germany,1973,1
Germany,1974,1
Germany,1975,1
Germany,1976,1
Germany,1977,1
Germany,1978,1
Germany,1979,1
Germany,1980,1
Germany,1981,1
Germany,1982,
Germany,1983,1
Germany,1984,1
Germany,1985,1
Germany,1986,1
Germany,1987,1
Germany,1988,1
Germany,1989,1
Germany,1990,1
Ghana,1957,
Ghana,1958,
Ghana,1959,
Ghana,1960,
Ghana,1961,
Ghana,1962,
Ghana,1963,
Ghana,1964,
Ghana,1965,
Ghana,1966,
Ghana,1967,
Ghana,1968,
Ghana,1969,
Ghana,1970,
Ghana,1971,
Ghana,1972,6
Ghana,1973,7
Ghana,1974,7
Ghana,1975,7
Ghana,1976,7
Ghana,1977,6
Ghana,1978,5
Ghana,1979,4
Ghana,1980,2
Ghana,1981,6
Ghana,1982,
Ghana,1983,6
Ghana,1984,7
Ghana,1985,7
Ghana,1986,7
Ghana,1987,7
Ghana,1988,6
Ghana,1989,6
Ghana,1990,6
Ghana,1991,6
Ghana,1992,5
Ghana,1993,5
Ghana,1994,5
Ghana,1995,4
Ghana,1996,3
Ghana,1997,3
Ghana,1998,3
Ghana,1999,3
Ghana,2000,2
Ghana,2001,2
Ghana,2002,2
Ghana,2003,2
Ghana,2004,2
Ghana,2005,1
Ghana,2006,1
Ghana,2007,1
Ghana,2008,1
Ghana,2009,1
Ghana,2010,1
Ghana,2011,1
Ghana,2012,1
Ghana,2013,1
Ghana,2014,1
Ghana,2015,1
Ghana,2016,1
Ghana,2017,1
Ghana,2018,1
Ghana,2019,2
Ghana,2020,2
Ghana,2021,2
Ghana,2022,2
Ghana,2023,2
Ghana,2024,2
Ghana,2025,
Kiribati,1980,2
Kiribati,1981,2
Kiribati,1982,
Kiribati,1983,1
Kiribati,1984,1
Kiribati,1985,1
Kiribati,1986,1
Kiribati,1987,1
Kiribati,1988,1
Kiribati,1989,1
Kiribati,1990,1
Kiribati,1991,1
Kiribati,1992,1
Kiribati,1993,1
Kiribati,1994,1
Kiribati,1995,1
Kiribati,1996,1
Kiribati,1997,1
Kiribati,1998,1
Kiribati,1999,1
Kiribati,2000,1
Kiribati,2001,1
Kiribati,2002,1
Kiribati,2003,1
Kiribati,2004,1
Kiribati,2005,1
Kiribati,2006,1
Kiribati,2007,1
Kiribati,2008,1
Kiribati,2009,1
Kiribati,2010,1
Kiribati,2011,1
Kiribati,2012,1
Kiribati,2013,1
Kiribati,2014,1
Kiribati,2015,1
Kiribati,2016,1
Kiribati,2017,1
Kiribati,2018,1
Kiribati,2019,1
Kiribati,2020,1
Kiribati,2021,1
Kiribati,2022,1
Kiribati,2023,1
Kiribati,2024,1
Kiribati,2025,
Greece,1946,
Greece,1947,
Greece,1948,
Greece,1949,
Greece,1950,
Greece,1951,
Greece,1952,
Greece,1953,
Greece,1954,
Greece,1955,
Greece,1956,
Greece,1957,
Greece,1958,
Greece,1959,
Greece,1960,
Greece,1961,
Greece,1962,
Greece,1963,
Greece,1964,
Greece,1965,
Greece,1966,
Greece,1967,
Greece,1968,
Greece,1969,
Greece,1970,
Greece,1971,
Greece,1972,6
Greece,1973,7
Greece,1974,2
Greece,1975,2
Greece,1976,2
Greece,1977,2
Greece,1978,2
Greece,1979,2
Greece,1980,1
Greece,1981,1
Greece,1982,
Greece,1983,1
Greece,1984,1
Greece,1985,2
Greece,1986,2
Greece,1987,2
Greece,1988,2
Greece,1989,1
Greece,1990,1
Greece,1991,1
Greece,1992,1
Greece,1993,1
Greece,1994,1
Greece,1995,1
Greece,1996,1
Greece,1997,1
Greece,1998,1
Greece,1999,1
Greece,2000,1
Greece,2001,1
Greece,2002,1
Greece,2003,1
Greece,2004,1
Greece,2005,1
Greece,2006,1
Greece,2007,1
Greece,2008,1
Greece,2009,1
Greece,2010,1
Greece,2011,2
Greece,2012,2
Greece,2013,2
Greece,2014,2
Greece,2015,2
Greece,2016,2
Greece,2017,2
Greece,2018,1
Greece,2019,1
Greece,2020,1
Greece,2021,1
Greece,2022,2
Greece,2023,2
Greece,2024,2
Greece,2025,
Grenada,1974,2
Grenada,1975,2
Grenada,1976,2
Grenada,1977,2
Grenada,1978,2
Grenada,1979,5
Grenada,1980,6
Grenada,1981,6
Grenada,1982,
Grenada,1983,7
Grenada,1984,5
Grenada,1985,2
Grenada,1986,2
Grenada,1987,2
Grenada,1988,2
Grenada,1989,2
Grenada,1990,2
Grenada,1991,1
Grenada,1992,1
Grenada,1993,1
Grenada,1994,1
Grenada,1995,1
Grenada,1996,1
Grenada,1997,1
Grenada,1998,1
Grenada,1999,1
Grenada,2000,1
Grenada,2001,1
Grenada,2002,1
Grenada,2003,1
Grenada,2004,1
Grenada,2005,1
Grenada,2006,1
Grenada,2007,1
Grenada,2008,1
Grenada,2009,1
Grenada,2010,1
Grenada,2011,1
Grenada,2012,1
Grenada,2013,1
Grenada,2014,1
Grenada,2015,1
Grenada,2016,1
Grenada,2017,1
Grenada,2018,1
Grenada,2019,1
Grenada,2020,1
Grenada,2021,1
Grenada,2022,1
Grenada,2023,1
Grenada,2024,1
Grenada,2025,
Guatemala,1946,
Guatemala,1947,
Guatemala,1948,
Guatemala,1949,
Guatemala,1950,
Guatemala,1951,
Guatemala,1952,
Guatemala,1953,
Guatemala,1954,
Guatemala,1955,
Guatemala,1956,
Guatemala,1957,
Guatemala,1958,
Guatemala,1959,
Guatemala,1960,
Guatemala,1961,
Guatemala,1962,
Guatemala,1963,
Guatemala,1964,
Guatemala,1965,
Guatemala,1966,
Guatemala,1967,
Guatemala,1968,
Guatemala,1969,
Guatemala,1970,
Guatemala,1971,
Guatemala,1972,2
Guatemala,1973,2
Guatemala,1974,4
Guatemala,1975,4
Guatemala,1976,4
Guatemala,1977,3
Guatemala,1978,3
Guatemala,1979,4
Guatemala,1980,6
Guatemala,1981,6
Guatemala,1982,
Guatemala,1983,6
Guatemala,1984,5
Guatemala,1985,4
Guatemala,1986,3
Guatemala,1987,3
Guatemala,1988,3
Guatemala,1989,3
Guatemala,1990,3
Guatemala,1991,3
Guatemala,1992,4
Guatemala,1993,4
Guatemala,1994,4
Guatemala,1995,4
Guatemala,1996,3
Guatemala,1997,3
Guatemala,1998,3
Guatemala,1999,3
Guatemala,2000,3
Guatemala,2001,3
Guatemala,2002,4
Guatemala,2003,4
Guatemala,2004,4
Guatemala,2005,4
Guatemala,2006,3
Guatemala,2007,3
Guatemala,2008,3
Guatemala,2009,4
Guatemala,2010,4
Guatemala,2011,3
Guatemala,2012,3
Guatemala,2013,3
Guatemala,2014,3
Guatemala,2015,4
Guatemala,2016,4
Guatemala,2017,4
Guatemala,2018,4
Guatemala,2019,4
Guatemala,2020,4
Guatemala,2021,4
Guatemala,2022,4
Guatemala,2023,5
Guatemala,2024,4
Guatemala,2025,
Guinea,1959,
Guinea,1960,
Guinea,1961,
Guinea,1962,
Guinea,1963,
Guinea,1964,
Guinea,1965,
Guinea,1966,
Guinea,1967,
Guinea,1968,
Guinea,1969,
Guinea,1970,
Guinea,1971,
Guinea,1972,7
Guinea,1973,7
Guinea,1974,7
Guinea,1975,7
Guinea,1976,7
Guinea,1977,7
Guinea,1978,7
Guinea,1979,7
Guinea,1980,7
Guinea,1981,7
Guinea,1982,
Guinea,1983,7
Guinea,1984,7
Guinea,1985,7
Guinea,1986,7
Guinea,1987,7
Guinea,1988,7
Guinea,1989,7
Guinea,1990,6
Guinea,1991,6
Guinea,1992,6
Guinea,1993,6
Guinea,1994,6
Guinea,1995,6
Guinea,1996,6
Guinea,1997,6
Guinea,1998,6
Guinea,1999,6
Guinea,2000,6
Guinea,2001,6
Guinea,2002,6
Guinea,2003,6
Guinea,2004,6
Guinea,2005,6
Guinea,2006,6
Guinea,2007,6
Guinea,2008,7
Guinea,2009,7
Guinea,2010,5
Guinea,2011,5
Guinea,2012,5
Guinea,2013,5
Guinea,2014,5
Guinea,2015,5
Guinea,2016,5
Guinea,2017,5
Guinea,2018,5
Guinea,2019,5
Guinea,2020,5
Guinea,2021,6
Guinea,2022,6
Guinea,2023,6
Guinea,2024,6
Guinea,2025,
Guyana,1966,
Guyana,1967,
Guyana,1968,
Guyana,1969,
Guyana,1970,
Guyana,1971,
Guyana,1972,2
Guyana,1973,4
Guyana,1974,7
Guyana,1975,4
Guyana,1976,3
Guyana,1977,3
Guyana,1978,4
Guyana,1979,4
Guyana,1980,5
Guyana,1981,5
Guyana,1982,
Guyana,1983,5
Guyana,1984,5
Guyana,1985,5
Guyana,1986,5
Guyana,1987,5
Guyana,1988,5
Guyana,1989,5
Guyana,1990,5
Guyana,1991,5
Guyana,1992,3
Guyana,1993,2
Guyana,1994,2
Guyana,1995,2
Guyana,1996,2
Guyana,1997,2
Guyana,1998,2
Guyana,1999,2
Guyana,2000,2
Guyana,2001,2
Guyana,2002,2
Guyana,2003,2
Guyana,2004,2
Guyana,2005,3
Guyana,2006,2
Guyana,2007,2
Guyana,2008,2
Guyana,2009,2
Guyana,2010,2
Guyana,2011,2
Guyana,2012,2
Guyana,2013,2
Guyana,2014,2
Guyana,2015,2
Guyana,2016,2
Guyana,2017,2
Guyana,2018,2
Guyana,2019,2
Guyana,2020,2
Guyana,2021,2
Guyana,2022,2
Guyana,2023,2
Guyana,2024,2
Guyana,2025,
Haiti,1946,
Haiti,1947,
Haiti,1948,
Haiti,1949,
Haiti,1950,
Haiti,1951,
Haiti,1952,
Haiti,1953,
Haiti,1954,
Haiti,1955,
Haiti,1956,
Haiti,1957,
Haiti,1958,
Haiti,1959,
Haiti,1960,
Haiti,1961,
Haiti,1962,
Haiti,1963,
Haiti,1964,
Haiti,1965,
Haiti,1966,
Haiti,1967,
Haiti,1968,
Haiti,1969,
Haiti,1970,
Haiti,1971,
Haiti,1972,7
Haiti,1973,6
Haiti,1974,6
Haiti,1975,6
Haiti,1976,6
Haiti,1977,7
Haiti,1978,7
Haiti,1979,7
Haiti,1980,7
Haiti,1981,7
Haiti,1982,
Haiti,1983,7
Haiti,1984,7
Haiti,1985,7
Haiti,1986,5
Haiti,1987,6
Haiti,1988,7
Haiti,1989,7
Haiti,1990,4
Haiti,1991,7
Haiti,1992,7
Haiti,1993,7
Haiti,1994,5
Haiti,1995,5
Haiti,1996,4
Haiti,1997,4
Haiti,1998,5
Haiti,1999,5
Haiti,2000,6
Haiti,2001,6
Haiti,2002,6
Haiti,2003,6
Haiti,2004,7
Haiti,2005,7
Haiti,2006,4
Haiti,2007,4
Haiti,2008,4
Haiti,2009,4
Haiti,2010,4
Haiti,2011,4
Haiti,2012,4
Haiti,2013,4
Haiti,2014,5
Haiti,2015,5
Haiti,2016,5
Haiti,2017,5
Haiti,2018,5
Haiti,2019,5
Haiti,2020,5
Haiti,2021,6
Haiti,2022,6
Haiti,2023,6
Haiti,2024,6
Haiti,2025,
Honduras,1946,
Honduras,1947,
Honduras,1948,
Honduras,1949,
Honduras,1950,
Honduras,1951,
Honduras,1952,
Honduras,1953,
Honduras,1954,
Honduras,1955,
Honduras,1956,
Honduras,1957,
Honduras,1958,
Honduras,1959,
Honduras,1960,
Honduras,1961,
Honduras,1962,
Honduras,1963,
Honduras,1964,
Honduras,1965,
Honduras,1966,
Honduras,1967,
Honduras,1968,
Honduras,1969,
Honduras,1970,
Honduras,1971,
Honduras,1972,7
Honduras,1973,6
Honduras,1974,6
Honduras,1975,6
Honduras,1976,6
Honduras,1977,6
Honduras,1978,6
Honduras,1979,6
Honduras,1980,4
Honduras,1981,2
Honduras,1982,
Honduras,1983,3
Honduras,1984,2
Honduras,1985,2
Honduras,1986,2
Honduras,1987,2
Honduras,1988,2
Honduras,1989,2
Honduras,1990,2
Honduras,1991,2
Honduras,1992,2
Honduras,1993,3
Honduras,1994,3
Honduras,1995,3
Honduras,1996,3
Honduras,1997,2
Honduras,1998,2
Honduras,1999,3
Honduras,2000,3
Honduras,2001,3
Honduras,2002,3
Honduras,2003,3
Honduras,2004,3
Honduras,2005,3
Honduras,2006,3
Honduras,2007,3
Honduras,2008,3
Honduras,2009,4
Honduras,2010,4
Honduras,2011,4
Honduras,2012,4
Honduras,2013,4
Honduras,2014,4
Honduras,2015,4
Honduras,2016,4
Honduras,2017,4
Honduras,2018,4
Honduras,2019,4
Honduras,2020,4
Honduras,2021,4
Honduras,2022,4
Honduras,2023,4
Honduras,2024,4
Honduras,2025,
Hungary,1946,
Hungary,1947,
Hungary,1948,
Hungary,1949,
Hungary,1950,
Hungary,1951,
Hungary,1952,
Hungary,1953,
Hungary,1954,
Hungary,1955,
Hungary,1956,
Hungary,1957,
Hungary,1958,
Hungary,1959,
Hungary,1960,
Hungary,1961,
Hungary,1962,
Hungary,1963,
Hungary,1964,
Hungary,1965,
Hungary,1966,
Hungary,1967,
Hungary,1968,
Hungary,1969,
Hungary,1970,
Hungary,1971,
Hungary,1972,6
Hungary,1973,6
Hungary,1974,6
Hungary,1975,6
Hungary,1976,6
Hungary,1977,6
Hungary,1978,6
Hungary,1979,6
Hungary,1980,6
Hungary,1981,6
Hungary,1982,
Hungary,1983,6
Hungary,1984,6
Hungary,1985,5
Hungary,1986,5
Hungary,1987,5
Hungary,1988,5
Hungary,1989,4
Hungary,1990,2
Hungary,1991,2
Hungary,1992,2
Hungary,1993,1
Hungary,1994,1
Hungary,1995,1
Hungary,1996,1
Hungary,1997,1
Hungary,1998,1
Hungary,1999,1
Hungary,2000,1
Hungary,2001,1
Hungary,2002,1
Hungary,2003,1
Hungary,2004,1
Hungary,2005,1
Hungary,2006,1
Hungary,2007,1
Hungary,2008,1
Hungary,2009,1
Hungary,2010,1
Hungary,2011,1
Hungary,2012,1
Hungary,2013,1
Hungary,2014,2
Hungary,2015,2
Hungary,2016,3
Hungary,2017,3
Hungary,2018,3
Hungary,2019,3
Hungary,2020,3
Hungary,2021,3
Hungary,2022,3
Hungary,2023,3
Hungary,2024,3
Hungary,2025,
Iceland,1946,
Iceland,1947,
Iceland,1948,
Iceland,1949,
Iceland,1950,
Iceland,1951,
Iceland,1952,
Iceland,1953,
Iceland,1954,
Iceland,1955,
Iceland,1956,
Iceland,1957,
Iceland,1958,
Iceland,1959,
Iceland,1960,
Iceland,1961,
Iceland,1962,
Iceland,1963,
Iceland,1964,
Iceland,1965,
Iceland,1966,
Iceland,1967,
Iceland,1968,
Iceland,1969,
Iceland,1970,
Iceland,1971,
Iceland,1972,1
Iceland,1973,1
Iceland,1974,1
Iceland,1975,1
Iceland,1976,1
Iceland,1977,1
Iceland,1978,1
Iceland,1979,1
Iceland,1980,1
Iceland,1981,1
Iceland,1982,
Iceland,1983,1
Iceland,1984,1
Iceland,1985,1
Iceland,1986,1
Iceland,1987,1
Iceland,1988,1
Iceland,1989,1
Iceland,1990,1
Iceland,1991,1
Iceland,1992,1
Iceland,1993,1
Iceland,1994,1
Iceland,1995,1
Iceland,1996,1
Iceland,1997,1
Iceland,1998,1
Iceland,1999,1
Iceland,2000,1
Iceland,2001,1
Iceland,2002,1
Iceland,2003,1
Iceland,2004,1
Iceland,2005,1
Iceland,2006,1
Iceland,2007,1
Iceland,2008,1
Iceland,2009,1
Iceland,2010,1
Iceland,2011,1
Iceland,2012,1
Iceland,2013,1
Iceland,2014,1
Iceland,2015,1
Iceland,2016,1
Iceland,2017,1
Iceland,2018,1
Iceland,2019,1
Iceland,2020,1
Iceland,2021,1
Iceland,2022,1
Iceland,2023,1
Iceland,2024,1
Iceland,2025,
India,1948,
India,1949,
India,1950,
India,1951,
India,1952,
India,1953,
India,1954,
India,1955,
India,1956,
India,1957,
India,1958,
India,1959,
India,1960,
India,1961,
India,1962,
India,1963,
India,1964,
India,1965,
India,1966,
India,1967,
India,1968,
India,1969,
India,1970,
India,1971,
India,1972,2
India,1973,2
India,1974,2
India,1975,2
India,1976,3
India,1977,2
India,1978,2
India,1979,2
India,1980,2
India,1981,2
India,1982,
India,1983,2
India,1984,2
India,1985,2
India,1986,2
India,1987,2
India,1988,2
India,1989,2
India,1990,2
India,1991,3
India,1992,3
India,1993,4
India,1994,4
India,1995,4
India,1996,2
India,1997,2
India,1998,2
India,1999,2
India,2000,2
India,2001,2
India,2002,2
India,2003,2
India,2004,2
India,2005,2
India,2006,2
India,2007,2
India,2008,2
India,2009,2
India,2010,2
India,2011,2
India,2012,2
India,2013,2
India,2014,2
India,2015,2
India,2016,2
India,2017,2
India,2018,2
India,2019,2
India,2020,2
India,2021,2
India,2022,2
India,2023,2
India,2024,2
India,2025,
Indonesia,1950,
Indonesia,1951,
Indonesia,1952,
Indonesia,1953,
Indonesia,1954,
Indonesia,1955,
Indonesia,1956,
Indonesia,1957,
Indonesia,1958,
Indonesia,1959,
Indonesia,1960,
Indonesia,1961,
Indonesia,1962,
Indonesia,1963,
Indonesia,1964,
Indonesia,1965,
Indonesia,1966,
Indonesia,1967,
Indonesia,1968,
Indonesia,1969,
Indonesia,1970,
Indonesia,1971,
Indonesia,1972,5
Indonesia,1973,5
Indonesia,1974,5
Indonesia,1975,5
Indonesia,1976,5
Indonesia,1977,5
Indonesia,1978,5
Indonesia,1979,5
Indonesia,1980,5
Indonesia,1981,5
Indonesia,1982,
Indonesia,1983,5
Indonesia,1984,5
Indonesia,1985,5
Indonesia,1986,5
Indonesia,1987,5
Indonesia,1988,5
Indonesia,1989,5
Indonesia,1990,6
Indonesia,1991,6
Indonesia,1992,6
Indonesia,1993,7
Indonesia,1994,7
Indonesia,1995,7
Indonesia,1996,7
Indonesia,1997,7
Indonesia,1998,6
Indonesia,1999,4
Indonesia,2000,3
Indonesia,2001,3
Indonesia,2002,3
Indonesia,2003,3
Indonesia,2004,3
Indonesia,2005,2
Indonesia,2006,2
Indonesia,2007,2
Indonesia,2008,2
Indonesia,2009,2
Indonesia,2010,2
Indonesia,2011,2
Indonesia,2012,2
Indonesia,2013,2
Indonesia,2014,2
Indonesia,2015,2
Indonesia,2016,2
Indonesia,2017,2
Indonesia,2018,2
Indonesia,2019,2
Indonesia,2020,2
Indonesia,2021,2
Indonesia,2022,2
Indonesia,2023,3
Indonesia,2024,3
Indonesia,2025,
Iran (Islamic Republic of),1946,
Iran (Islamic Republic of),1947,
Iran (Islamic Republic of),1948,
Iran (Islamic Republic of),1949,
Iran (Islamic Republic of),1950,
Iran (Islamic Republic of),1951,
Iran (Islamic Republic of),1952,
Iran (Islamic Republic of),1953,
Iran (Islamic Republic of),1954,
Iran (Islamic Republic of),1955,
Iran (Islamic Republic of),1956,
Iran (Islamic Republic of),1957,
Iran (Islamic Republic of),1958,
Iran (Islamic Republic of),1959,
Iran (Islamic Republic of),1960,
Iran (Islamic Republic of),1961,
Iran (Islamic Republic of),1962,
Iran (Islamic Republic of),1963,
Iran (Islamic Republic of),1964,
Iran (Islamic Republic of),1965,
Iran (Islamic Republic of),1966,
Iran (Islamic Republic of),1967,
Iran (Islamic Republic of),1968,
Iran (Islamic Republic of),1969,
Iran (Islamic Republic of),1970,
Iran (Islamic Republic of),1971,
Iran (Islamic Republic of),1972,5
Iran (Islamic Republic of),1973,5
Iran (Islamic Republic of),1974,5
Iran (Islamic Republic of),1975,6
Iran (Islamic Republic of),1976,6
Iran (Islamic Republic of),1977,6
Iran (Islamic Republic of),1978,5
Iran (Islamic Republic of),1979,5
Iran (Islamic Republic of),1980,5
Iran (Islamic Republic of),1981,6
Iran (Islamic Republic of),1982,
Iran (Islamic Republic of),1983,6
Iran (Islamic Republic of),1984,5
Iran (Islamic Republic of),1985,5
Iran (Islamic Republic of),1986,5
Iran (Islamic Republic of),1987,5
Iran (Islamic Republic of),1988,5
Iran (Islamic Republic of),1989,6
Iran (Islamic Republic of),1990,6
Iran (Islamic Republic of),1991,6
Iran (Islamic Republic of),1992,6
Iran (Islamic Republic of),1993,6
Iran (Islamic Republic of),1994,6
Iran (Islamic Republic of),1995,6
Iran (Islamic Republic of),1996,6
Iran (Islamic Republic of),1997,6
Iran (Islamic Republic of),1998,6
Iran (Islamic Republic of),1999,6
Iran (Islamic Republic of),2000,6
Iran (Islamic Republic of),2001,6
Iran (Islamic Republic of),2002,6
Iran (Islamic Republic of),2003,6
Iran (Islamic Republic of),2004,6
Iran (Islamic Republic of),2005,6
Iran (Islamic Republic of),2006,6
Iran (Islamic Republic of),2007,6
Iran (Islamic Republic of),2008,6
Iran (Islamic Republic of),2009,6
Iran (Islamic Republic of),2010,6
Iran (Islamic Republic of),2011,6
Iran (Islamic Republic of),2012,6
Iran (Islamic Republic of),2013,6
Iran (Islamic Republic of),2014,6
Iran (Islamic Republic of),2015,6
Iran (Islamic Republic of),2016,6
Iran (Islamic Republic of),2017,6
Iran (Islamic Republic of),2018,6
Iran (Islamic Republic of),2019,6
Iran (Islamic Republic of),2020,6
Iran (Islamic Republic of),2021,7
Iran (Islamic Republic of),2022,7
Iran (Islamic Republic of),2023,7
Iran (Islamic Republic of),2024,7
Iran (Islamic Republic of),2025,
Iraq,1946,
Iraq,1947,
Iraq,1948,
Iraq,1949,
Iraq,1950,
Iraq,1951,
Iraq,1952,
Iraq,1953,
Iraq,1954,
Iraq,1955,
Iraq,1956,
Iraq,1957,
Iraq,1958,
Iraq,1959,
Iraq,1960,
Iraq,1961,
Iraq,1962,
Iraq,1963,
Iraq,1964,
Iraq,1965,
Iraq,1966,
Iraq,1967,
Iraq,1968,
Iraq,1969,
Iraq,1970,
Iraq,1971,
Iraq,1972,7
Iraq,1973,7
Iraq,1974,7
Iraq,1975,7
Iraq,1976,7
Iraq,1977,7
Iraq,1978,7
Iraq,1979,7
Iraq,1980,6
Iraq,1981,6
Iraq,1982,
Iraq,1983,6
Iraq,1984,7
Iraq,1985,7
Iraq,1986,7
Iraq,1987,7
Iraq,1988,7
Iraq,1989,7
Iraq,1990,7
Iraq,1991,7
Iraq,1992,7
Iraq,1993,7
Iraq,1994,7
Iraq,1995,7
Iraq,1996,7
Iraq,1997,7
Iraq,1998,7
Iraq,1999,7
Iraq,2000,7
Iraq,2001,7
Iraq,2002,7
Iraq,2003,7
Iraq,2004,7
Iraq,2005,6
Iraq,2006,6
Iraq,2007,6
Iraq,2008,6
Iraq,2009,5
Iraq,2010,5
Iraq,2011,5
Iraq,2012,6
Iraq,2013,5
Iraq,2014,6
Iraq,2015,5
Iraq,2016,5
Iraq,2017,5
Iraq,2018,5
Iraq,2019,5
Iraq,2020,5
Iraq,2021,5
Iraq,2022,5
Iraq,2023,5
Iraq,2024,5
Iraq,2025,
Ireland,1946,
Ireland,1947,
Ireland,1948,
Ireland,1949,
Ireland,1950,
Ireland,1951,
Ireland,1952,
Ireland,1953,
Ireland,1954,
Ireland,1955,
Ireland,1956,
Ireland,1957,
Ireland,1958,
Ireland,1959,
Ireland,1960,
Ireland,1961,
Ireland,1962,
Ireland,1963,
Ireland,1964,
Ireland,1965,
Ireland,1966,
Ireland,1967,
Ireland,1968,
Ireland,1969,
Ireland,1970,
Ireland,1971,
Ireland,1972,1
Ireland,1973,1
Ireland,1974,1
Ireland,1975,1
Ireland,1976,1
Ireland,1977,1
Ireland,1978,1
Ireland,1979,1
Ireland,1980,1
Ireland,1981,1
Ireland,1982,
Ireland,1983,1
Ireland,1984,1
Ireland,1985,1
Ireland,1986,1
Ireland,1987,1
Ireland,1988,1
Ireland,1989,1
Ireland,1990,1
Ireland,1991,1
Ireland,1992,1
Ireland,1993,1
Ireland,1994,1
Ireland,1995,1
Ireland,1996,1
Ireland,1997,1
Ireland,1998,1
Ireland,1999,1
Ireland,2000,1
Ireland,2001,1
Ireland,2002,1
Ireland,2003,1
Ireland,2004,1
Ireland,2005,1
Ireland,2006,1
Ireland,2007,1
Ireland,2008,1
Ireland,2009,1
Ireland,2010,1
Ireland,2011,1
Ireland,2012,1
Ireland,2013,1
Ireland,2014,1
Ireland,2015,1
Ireland,2016,1
Ireland,2017,1
Ireland,2018,1
Ireland,2019,1
Ireland,2020,1
Ireland,2021,1
Ireland,2022,1
Ireland,2023,1
Ireland,2024,1
Ireland,2025,
Israel,1948,
Israel,1949,
Israel,1950,
Israel,1951,
Israel,1952,
Israel,1953,
Israel,1954,
Israel,1955,
Israel,1956,
Israel,1957,
Israel,1958,
Israel,1959,
Israel,1960,
Israel,1961,
Israel,1962,
Israel,1963,
Israel,1964,
Israel,1965,
Israel,1966,
Israel,1967,
Israel,1968,
Israel,1969,
Israel,1970,
Israel,1971,
Israel,1972,2
Israel,1973,2
Israel,1974,2
Israel,1975,2
Israel,1976,2
Israel,1977,2
Israel,1978,2
Israel,1979,2
Israel,1980,2
Israel,1981,2
Israel,1982,
Israel,1983,2
Israel,1984,2
Israel,1985,2
Israel,1986,2
Israel,1987,2
Israel,1988,2
Israel,1989,2
Israel,1990,2
Israel,1991,2
Israel,1992,2
Israel,1993,1
Israel,1994,1
Israel,1995,1
Israel,1996,1
Israel,1997,1
Israel,1998,1
Israel,1999,1
Israel,2000,1
Israel,2001,1
Israel,2002,1
Israel,2003,1
Israel,2004,1
Israel,2005,1
Israel,2006,1
Israel,2007,1
Israel,2008,1
Israel,2009,1
Israel,2010,1
Israel,2011,1
Israel,2012,1
Israel,2013,1
Israel,2014,1
Israel,2015,1
Israel,2016,1
Israel,2017,1
Israel,2018,2
Israel,2019,2
Israel,2020,2
Israel,2021,2
Israel,2022,2
Israel,2023,2
Israel,2024,2
Israel,2025,
Italy,1946,
Italy,1947,
Italy,1948,
Italy,1949,
Italy,1950,
Italy,1951,
Italy,1952,
Italy,1953,
Italy,1954,
Italy,1955,
Italy,1956,
Italy,1957,
Italy,1958,
Italy,1959,
Italy,1960,
Italy,1961,
Italy,1962,
Italy,1963,
Italy,1964,
Italy,1965,
Italy,1966,
Italy,1967,
Italy,1968,
Italy,1969,
Italy,1970,
Italy,1971,
Italy,1972,1
Italy,1973,1
Italy,1974,1
Italy,1975,1
Italy,1976,2
Italy,1977,2
Italy,1978,2
Italy,1979,2
Italy,1980,1
Italy,1981,1
Italy,1982,
Italy,1983,1
Italy,1984,1
Italy,1985,1
Italy,1986,1
Italy,1987,1
Italy,1988,1
Italy,1989,1
Italy,1990,1
Italy,1991,1
Italy,1992,1
Italy,1993,1
Italy,1994,1
Italy,1995,1
Italy,1996,1
Italy,1997,1
Italy,1998,1
Italy,1999,1
Italy,2000,1
Italy,2001,1
Italy,2002,1
Italy,2003,1
Italy,2004,1
Italy,2005,1
Italy,2006,1
Italy,2007,1
Italy,2008,1
Italy,2009,1
Italy,2010,1
Italy,2011,1
Italy,2012,2
Italy,2013,1
Italy,2014,1
Italy,2015,1
Italy,2016,1
Italy,2017,1
Italy,2018,1
Italy,2019,1
Italy,2020,1
Italy,2021,1
Italy,2022,1
Italy,2023,1
Italy,2024,1
Italy,2025,
Côte d'Ivoire,1961,
Côte d'Ivoire,1962,
Côte d'Ivoire,1963,
Côte d'Ivoire,1964,
Côte d'Ivoire,1965,
Côte d'Ivoire,1966,
Côte d'Ivoire,1967,
Côte d'Ivoire,1968,
Côte d'Ivoire,1969,
Côte d'Ivoire,1970,
Côte d'Ivoire,1971,
Côte d'Ivoire,1972,6
Côte d'Ivoire,1973,6
Côte d'Ivoire,1974,6
Côte d'Ivoire,1975,6
Côte d'Ivoire,1976,6
Côte d'Ivoire,1977,6
Côte d'Ivoire,1978,6
Côte d'Ivoire,1979,6
Côte d'Ivoire,1980,5
Côte d'Ivoire,1981,5
Côte d'Ivoire,1982,
Côte d'Ivoire,1983,5
Côte d'Ivoire,1984,6
Côte d'Ivoire,1985,6
Côte d'Ivoire,1986,6
Côte d'Ivoire,1987,6
Côte d'Ivoire,1988,6
Côte d'Ivoire,1989,6
Côte d'Ivoire,1990,6
Côte d'Ivoire,1991,6
Côte d'Ivoire,1992,6
Côte d'Ivoire,1993,6
Côte d'Ivoire,1994,6
Côte d'Ivoire,1995,6
Côte d'Ivoire,1996,6
Côte d'Ivoire,1997,6
Côte d'Ivoire,1998,6
Côte d'Ivoire,1999,6
Côte d'Ivoire,2000,6
Côte d'Ivoire,2001,5
Côte d'Ivoire,2002,6
Côte d'Ivoire,2003,6
Côte d'Ivoire,2004,6
Côte d'Ivoire,2005,6
Côte d'Ivoire,2006,7
Côte d'Ivoire,2007,7
Côte d'Ivoire,2008,6
Côte d'Ivoire,2009,6
Côte d'Ivoire,2010,7
Côte d'Ivoire,2011,6
Côte d'Ivoire,2012,5
Côte d'Ivoire,2013,5
Côte d'Ivoire,2014,5
Côte d'Ivoire,2015,4
Côte d'Ivoire,2016,4
Côte d'Ivoire,2017,4
Côte d'Ivoire,2018,4
Côte d'Ivoire,2019,4
Côte d'Ivoire,2020,5
Côte d'Ivoire,2021,4
Côte d'Ivoire,2022,4
Côte d'Ivoire,2023,4
Côte d'Ivoire,2024,4
Côte d'Ivoire,2025,
Jamaica,1963,
Jamaica,1964,
Jamaica,1965,
Jamaica,1966,
Jamaica,1967,
Jamaica,1968,
Jamaica,1969,
Jamaica,1970,
Jamaica,1971,
Jamaica,1972,1
Jamaica,1973,1
Jamaica,1974,1
Jamaica,1975,1
Jamaica,1976,1
Jamaica,1977,2
Jamaica,1978,2
Jamaica,1979,2
Jamaica,1980,2
Jamaica,1981,2
Jamaica,1982,
Jamaica,1983,2
Jamaica,1984,2
Jamaica,1985,2
Jamaica,1986,2
Jamaica,1987,2
Jamaica,1988,2
Jamaica,1989,2
Jamaica,1990,2
Jamaica,1991,2
Jamaica,1992,2
Jamaica,1993,2
Jamaica,1994,2
Jamaica,1995,2
Jamaica,1996,2
Jamaica,1997,2
Jamaica,1998,2
Jamaica,1999,2
Jamaica,2000,2
Jamaica,2001,2
Jamaica,2002,2
Jamaica,2003,2
Jamaica,2004,2
Jamaica,2005,2
Jamaica,2006,2
Jamaica,2007,2
Jamaica,2008,2
Jamaica,2009,2
Jamaica,2010,2
Jamaica,2011,2
Jamaica,2012,2
Jamaica,2013,2
Jamaica,2014,2
Jamaica,2015,2
Jamaica,2016,2
Jamaica,2017,2
Jamaica,2018,2
Jamaica,2019,2
Jamaica,2020,2
Jamaica,2021,2
Jamaica,2022,2
Jamaica,2023,2
Jamaica,2024,2
Jamaica,2025,
Japan,1946,
Japan,1947,
Japan,1948,
Japan,1949,
Japan,1950,
Japan,1951,
Japan,1952,
Japan,1953,
Japan,1954,
Japan,1955,
Japan,1956,
Japan,1957,
Japan,1958,
Japan,1959,
Japan,1960,
Japan,1961,
Japan,1962,
Japan,1963,
Japan,1964,
Japan,1965,
Japan,1966,
Japan,1967,
Japan,1968,
Japan,1969,
Japan,1970,
Japan,1971,
Japan,1972,2
Japan,1973,2
Japan,1974,2
Japan,1975,2
Japan,1976,2
Japan,1977,2
Japan,1978,2
Japan,1979,2
Japan,1980,1
Japan,1981,1
Japan,1982,
Japan,1983,1
Japan,1984,1
Japan,1985,1
Japan,1986,1
Japan,1987,1
Japan,1988,1
Japan,1989,1
Japan,1990,1
Japan,1991,1
Japan,1992,1
Japan,1993,2
Japan,1994,2
Japan,1995,1
Japan,1996,1
Japan,1997,1
Japan,1998,1
Japan,1999,1
Japan,2000,1
Japan,2001,1
Japan,2002,1
Japan,2003,1
Japan,2004,1
Japan,2005,1
Japan,2006,1
Japan,2007,1
Japan,2008,1
Japan,2009,1
Japan,2010,1
Japan,2011,1
Japan,2012,1
Japan,2013,1
Japan,2014,1
Japan,2015,1
Japan,2016,1
Japan,2017,1
Japan,2018,1
Japan,2019,1
Japan,2020,1
Japan,2021,1
Japan,2022,1
Japan,2023,1
Japan,2024,1
Japan,2025,
Kazakhstan,1992,5
Kazakhstan,1993,6
Kazakhstan,1994,6
Kazakhstan,1995,6
Kazakhstan,1996,6
Kazakhstan,1997,6
Kazakhstan,1998,6
Kazakhstan,1999,6
Kazakhstan,2000,6
Kazakhstan,2001,6
Kazakhstan,2002,6
Kazakhstan,2003,6
Kazakhstan,2004,6
Kazakhstan,2005,6
Kazakhstan,2006,6
Kazakhstan,2007,6
Kazakhstan,2008,6
Kazakhstan,2009,6
Kazakhstan,2010,6
Kazakhstan,2011,6
Kazakhstan,2012,6
Kazakhstan,2013,6
Kazakhstan,2014,6
Kazakhstan,2015,6
Kazakhstan,2016,7
Kazakhstan,2017,7
Kazakhstan,2018,7
Kazakhstan,2019,7
Kazakhstan,2020,7
Kazakhstan,2021,7
Kazakhstan,2022,7
Kazakhstan,2023,7
Kazakhstan,2024,7
Kazakhstan,2025,
Jordan,1946,
Jordan,1947,
Jordan,1948,
Jordan,1949,
Jordan,1950,
Jordan,1951,
Jordan,1952,
Jordan,1953,
Jordan,1954,
Jordan,1955,
Jordan,1956,
Jordan,1957,
Jordan,1958,
Jordan,1959,
Jordan,1960,
Jordan,1961,
Jordan,1962,
Jordan,1963,
Jordan,1964,
Jordan,1965,
Jordan,1966,
Jordan,1967,
Jordan,1968,
Jordan,1969,
Jordan,1970,
Jordan,1971,
Jordan,1972,6
Jordan,1973,6
Jordan,1974,6
Jordan,1975,6
Jordan,1976,6
Jordan,1977,6
Jordan,1978,6
Jordan,1979,6
Jordan,1980,6
Jordan,1981,6
Jordan,1982,
Jordan,1983,6
Jordan,1984,5
Jordan,1985,5
Jordan,1986,5
Jordan,1987,5
Jordan,1988,6
Jordan,1989,5
Jordan,1990,5
Jordan,1991,4
Jordan,1992,3
Jordan,1993,4
Jordan,1994,4
Jordan,1995,4
Jordan,1996,4
Jordan,1997,4
Jordan,1998,4
Jordan,1999,4
Jordan,2000,4
Jordan,2001,5
Jordan,2002,6
Jordan,2003,5
Jordan,2004,5
Jordan,2005,5
Jordan,2006,5
Jordan,2007,5
Jordan,2008,5
Jordan,2009,6
Jordan,2010,6
Jordan,2011,6
Jordan,2012,6
Jordan,2013,6
Jordan,2014,6
Jordan,2015,6
Jordan,2016,5
Jordan,2017,5
Jordan,2018,5
Jordan,2019,5
Jordan,2020,6
Jordan,2021,6
Jordan,2022,6
Jordan,2023,6
Jordan,2024,5
Jordan,2025,
Kenya,1964,
Kenya,1965,
Kenya,1966,
Kenya,1967,
Kenya,1968,
Kenya,1969,
Kenya,1970,
Kenya,1971,
Kenya,1972,5
Kenya,1973,5
Kenya,1974,5
Kenya,1975,5
Kenya,1976,5
Kenya,1977,5
Kenya,1978,5
Kenya,1979,5
Kenya,1980,5
Kenya,1981,5
Kenya,1982,
Kenya,1983,5
Kenya,1984,6
Kenya,1985,6
Kenya,1986,6
Kenya,1987,6
Kenya,1988,6
Kenya,1989,6
Kenya,1990,6
Kenya,1991,6
Kenya,1992,4
Kenya,1993,5
Kenya,1994,6
Kenya,1995,7
Kenya,1996,7
Kenya,1997,6
Kenya,1998,6
Kenya,1999,6
Kenya,2000,6
Kenya,2001,6
Kenya,2002,4
Kenya,2003,3
Kenya,2004,3
Kenya,2005,3
Kenya,2006,3
Kenya,2007,4
Kenya,2008,4
Kenya,2009,4
Kenya,2010,4
Kenya,2011,4
Kenya,2012,4
Kenya,2013,4
Kenya,2014,4
Kenya,2015,4
Kenya,2016,4
Kenya,2017,4
Kenya,2018,4
Kenya,2019,4
Kenya,2020,4
Kenya,2021,4
Kenya,2022,4
Kenya,2023,4
Kenya,2024,4
Kenya,2025,
Korea (the Democratic People's Republic of),1949,
Korea (the Democratic People's Republic of),1950,
Korea (the Democratic People's Republic of),1951,
Korea (the Democratic People's Republic of),1952,
Korea (the Democratic People's Republic of),1953,
Korea (the Democratic People's Republic of),1954,
Korea (the Democratic People's Republic of),1955,
Korea (the Democratic People's Republic of),1956,
Korea (the Democratic People's Republic of),1957,
Korea (the Democratic People's Republic of),1958,
Korea (the Democratic People's Republic of),1959,
Korea (the Democratic People's Republic of),1960,
Korea (the Democratic People's Republic of),1961,
Korea (the Democratic People's Republic of),1962,
Korea (the Democratic People's Republic of),1963,
Korea (the Democratic People's Republic of),1964,
Korea (the Democratic People's Republic of),1965,
Korea (the Democratic People's Republic of),1966,
Korea (the Democratic People's Republic of),1967,
Korea (the Democratic People's Republic of),1968,
Korea (the Democratic People's Republic of),1969,
Korea (the Democratic People's Republic of),1970,
Korea (the Democratic People's Republic of),1971,
Korea (the Democratic People's Republic of),1972,7
Korea (the Democratic People's Republic of),1973,7
Korea (the Democratic People's Republic of),1974,7
Korea (the Democratic People's Republic of),1975,7
Korea (the Democratic People's Republic of),1976,7
Korea (the Democratic People's Republic of),1977,7
Korea (the Democratic People's Republic of),1978,7
Korea (the Democratic People's Republic of),1979,7
Korea (the Democratic People's Republic of),1980,7
Korea (the Democratic People's Republic of),1981,7
Korea (the Democratic People's Republic of),1982,
Korea (the Democratic People's Republic of),1983,7
Korea (the Democratic People's Republic of),1984,7
Korea (the Democratic People's Republic of),1985,7
Korea (the Democratic People's Republic of),1986,7
Korea (the Democratic People's Republic of),1987,7
Korea (the Democratic People's Republic of),1988,7
Korea (the Democratic People's Republic of),1989,7
Korea (the Democratic People's Republic of),1990,7
Korea (the Democratic People's Republic of),1991,7
Korea (the Democratic People's Republic of),1992,7
Korea (the Democratic People's Republic of),1993,7
Korea (the Democratic People's Republic of),1994,7
Korea (the Democratic People's Republic of),1995,7
Korea (the Democratic People's Republic of),1996,7
Korea (the Democratic People's Republic of),1997,7
Korea (the Democratic People's Republic of),1998,7
Korea (the Democratic People's Republic of),1999,7
Korea (the Democratic People's Republic of),2000,7
Korea (the Democratic People's Republic of),2001,7
Korea (the Democratic People's Republic of),2002,7
Korea (the Democratic People's Republic of),2003,7
Korea (the Democratic People's Republic of),2004,7
Korea (the Democratic People's Republic of),2005,7
Korea (the Democratic People's Republic of),2006,7
Korea (the Democratic People's Republic of),2007,7
Korea (the Democratic People's Republic of),2008,7
Korea (the Democratic People's Republic of),2009,7
Korea (the Democratic People's Republic of),2010,7
Korea (the Democratic People's Republic of),2011,7
Korea (the Democratic People's Republic of),2012,7
Korea (the Democratic People's Republic of),2013,7
Korea (the Democratic People's Republic of),2014,7
Korea (the Democratic People's Republic of),2015,7
Korea (the Democratic People's Republic of),2016,7
Korea (the Democratic People's Republic of),2017,7
Korea (the Democratic People's Republic of),2018,7
Korea (the Democratic People's Republic of),2019,7
Korea (the Democratic People's Republic of),2020,7
Korea (the Democratic People's Republic of),2021,7
Korea (the Democratic People's Republic of),2022,7
Korea (the Democratic People's Republic of),2023,7
Korea (the Democratic People's Republic of),2024,7
Korea (the Democratic People's Republic of),2025,
Korea (the Republic of),1948,
Korea (the Republic of),1949,
Korea (the Republic of),1950,
Korea (the Republic of),1951,
Korea (the Republic of),1952,
Korea (the Republic of),1953,
Korea (the Republic of),1954,
Korea (the Republic of),1955,
Korea (the Republic of),1956,
Korea (the Republic of),1957,
Korea (the Republic of),1958,
Korea (the Republic of),1959,
Korea (the Republic of),1960,
Korea (the Republic of),1961,
Korea (the Republic of),1962,
Korea (the Republic of),1963,
Korea (the Republic of),1964,
Korea (the Republic of),1965,
Korea (the Republic of),1966,
Korea (the Republic of),1967,
Korea (the Republic of),1968,
Korea (the Republic of),1969,
Korea (the Republic of),1970,
Korea (the Republic of),1971,
Korea (the Republic of),1972,5
Korea (the Republic of),1973,4
Korea (the Republic of),1974,5
Korea (the Republic of),1975,5
Korea (the Republic of),1976,5
Korea (the Republic of),1977,5
Korea (the Republic of),1978,4
Korea (the Republic of),1979,4
Korea (the Republic of),1980,5
Korea (the Republic of),1981,5
Korea (the Republic of),1982,
Korea (the Republic of),1983,5
Korea (the Republic of),1984,5
Korea (the Republic of),1985,4
Korea (the Republic of),1986,4
Korea (the Republic of),1987,4
Korea (the Republic of),1988,2
Korea (the Republic of),1989,2
Korea (the Republic of),1990,2
Korea (the Republic of),1991,2
Korea (the Republic of),1992,2
Korea (the Republic of),1993,2
Korea (the Republic of),1994,2
Korea (the Republic of),1995,2
Korea (the Republic of),1996,2
Korea (the Republic of),1997,2
Korea (the Republic of),1998,2
Korea (the Republic of),1999,2
Korea (the Republic of),2000,2
Korea (the Republic of),2001,2
Korea (the Republic of),2002,2
Korea (the Republic of),2003,2
Korea (the Republic of),2004,1
Korea (the Republic of),2005,1
Korea (the Republic of),2006,1
Korea (the Republic of),2007,1
Korea (the Republic of),2008,1
Korea (the Republic of),2009,1
Korea (the Republic of),2010,1
Korea (the Republic of),2011,1
Korea (the Republic of),2012,1
Korea (the Republic of),2013,2
Korea (the Republic of),2014,2
Korea (the Republic of),2015,2
Korea (the Republic of),2016,2
Korea (the Republic of),2017,2
Korea (the Republic of),2018,2
Korea (the Republic of),2019,2
Korea (the Republic of),2020,2
Korea (the Republic of),2021,2
Korea (the Republic of),2022,2
Korea (the Republic of),2023,2
Korea (the Republic of),2024,2
Korea (the Republic of),2025,
Kuwait,1961,
Kuwait,1962,
Kuwait,1963,
Kuwait,1964,
Kuwait,1965,
Kuwait,1966,
Kuwait,1967,
Kuwait,1968,
Kuwait,1969,
Kuwait,1970,
Kuwait,1971,
Kuwait,1972,4
Kuwait,1973,4
Kuwait,1974,4
Kuwait,1975,4
Kuwait,1976,6
Kuwait,1977,6
Kuwait,1978,6
Kuwait,1979,6
Kuwait,1980,6
Kuwait,1981,4
Kuwait,1982,
Kuwait,1983,4
Kuwait,1984,4
Kuwait,1985,4
Kuwait,1986,6
Kuwait,1987,6
Kuwait,1988,6
Kuwait,1989,6
Kuwait,1990,7
Kuwait,1991,6
Kuwait,1992,5
Kuwait,1993,5
Kuwait,1994,5
Kuwait,1995,5
Kuwait,1996,5
Kuwait,1997,5
Kuwait,1998,5
Kuwait,1999,4
Kuwait,2000,4
Kuwait,2001,4
Kuwait,2002,4
Kuwait,2003,4
Kuwait,2004,4
Kuwait,2005,4
Kuwait,2006,4
Kuwait,2007,4
Kuwait,2008,4
Kuwait,2009,4
Kuwait,2010,4
Kuwait,2011,4
Kuwait,2012,5
Kuwait,2013,5
Kuwait,2014,5
Kuwait,2015,5
Kuwait,2016,5
Kuwait,2017,5
Kuwait,2018,5
Kuwait,2019,5
Kuwait,2020,5
Kuwait,2021,5
Kuwait,2022,5
Kuwait,2023,5
Kuwait,2024,6
Kuwait,2025,
Kyrgyzstan,1992,4
Kyrgyzstan,1993,5
Kyrgyzstan,1994,4
Kyrgyzstan,1995,4
Kyrgyzstan,1996,4
Kyrgyzstan,1997,4
Kyrgyzstan,1998,5
Kyrgyzstan,1999,5
Kyrgyzstan,2000,6
Kyrgyzstan,2001,6
Kyrgyzstan,2002,6
Kyrgyzstan,2003,6
Kyrgyzstan,2004,6
Kyrgyzstan,2005,5
Kyrgyzstan,2006,5
Kyrgyzstan,2007,5
Kyrgyzstan,2008,5
Kyrgyzstan,2009,6
Kyrgyzstan,2010,5
Kyrgyzstan,2011,5
Kyrgyzstan,2012,5
Kyrgyzstan,2013,5
Kyrgyzstan,2014,5
Kyrgyzstan,2015,5
Kyrgyzstan,2016,5
Kyrgyzstan,2017,5
Kyrgyzstan,2018,5
Kyrgyzstan,2019,5
Kyrgyzstan,2020,7
Kyrgyzstan,2021,7
Kyrgyzstan,2022,7
Kyrgyzstan,2023,7
Kyrgyzstan,2024,7
Kyrgyzstan,2025,
Lao People's Democratic Republic (the),1954,
Lao People's Democratic Republic (the),1955,
Lao People's Democratic Republic (the),1956,
Lao People's Democratic Republic (the),1957,
Lao People's Democratic Republic (the),1958,
Lao People's Democratic Republic (the),1959,
Lao People's Democratic Republic (the),1960,
Lao People's Democratic Republic (the),1961,
Lao People's Democratic Republic (the),1962,
Lao People's Democratic Republic (the),1963,
Lao People's Democratic Republic (the),1964,
Lao People's Democratic Republic (the),1965,
Lao People's Democratic Republic (the),1966,
Lao People's Democratic Republic (the),1967,
Lao People's Democratic Republic (the),1968,
Lao People's Democratic Republic (the),1969,
Lao People's Democratic Republic (the),1970,
Lao People's Democratic Republic (the),1971,
Lao People's Democratic Republic (the),1972,5
Lao People's Democratic Republic (the),1973,5
Lao People's Democratic Republic (the),1974,5
Lao People's Democratic Republic (the),1975,6
Lao People's Democratic Republic (the),1976,7
Lao People's Democratic Republic (the),1977,7
Lao People's Democratic Republic (the),1978,7
Lao People's Democratic Republic (the),1979,7
Lao People's Democratic Republic (the),1980,7
Lao People's Democratic Republic (the),1981,7
Lao People's Democratic Republic (the),1982,
Lao People's Democratic Republic (the),1983,7
Lao People's Democratic Republic (the),1984,7
Lao People's Democratic Republic (the),1985,7
Lao People's Democratic Republic (the),1986,7
Lao People's Democratic Republic (the),1987,7
Lao People's Democratic Republic (the),1988,6
Lao People's Democratic Republic (the),1989,6
Lao People's Democratic Republic (the),1990,6
Lao People's Democratic Republic (the),1991,6
Lao People's Democratic Republic (the),1992,7
Lao People's Democratic Republic (the),1993,7
Lao People's Democratic Republic (the),1994,7
Lao People's Democratic Republic (the),1995,7
Lao People's Democratic Republic (the),1996,7
Lao People's Democratic Republic (the),1997,7
Lao People's Democratic Republic (the),1998,7
Lao People's Democratic Republic (the),1999,7
Lao People's Democratic Republic (the),2000,7
Lao People's Democratic Republic (the),2001,7
Lao People's Democratic Republic (the),2002,7
Lao People's Democratic Republic (the),2003,7
Lao People's Democratic Republic (the),2004,7
Lao People's Democratic Republic (the),2005,7
Lao People's Democratic Republic (the),2006,7
Lao People's Democratic Republic (the),2007,7
Lao People's Democratic Republic (the),2008,7
Lao People's Democratic Republic (the),2009,7
Lao People's Democratic Republic (the),2010,7
Lao People's Democratic Republic (the),2011,7
Lao People's Democratic Republic (the),2012,7
Lao People's Democratic Republic (the),2013,7
Lao People's Democratic Republic (the),2014,7
Lao People's Democratic Republic (the),2015,7
Lao People's Democratic Republic (the),2016,7
Lao People's Democratic Republic (the),2017,7
Lao People's Democratic Republic (the),2018,7
Lao People's Democratic Republic (the),2019,7
Lao People's Democratic Republic (the),2020,7
Lao People's Democratic Republic (the),2021,7
Lao People's Democratic Republic (the),2022,7
Lao People's Democratic Republic (the),2023,7
Lao People's Democratic Republic (the),2024,7
Lao People's Democratic Republic (the),2025,
Lebanon,1946,
Lebanon,1947,
Lebanon,1948,
Lebanon,1949,
Lebanon,1950,
Lebanon,1951,
Lebanon,1952,
Lebanon,1953,
Lebanon,1954,
Lebanon,1955,
Lebanon,1956,
Lebanon,1957,
Lebanon,1958,
Lebanon,1959,
Lebanon,1960,
Lebanon,1961,
Lebanon,1962,
Lebanon,1963,
Lebanon,1964,
Lebanon,1965,
Lebanon,1966,
Lebanon,1967,
Lebanon,1968,
Lebanon,1969,
Lebanon,1970,
Lebanon,1971,
Lebanon,1972,2
Lebanon,1973,2
Lebanon,1974,2
Lebanon,1975,4
Lebanon,1976,4
Lebanon,1977,4
Lebanon,1978,4
Lebanon,1979,4
Lebanon,1980,4
Lebanon,1981,5
Lebanon,1982,
Lebanon,1983,5
Lebanon,1984,5
Lebanon,1985,5
Lebanon,1986,5
Lebanon,1987,6
Lebanon,1988,6
Lebanon,1989,6
Lebanon,1990,6
Lebanon,1991,6
Lebanon,1992,5
Lebanon,1993,6
Lebanon,1994,6
Lebanon,1995,6
Lebanon,1996,6
Lebanon,1997,6
Lebanon,1998,6
Lebanon,1999,6
Lebanon,2000,6
Lebanon,2001,6
Lebanon,2002,6
Lebanon,2003,6
Lebanon,2004,6
Lebanon,2005,5
Lebanon,2006,5
Lebanon,2007,5
Lebanon,2008,5
Lebanon,2009,5
Lebanon,2010,5
Lebanon,2011,5
Lebanon,2012,5
Lebanon,2013,5
Lebanon,2014,5
Lebanon,2015,5
Lebanon,2016,5
Lebanon,2017,6
Lebanon,2018,5
Lebanon,2019,5
Lebanon,2020,5
Lebanon,2021,5
Lebanon,2022,5
Lebanon,2023,5
Lebanon,2024,5
Lebanon,2025,
Lesotho,1967,
Lesotho,1968,
Lesotho,1969,
Lesotho,1970,
Lesotho,1971,
Lesotho,1972,7
Lesotho,1973,5
Lesotho,1974,5
Lesotho,1975,5
Lesotho,1976,5
Lesotho,1977,5
Lesotho,1978,5
Lesotho,1979,5
Lesotho,1980,5
Lesotho,1981,5
Lesotho,1982,
Lesotho,1983,5
Lesotho,1984,5
Lesotho,1985,5
Lesotho,1986,5
Lesotho,1987,5
Lesotho,1988,6
Lesotho,1989,6
Lesotho,1990,6
Lesotho,1991,6
Lesotho,1992,6
Lesotho,1993,3
Lesotho,1994,4
Lesotho,1995,4
Lesotho,1996,4
Lesotho,1997,4
Lesotho,1998,4
Lesotho,1999,4
Lesotho,2000,4
Lesotho,2001,4
Lesotho,2002,2
Lesotho,2003,2
Lesotho,2004,2
Lesotho,2005,2
Lesotho,2006,2
Lesotho,2007,2
Lesotho,2008,2
Lesotho,2009,3
Lesotho,2010,3
Lesotho,2011,3
Lesotho,2012,2
Lesotho,2013,2
Lesotho,2014,2
Lesotho,2015,3
Lesotho,2016,3
Lesotho,2017,3
Lesotho,2018,3
Lesotho,2019,3
Lesotho,2020,3
Lesotho,2021,3
Lesotho,2022,2
Lesotho,2023,2
Lesotho,2024,2
Lesotho,2025,
Latvia,1992,3
Latvia,1993,3
Latvia,1994,3
Latvia,1995,2
Latvia,1996,2
Latvia,1997,1
Latvia,1998,1
Latvia,1999,1
Latvia,2000,1
Latvia,2001,1
Latvia,2002,1
Latvia,2003,1
Latvia,2004,1
Latvia,2005,1
Latvia,2006,1
Latvia,2007,2
Latvia,2008,2
Latvia,2009,2
Latvia,2010,2
Latvia,2011,2
Latvia,2012,2
Latvia,2013,2
Latvia,2014,2
Latvia,2015,2
Latvia,2016,1
Latvia,2017,2
Latvia,2018,2
Latvia,2019,1
Latvia,2020,1
Latvia,2021,1
Latvia,2022,1
Latvia,2023,1
Latvia,2024,1
Latvia,2025,
Liberia,1946,
Liberia,1947,
Liberia,1948,
Liberia,1949,
Liberia,1950,
Liberia,1951,
Liberia,1952,
Liberia,1953,
Liberia,1954,
Liberia,1955,
Liberia,1956,
Liberia,1957,
Liberia,1958,
Liberia,1959,
Liberia,1960,
Liberia,1961,
Liberia,1962,
Liberia,1963,
Liberia,1964,
Liberia,1965,
Liberia,1966,
Liberia,1967,
Liberia,1968,
Liberia,1969,
Liberia,1970,
Liberia,1971,
Liberia,1972,6
Liberia,1973,6
Liberia,1974,6
Liberia,1975,6
Liberia,1976,6
Liberia,1977,6
Liberia,1978,6
Liberia,1979,6
Liberia,1980,6
Liberia,1981,6
Liberia,1982,
Liberia,1983,5
Liberia,1984,6
Liberia,1985,5
Liberia,1986,5
Liberia,1987,5
Liberia,1988,5
Liberia,1989,6
Liberia,1990,7
Liberia,1991,7
Liberia,1992,7
Liberia,1993,6
Liberia,1994,7
Liberia,1995,7
Liberia,1996,7
Liberia,1997,4
Liberia,1998,4
Liberia,1999,4
Liberia,2000,5
Liberia,2001,6
Liberia,2002,6
Liberia,2003,6
Liberia,2004,5
Liberia,2005,4
Liberia,2006,3
Liberia,2007,3
Liberia,2008,3
Liberia,2009,3
Liberia,2010,3
Liberia,2011,3
Liberia,2012,3
Liberia,2013,3
Liberia,2014,3
Liberia,2015,3
Liberia,2016,3
Liberia,2017,3
Liberia,2018,3
Liberia,2019,3
Liberia,2020,3
Liberia,2021,3
Liberia,2022,3
Liberia,2023,2
Liberia,2024,2
Liberia,2025,
Libya,1952,
Libya,1953,
Libya,1954,
Libya,1955,
Libya,1956,
Libya,1957,
Libya,1958,
Libya,1959,
Libya,1960,
Libya,1961,
Libya,1962,
Libya,1963,
Libya,1964,
Libya,1965,
Libya,1966,
Libya,1967,
Libya,1968,
Libya,1969,
Libya,1970,
Libya,1971,
Libya,1972,7
Libya,1973,7
Libya,1974,7
Libya,1975,7
Libya,1976,7
Libya,1977,6
Libya,1978,6
Libya,1979,6
Libya,1980,6
Libya,1981,6
Libya,1982,
Libya,1983,6
Libya,1984,6
Libya,1985,6
Libya,1986,6
Libya,1987,6
Libya,1988,6
Libya,1989,7
Libya,1990,7
Libya,1991,7
Libya,1992,7
Libya,1993,7
Libya,1994,7
Libya,1995,7
Libya,1996,7
Libya,1997,7
Libya,1998,7
Libya,1999,7
Libya,2000,7
Libya,2001,7
Libya,2002,7
Libya,2003,7
Libya,2004,7
Libya,2005,7
Libya,2006,7
Libya,2007,7
Libya,2008,7
Libya,2009,7
Libya,2010,7
Libya,2011,7
Libya,2012,4
Libya,2013,4
Libya,2014,6
Libya,2015,6
Libya,2016,7
Libya,2017,7
Libya,2018,7
Libya,2019,7
Libya,2020,7
Libya,2021,7
Libya,2022,7
Libya,2023,7
Libya,2024,7
Libya,2025,
Liechtenstein,1946,
Liechtenstein,1947,
Liechtenstein,1948,
Liechtenstein,1949,
Liechtenstein,1950,
Liechtenstein,1951,
Liechtenstein,1952,
Liechtenstein,1953,
Liechtenstein,1954,
Liechtenstein,1955,
Liechtenstein,1956,
Liechtenstein,1957,
Liechtenstein,1958,
Liechtenstein,1959,
Liechtenstein,1960,
Liechtenstein,1961,
Liechtenstein,1962,
Liechtenstein,1963,
Liechtenstein,1964,
Liechtenstein,1965,
Liechtenstein,1966,
Liechtenstein,1967,
Liechtenstein,1968,
Liechtenstein,1969,
Liechtenstein,1970,
Liechtenstein,1971,
Liechtenstein,1972,4
Liechtenstein,1973,4
Liechtenstein,1974,4
Liechtenstein,1975,4
Liechtenstein,1976,4
Liechtenstein,1977,
Liechtenstein,1978,
Liechtenstein,1979,
Liechtenstein,1980,
Liechtenstein,1981,
Liechtenstein,1982,
Liechtenstein,1983,
Liechtenstein,1984,
Liechtenstein,1985,
Liechtenstein,1986,
Liechtenstein,1987,
Liechtenstein,1988,
Liechtenstein,1989,
Liechtenstein,1990,
Liechtenstein,1991,
Liechtenstein,1992,1
Liechtenstein,1993,1
Liechtenstein,1994,1
Liechtenstein,1995,1
Liechtenstein,1996,1
Liechtenstein,1997,1
Liechtenstein,1998,1
Liechtenstein,1999,1
Liechtenstein,2000,1
Liechtenstein,2001,1
Liechtenstein,2002,1
Liechtenstein,2003,1
Liechtenstein,2004,1
Liechtenstein,2005,1
Liechtenstein,2006,1
Liechtenstein,2007,1
Liechtenstein,2008,1
Liechtenstein,2009,1
Liechtenstein,2010,1
Liechtenstein,2011,1
Liechtenstein,2012,1
Liechtenstein,2013,1
Liechtenstein,2014,1
Liechtenstein,2015,1
Liechtenstein,2016,2
Liechtenstein,2017,2
Liechtenstein,2018,2
Liechtenstein,2019,2
Liechtenstein,2020,2
Liechtenstein,2021,2
Liechtenstein,2022,2
Liechtenstein,2023,2
Liechtenstein,2024,2
Liechtenstein,2025,
Lithuania,1992,2
Lithuania,1993,1
Lithuania,1994,1
Lithuania,1995,1
Lithuania,1996,1
Lithuania,1997,1
Lithuania,1998,1
Lithuania,1999,1
Lithuania,2000,1
Lithuania,2001,1
Lithuania,2002,1
Lithuania,2003,1
Lithuania,2004,2
Lithuania,2005,1
Lithuania,2006,1
Lithuania,2007,1
Lithuania,2008,1
Lithuania,2009,1
Lithuania,2010,1
Lithuania,2011,1
Lithuania,2012,1
Lithuania,2013,1
Lithuania,2014,1
Lithuania,2015,1
Lithuania,2016,1
Lithuania,2017,1
Lithuania,2018,1
Lithuania,2019,1
Lithuania,2020,1
Lithuania,2021,1
Lithuania,2022,1
Lithuania,2023,1
Lithuania,2024,1
Lithuania,2025,
Luxembourg,1946,
Luxembourg,1947,
Luxembourg,1948,
Luxembourg,1949,
Luxembourg,1950,
Luxembourg,1951,
Luxembourg,1952,
Luxembourg,1953,
Luxembourg,1954,
Luxembourg,1955,
Luxembourg,1956,
Luxembourg,1957,
Luxembourg,1958,
Luxembourg,1959,
Luxembourg,1960,
Luxembourg,1961,
Luxembourg,1962,
Luxembourg,1963,
Luxembourg,1964,
Luxembourg,1965,
Luxembourg,1966,
Luxembourg,1967,
Luxembourg,1968,
Luxembourg,1969,
Luxembourg,1970,
Luxembourg,1971,
Luxembourg,1972,2
Luxembourg,1973,2
Luxembourg,1974,2
Luxembourg,1975,2
Luxembourg,1976,2
Luxembourg,1977,1
Luxembourg,1978,1
Luxembourg,1979,1
Luxembourg,1980,1
Luxembourg,1981,1
Luxembourg,1982,
Luxembourg,1983,1
Luxembourg,1984,1
Luxembourg,1985,1
Luxembourg,1986,1
Luxembourg,1987,1
Luxembourg,1988,1
Luxembourg,1989,1
Luxembourg,1990,1
Luxembourg,1991,1
Luxembourg,1992,1
Luxembourg,1993,1
Luxembourg,1994,1
Luxembourg,1995,1
Luxembourg,1996,1
Luxembourg,1997,1
Luxembourg,1998,1
Luxembourg,1999,1
Luxembourg,2000,1
Luxembourg,2001,1
Luxembourg,2002,1
Luxembourg,2003,1
Luxembourg,2004,1
Luxembourg,2005,1
Luxembourg,2006,1
Luxembourg,2007,1
Luxembourg,2008,1
Luxembourg,2009,1
Luxembourg,2010,1
Luxembourg,2011,1
Luxembourg,2012,1
Luxembourg,2013,1
Luxembourg,2014,1
Luxembourg,2015,1
Luxembourg,2016,1
Luxembourg,2017,1
Luxembourg,2018,1
Luxembourg,2019,1
Luxembourg,2020,1
Luxembourg,2021,1
Luxembourg,2022,1
Luxembourg,2023,1
Luxembourg,2024,1
Luxembourg,2025,
Madagascar,1960,
Madagascar,1961,
Madagascar,1962,
Madagascar,1963,
Madagascar,1964,
Madagascar,1965,
Madagascar,1966,
Madagascar,1967,
Madagascar,1968,
Madagascar,1969,
Madagascar,1970,
Madagascar,1971,
Madagascar,1972,5
Madagascar,1973,5
Madagascar,1974,5
Madagascar,1975,5
Madagascar,1976,6
Madagascar,1977,5
Madagascar,1978,6
Madagascar,1979,6
Madagascar,1980,6
Madagascar,1981,6
Madagascar,1982,
Madagascar,1983,5
Madagascar,1984,5
Madagascar,1985,5
Madagascar,1986,5
Madagascar,1987,5
Madagascar,1988,5
Madagascar,1989,5
Madagascar,1990,4
Madagascar,1991,4
Madagascar,1992,4
Madagascar,1993,2
Madagascar,1994,2
Madagascar,1995,2
Madagascar,1996,2
Madagascar,1997,2
Madagascar,1998,2
Madagascar,1999,2
Madagascar,2000,2
Madagascar,2001,2
Madagascar,2002,3
Madagascar,2003,3
Madagascar,2004,3
Madagascar,2005,3
Madagascar,2006,4
Madagascar,2007,4
Madagascar,2008,4
Madagascar,2009,6
Madagascar,2010,6
Madagascar,2011,6
Madagascar,2012,6
Madagascar,2013,5
Madagascar,2014,4
Madagascar,2015,3
Madagascar,2016,3
Madagascar,2017,3
Madagascar,2018,3
Madagascar,2019,3
Madagascar,2020,3
Madagascar,2021,3
Madagascar,2022,3
Madagascar,2023,3
Madagascar,2024,4
Madagascar,2025,
Malawi,1965,
Malawi,1966,
Malawi,1967,
Malawi,1968,
Malawi,1969,
Malawi,1970,
Malawi,1971,
Malawi,1972,7
Malawi,1973,7
Malawi,1974,7
Malawi,1975,7
Malawi,1976,7
Malawi,1977,7
Malawi,1978,6
Malawi,1979,6
Malawi,1980,6
Malawi,1981,6
Malawi,1982,
Malawi,1983,6
Malawi,1984,6
Malawi,1985,6
Malawi,1986,6
Malawi,1987,6
Malawi,1988,6
Malawi,1989,7
Malawi,1990,7
Malawi,1991,7
Malawi,1992,6
Malawi,1993,6
Malawi,1994,2
Malawi,1995,2
Malawi,1996,2
Malawi,1997,2
Malawi,1998,2
Malawi,1999,3
Malawi,2000,3
Malawi,2001,4
Malawi,2002,4
Malawi,2003,3
Malawi,2004,4
Malawi,2005,4
Malawi,2006,4
Malawi,2007,4
Malawi,2008,4
Malawi,2009,3
Malawi,2010,3
Malawi,2011,3
Malawi,2012,3
Malawi,2013,3
Malawi,2014,3
Malawi,2015,3
Malawi,2016,3
Malawi,2017,3
Malawi,2018,3
Malawi,2019,3
Malawi,2020,3
Malawi,2021,3
Malawi,2022,3
Malawi,2023,3
Malawi,2024,3
Malawi,2025,
Malaysia,1966,
Malaysia,1967,
Malaysia,1968,
Malaysia,1969,
Malaysia,1970,
Malaysia,1971,
Malaysia,1972,2
Malaysia,1973,2
Malaysia,1974,3
Malaysia,1975,3
Malaysia,1976,3
Malaysia,1977,3
Malaysia,1978,3
Malaysia,1979,3
Malaysia,1980,3
Malaysia,1981,3
Malaysia,1982,
Malaysia,1983,3
Malaysia,1984,3
Malaysia,1985,3
Malaysia,1986,3
Malaysia,1987,3
Malaysia,1988,4
Malaysia,1989,5
Malaysia,1990,5
Malaysia,1991,5
Malaysia,1992,5
Malaysia,1993,4
Malaysia,1994,4
Malaysia,1995,4
Malaysia,1996,4
Malaysia,1997,4
Malaysia,1998,5
Malaysia,1999,5
Malaysia,2000,5
Malaysia,2001,5
Malaysia,2002,5
Malaysia,2003,5
Malaysia,2004,4
Malaysia,2005,4
Malaysia,2006,4
Malaysia,2007,4
Malaysia,2008,4
Malaysia,2009,4
Malaysia,2010,4
Malaysia,2011,4
Malaysia,2012,4
Malaysia,2013,4
Malaysia,2014,4
Malaysia,2015,4
Malaysia,2016,4
Malaysia,2017,4
Malaysia,2018,4
Malaysia,2019,4
Malaysia,2020,4
Malaysia,2021,4
Malaysia,2022,4
Malaysia,2023,4
Malaysia,2024,4
Malaysia,2025,
Maldives,1966,
Maldives,1967,
Maldives,1968,
Maldives,1969,
Maldives,1970,
Maldives,1971,
Maldives,1972,3
Maldives,1973,3
Maldives,1974,3
Maldives,1975,4
Maldives,1976,4
Maldives,1977,4
Maldives,1978,5
Maldives,1979,5
Maldives,1980,5
Maldives,1981,5
Maldives,1982,
Maldives,1983,5
Maldives,1984,5
Maldives,1985,5
Maldives,1986,5
Maldives,1987,5
Maldives,1988,5
Maldives,1989,6
Maldives,1990,6
Maldives,1991,6
Maldives,1992,6
Maldives,1993,6
Maldives,1994,6
Maldives,1995,6
Maldives,1996,6
Maldives,1997,6
Maldives,1998,6
Maldives,1999,6
Maldives,2000,6
Maldives,2001,6
Maldives,2002,6
Maldives,2003,6
Maldives,2004,6
Maldives,2005,6
Maldives,2006,6
Maldives,2007,6
Maldives,2008,4
Maldives,2009,3
Maldives,2010,3
Maldives,2011,3
Maldives,2012,5
Maldives,2013,4
Maldives,2014,4
Maldives,2015,4
Maldives,2016,5
Maldives,2017,5
Maldives,2018,5
Maldives,2019,4
Maldives,2020,4
Maldives,2021,4
Maldives,2022,4
Maldives,2023,4
Maldives,2024,4
Maldives,2025,
Mali,1961,
Mali,1962,
Mali,1963,
Mali,1964,
Mali,1965,
Mali,1966,
Mali,1967,
Mali,1968,
Mali,1969,
Mali,1970,
Mali,1971,
Mali,1972,7
Mali,1973,7
Mali,1974,7
Mali,1975,7
Mali,1976,7
Mali,1977,7
Mali,1978,7
Mali,1979,7
Mali,1980,7
Mali,1981,7
Mali,1982,
Mali,1983,7
Mali,1984,7
Mali,1985,7
Mali,1986,7
Mali,1987,7
Mali,1988,6
Mali,1989,6
Mali,1990,6
Mali,1991,6
Mali,1992,2
Mali,1993,2
Mali,1994,2
Mali,1995,2
Mali,1996,2
Mali,1997,3
Mali,1998,3
Mali,1999,3
Mali,2000,2
Mali,2001,2
Mali,2002,2
Mali,2003,2
Mali,2004,2
Mali,2005,2
Mali,2006,2
Mali,2007,2
Mali,2008,2
Mali,2009,2
Mali,2010,2
Mali,2011,2
Mali,2012,7
Mali,2013,5
Mali,2014,5
Mali,2015,5
Mali,2016,5
Mali,2017,5
Mali,2018,4
Mali,2019,5
Mali,2020,6
Mali,2021,6
Mali,2022,6
Mali,2023,6
Mali,2024,6
Mali,2025,
Malta,1965,
Malta,1966,
Malta,1967,
Malta,1968,
Malta,1969,
Malta,1970,
Malta,1971,
Malta,1972,1
Malta,1973,1
Malta,1974,1
Malta,1975,1
Malta,1976,1
Malta,1977,2
Malta,1978,2
Malta,1979,2
Malta,1980,2
Malta,1981,2
Malta,1982,
Malta,1983,2
Malta,1984,2
Malta,1985,2
Malta,1986,2
Malta,1987,1
Malta,1988,1
Malta,1989,1
Malta,1990,1
Malta,1991,1
Malta,1992,1
Malta,1993,1
Malta,1994,1
Malta,1995,1
Malta,1996,1
Malta,1997,1
Malta,1998,1
Malta,1999,1
Malta,2000,1
Malta,2001,1
Malta,2002,1
Malta,2003,1
Malta,2004,1
Malta,2005,1
Malta,2006,1
Malta,2007,1
Malta,2008,1
Malta,2009,1
Malta,2010,1
Malta,2011,1
Malta,2012,1
Malta,2013,1
Malta,2014,1
Malta,2015,1
Malta,2016,1
Malta,2017,1
Malta,2018,2
Malta,2019,2
Malta,2020,2
Malta,2021,2
Malta,2022,2
Malta,2023,2
Malta,2024,2
Malta,2025,
Mauritania,1961,
Mauritania,1962,
Mauritania,1963,
Mauritania,1964,
Mauritania,1965,
Mauritania,1966,
Mauritania,1967,
Mauritania,1968,
Mauritania,1969,
Mauritania,1970,
Mauritania,1971,
Mauritania,1972,6
Mauritania,1973,6
Mauritania,1974,5
Mauritania,1975,6
Mauritania,1976,6
Mauritania,1977,6
Mauritania,1978,6
Mauritania,1979,7
Mauritania,1980,7
Mauritania,1981,7
Mauritania,1982,
Mauritania,1983,7
Mauritania,1984,7
Mauritania,1985,7
Mauritania,1986,7
Mauritania,1987,6
Mauritania,1988,6
Mauritania,1989,7
Mauritania,1990,7
Mauritania,1991,7
Mauritania,1992,7
Mauritania,1993,7
Mauritania,1994,7
Mauritania,1995,6
Mauritania,1996,6
Mauritania,1997,6
Mauritania,1998,6
Mauritania,1999,6
Mauritania,2000,6
Mauritania,2001,5
Mauritania,2002,5
Mauritania,2003,6
Mauritania,2004,6
Mauritania,2005,6
Mauritania,2006,5
Mauritania,2007,4
Mauritania,2008,6
Mauritania,2009,6
Mauritania,2010,6
Mauritania,2011,6
Mauritania,2012,6
Mauritania,2013,6
Mauritania,2014,6
Mauritania,2015,6
Mauritania,2016,6
Mauritania,2017,6
Mauritania,2018,6
Mauritania,2019,5
Mauritania,2020,5
Mauritania,2021,5
Mauritania,2022,5
Mauritania,2023,5
Mauritania,2024,5
Mauritania,2025,
Mauritius,1968,
Mauritius,1969,
Mauritius,1970,
Mauritius,1971,
Mauritius,1972,3
Mauritius,1973,3
Mauritius,1974,3
Mauritius,1975,3
Mauritius,1976,3
Mauritius,1977,2
Mauritius,1978,2
Mauritius,1979,2
Mauritius,1980,3
Mauritius,1981,2
Mauritius,1982,
Mauritius,1983,2
Mauritius,1984,2
Mauritius,1985,2
Mauritius,1986,2
Mauritius,1987,2
Mauritius,1988,2
Mauritius,1989,2
Mauritius,1990,2
Mauritius,1991,1
Mauritius,1992,2
Mauritius,1993,1
Mauritius,1994,1
Mauritius,1995,1
Mauritius,1996,1
Mauritius,1997,1
Mauritius,1998,1
Mauritius,1999,1
Mauritius,2000,1
Mauritius,2001,1
Mauritius,2002,1
Mauritius,2003,1
Mauritius,2004,1
Mauritius,2005,1
Mauritius,2006,1
Mauritius,2007,1
Mauritius,2008,1
Mauritius,2009,1
Mauritius,2010,1
Mauritius,2011,1
Mauritius,2012,1
Mauritius,2013,1
Mauritius,2014,1
Mauritius,2015,1
Mauritius,2016,1
Mauritius,2017,1
Mauritius,2018,1
Mauritius,2019,1
Mauritius,2020,1
Mauritius,2021,1
Mauritius,2022,2
Mauritius,2023,2
Mauritius,2024,2
Mauritius,2025,
Mexico,1946,
Mexico,1947,
Mexico,1948,
Mexico,1949,
Mexico,1950,
Mexico,1951,
Mexico,1952,
Mexico,1953,
Mexico,1954,
Mexico,1955,
Mexico,1956,
Mexico,1957,
Mexico,1958,
Mexico,1959,
Mexico,1960,
Mexico,1961,
Mexico,1962,
Mexico,1963,
Mexico,1964,
Mexico,1965,
Mexico,1966,
Mexico,1967,
Mexico,1968,
Mexico,1969,
Mexico,1970,
Mexico,1971,
Mexico,1972,5
Mexico,1973,4
Mexico,1974,4
Mexico,1975,4
Mexico,1976,4
Mexico,1977,4
Mexico,1978,4
Mexico,1979,3
Mexico,1980,3
Mexico,1981,3
Mexico,1982,
Mexico,1983,3
Mexico,1984,3
Mexico,1985,4
Mexico,1986,4
Mexico,1987,4
Mexico,1988,3
Mexico,1989,4
Mexico,1990,4
Mexico,1991,4
Mexico,1992,4
Mexico,1993,4
Mexico,1994,4
Mexico,1995,4
Mexico,1996,4
Mexico,1997,3
Mexico,1998,3
Mexico,1999,3
Mexico,2000,2
Mexico,2001,2
Mexico,2002,2
Mexico,2003,2
Mexico,2004,2
Mexico,2005,2
Mexico,2006,2
Mexico,2007,2
Mexico,2008,2
Mexico,2009,2
Mexico,2010,3
Mexico,2011,3
Mexico,2012,3
Mexico,2013,3
Mexico,2014,3
Mexico,2015,3
Mexico,2016,3
Mexico,2017,3
Mexico,2018,3
Mexico,2019,3
Mexico,2020,3
Mexico,2021,3
Mexico,2022,3
Mexico,2023,3
Mexico,2024,3
Mexico,2025,
Monaco,1946,
Monaco,1947,
Monaco,1948,
Monaco,1949,
Monaco,1950,
Monaco,1951,
Monaco,1952,
Monaco,1953,
Monaco,1954,
Monaco,1955,
Monaco,1956,
Monaco,1957,
Monaco,1958,
Monaco,1959,
Monaco,1960,
Monaco,1961,
Monaco,1962,
Monaco,1963,
Monaco,1964,
Monaco,1965,
Monaco,1966,
Monaco,1967,
Monaco,1968,
Monaco,1969,
Monaco,1970,
Monaco,1971,
Monaco,1972,4
Monaco,1973,4
Monaco,1974,4
Monaco,1975,4
Monaco,1976,4
Monaco,1977,
Monaco,1978,
Monaco,1979,
Monaco,1980,
Monaco,1981,
Monaco,1982,
Monaco,1983,
Monaco,1984,
Monaco,1985,
Monaco,1986,
Monaco,1987,
Monaco,1988,
Monaco,1989,
Monaco,1990,
Monaco,1991,
Monaco,1992,
Monaco,1993,2
Monaco,1994,2
Monaco,1995,2
Monaco,1996,2
Monaco,1997,2
Monaco,1998,2
Monaco,1999,2
Monaco,2000,2
Monaco,2001,2
Monaco,2002,2
Monaco,2003,2
Monaco,2004,2
Monaco,2005,2
Monaco,2006,2
Monaco,2007,2
Monaco,2008,2
Monaco,2009,2
Monaco,2010,2
Monaco,2011,2
Monaco,2012,2
Monaco,2013,2
Monaco,2014,2
Monaco,2015,2
Monaco,2016,3
Monaco,2017,3
Monaco,2018,3
Monaco,2019,3
Monaco,2020,3
Monaco,2021,3
Monaco,2022,3
Monaco,2023,3
Monaco,2024,3
Monaco,2025,
Mongolia,1946,
Mongolia,1947,
Mongolia,1948,
Mongolia,1949,
Mongolia,1950,
Mongolia,1951,
Mongolia,1952,
Mongolia,1953,
Mongolia,1954,
Mongolia,1955,
Mongolia,1956,
Mongolia,1957,
Mongolia,1958,
Mongolia,1959,
Mongolia,1960,
Mongolia,1961,
Mongolia,1962,
Mongolia,1963,
Mongolia,1964,
Mongolia,1965,
Mongolia,1966,
Mongolia,1967,
Mongolia,1968,
Mongolia,1969,
Mongolia,1970,
Mongolia,1971,
Mongolia,1972,7
Mongolia,1973,7
Mongolia,1974,7
Mongolia,1975,7
Mongolia,1976,7
Mongolia,1977,7
Mongolia,1978,7
Mongolia,1979,7
Mongolia,1980,7
Mongolia,1981,7
Mongolia,1982,
Mongolia,1983,7
Mongolia,1984,7
Mongolia,1985,7
Mongolia,1986,7
Mongolia,1987,7
Mongolia,1988,7
Mongolia,1989,7
Mongolia,1990,4
Mongolia,1991,2
Mongolia,1992,3
Mongolia,1993,2
Mongolia,1994,2
Mongolia,1995,2
Mongolia,1996,2
Mongolia,1997,2
Mongolia,1998,2
Mongolia,1999,2
Mongolia,2000,2
Mongolia,2001,2
Mongolia,2002,2
Mongolia,2003,2
Mongolia,2004,2
Mongolia,2005,2
Mongolia,2006,2
Mongolia,2007,2
Mongolia,2008,2
Mongolia,2009,2
Mongolia,2010,2
Mongolia,2011,2
Mongolia,2012,1
Mongolia,2013,1
Mongolia,2014,1
Mongolia,2015,1
Mongolia,2016,1
Mongolia,2017,1
Mongolia,2018,1
Mongolia,2019,1
Mongolia,2020,1
Mongolia,2021,1
Mongolia,2022,1
Mongolia,2023,1
Mongolia,2024,1
Mongolia,2025,
Moldova (the Republic of),1992,5
Moldova (the Republic of),1993,5
Moldova (the Republic of),1994,4
Moldova (the Republic of),1995,4
Moldova (the Republic of),1996,3
Moldova (the Republic of),1997,3
Moldova (the Republic of),1998,2
Moldova (the Republic of),1999,2
Moldova (the Republic of),2000,2
Moldova (the Republic of),2001,2
Moldova (the Republic of),2002,3
Moldova (the Republic of),2003,3
Moldova (the Republic of),2004,3
Moldova (the Republic of),2005,3
Moldova (the Republic of),2006,3
Moldova (the Republic of),2007,3
Moldova (the Republic of),2008,4
Moldova (the Republic of),2009,3
Moldova (the Republic of),2010,3
Moldova (the Republic of),2011,3
Moldova (the Republic of),2012,3
Moldova (the Republic of),2013,3
Moldova (the Republic of),2014,3
Moldova (the Republic of),2015,3
Moldova (the Republic of),2016,3
Moldova (the Republic of),2017,3
Moldova (the Republic of),2018,3
Moldova (the Republic of),2019,3
Moldova (the Republic of),2020,3
Moldova (the Republic of),2021,3
Moldova (the Republic of),2022,3
Moldova (the Republic of),2023,3
Moldova (the Republic of),2024,3
Moldova (the Republic of),2025,
Montenegro,2006,3
Montenegro,2007,3
Montenegro,2008,3
Montenegro,2009,3
Montenegro,2010,3
Montenegro,2011,3
Montenegro,2012,3
Montenegro,2013,3
Montenegro,2014,3
Montenegro,2015,3
Montenegro,2016,3
Montenegro,2017,3
Montenegro,2018,4
Montenegro,2019,4
Montenegro,2020,3
Montenegro,2021,3
Montenegro,2022,3
Montenegro,2023,3
Montenegro,2024,3
Montenegro,2025,
Morocco,1956,
Morocco,1957,
Morocco,1958,
Morocco,1959,
Morocco,1960,
Morocco,1961,
Morocco,1962,
Morocco,1963,
Morocco,1964,
Morocco,1965,
Morocco,1966,
Morocco,1967,
Morocco,1968,
Morocco,1969,
Morocco,1970,
Morocco,1971,
Morocco,1972,5
Morocco,1973,5
Morocco,1974,5
Morocco,1975,5
Morocco,1976,5
Morocco,1977,3
Morocco,1978,3
Morocco,1979,4
Morocco,1980,4
Morocco,1981,4
Morocco,1982,
Morocco,1983,4
Morocco,1984,4
Morocco,1985,4
Morocco,1986,4
Morocco,1987,4
Morocco,1988,4
Morocco,1989,4
Morocco,1990,4
Morocco,1991,5
Morocco,1992,6
Morocco,1993,5
Morocco,1994,5
Morocco,1995,5
Morocco,1996,5
Morocco,1997,5
Morocco,1998,5
Morocco,1999,5
Morocco,2000,5
Morocco,2001,5
Morocco,2002,5
Morocco,2003,5
Morocco,2004,5
Morocco,2005,5
Morocco,2006,5
Morocco,2007,5
Morocco,2008,5
Morocco,2009,5
Morocco,2010,5
Morocco,2011,5
Morocco,2012,5
Morocco,2013,5
Morocco,2014,5
Morocco,2015,5
Morocco,2016,5
Morocco,2017,5
Morocco,2018,5
Morocco,2019,5
Morocco,2020,5
Morocco,2021,5
Morocco,2022,5
Morocco,2023,5
Morocco,2024,5
Morocco,2025,
Mozambique,1975,6
Mozambique,1976,7
Mozambique,1977,7
Mozambique,1978,7
Mozambique,1979,7
Mozambique,1980,7
Mozambique,1981,7
Mozambique,1982,
Mozambique,1983,7
Mozambique,1984,6
Mozambique,1985,6
Mozambique,1986,6
Mozambique,1987,6
Mozambique,1988,6
Mozambique,1989,6
Mozambique,1990,6
Mozambique,1991,6
Mozambique,1992,6
Mozambique,1993,6
Mozambique,1994,3
Mozambique,1995,3
Mozambique,1996,3
Mozambique,1997,3
Mozambique,1998,3
Mozambique,1999,3
Mozambique,2000,3
Mozambique,2001,3
Mozambique,2002,3
Mozambique,2003,3
Mozambique,2004,3
Mozambique,2005,3
Mozambique,2006,3
Mozambique,2007,3
Mozambique,2008,3
Mozambique,2009,4
Mozambique,2010,4
Mozambique,2011,4
Mozambique,2012,4
Mozambique,2013,4
Mozambique,2014,4
Mozambique,2015,4
Mozambique,2016,4
Mozambique,2017,4
Mozambique,2018,4
Mozambique,2019,5
Mozambique,2020,5
Mozambique,2021,5
Mozambique,2022,5
Mozambique,2023,5
Mozambique,2024,5
Mozambique,2025,
Oman,1946,
Oman,1947,
Oman,1948,
Oman,1949,
Oman,1950,
Oman,1951,
Oman,1952,
Oman,1953,
Oman,1954,
Oman,1955,
Oman,1956,
Oman,1957,
Oman,1958,
Oman,1959,
Oman,1960,
Oman,1961,
Oman,1962,
Oman,1963,
Oman,1964,
Oman,1965,
Oman,1966,
Oman,1967,
Oman,1968,
Oman,1969,
Oman,1970,
Oman,1971,
Oman,1972,7
Oman,1973,7
Oman,1974,7
Oman,1975,7
Oman,1976,6
Oman,1977,6
Oman,1978,6
Oman,1979,6
Oman,1980,6
Oman,1981,6
Oman,1982,
Oman,1983,6
Oman,1984,6
Oman,1985,6
Oman,1986,6
Oman,1987,6
Oman,1988,6
Oman,1989,6
Oman,1990,6
Oman,1991,6
Oman,1992,6
Oman,1993,6
Oman,1994,6
Oman,1995,6
Oman,1996,6
Oman,1997,6
Oman,1998,6
Oman,1999,6
Oman,2000,6
Oman,2001,6
Oman,2002,6
Oman,2003,6
Oman,2004,6
Oman,2005,6
Oman,2006,6
Oman,2007,6
Oman,2008,6
Oman,2009,6
Oman,2010,6
Oman,2011,6
Oman,2012,6
Oman,2013,6
Oman,2014,6
Oman,2015,6
Oman,2016,6
Oman,2017,6
Oman,2018,6
Oman,2019,6
Oman,2020,6
Oman,2021,6
Oman,2022,6
Oman,2023,6
Oman,2024,6
Oman,2025,
Namibia,1990,2
Namibia,1991,2
Namibia,1992,2
Namibia,1993,2
Namibia,1994,2
Namibia,1995,2
Namibia,1996,2
Namibia,1997,2
Namibia,1998,2
Namibia,1999,2
Namibia,2000,2
Namibia,2001,2
Namibia,2002,2
Namibia,2003,2
Namibia,2004,2
Namibia,2005,2
Namibia,2006,2
Namibia,2007,2
Namibia,2008,2
Namibia,2009,2
Namibia,2010,2
Namibia,2011,2
Namibia,2012,2
Namibia,2013,2
Namibia,2014,2
Namibia,2015,2
Namibia,2016,2
Namibia,2017,2
Namibia,2018,3
Namibia,2019,2
Namibia,2020,2
Namibia,2021,2
Namibia,2022,2
Namibia,2023,2
Namibia,2024,3
Namibia,2025,
Nauru,1968,
Nauru,1969,
Nauru,1970,
Nauru,1971,
Nauru,1972,2
Nauru,1973,2
Nauru,1974,2
Nauru,1975,2
Nauru,1976,2
Nauru,1977,2
Nauru,1978,2
Nauru,1979,2
Nauru,1980,2
Nauru,1981,2
Nauru,1982,
Nauru,1983,2
Nauru,1984,2
Nauru,1985,2
Nauru,1986,2
Nauru,1987,2
Nauru,1988,2
Nauru,1989,1
Nauru,1990,1
Nauru,1991,1
Nauru,1992,1
Nauru,1993,1
Nauru,1994,1
Nauru,1995,1
Nauru,1996,1
Nauru,1997,1
Nauru,1998,1
Nauru,1999,1
Nauru,2000,1
Nauru,2001,1
Nauru,2002,1
Nauru,2003,1
Nauru,2004,1
Nauru,2005,1
Nauru,2006,1
Nauru,2007,1
Nauru,2008,1
Nauru,2009,1
Nauru,2010,1
Nauru,2011,1
Nauru,2012,1
Nauru,2013,1
Nauru,2014,1
Nauru,2015,2
Nauru,2016,2
Nauru,2017,2
Nauru,2018,2
Nauru,2019,2
Nauru,2020,2
Nauru,2021,2
Nauru,2022,2
Nauru,2023,2
Nauru,2024,2
Nauru,2025,
Nepal,1946,
Nepal,1947,
Nepal,1948,
Nepal,1949,
Nepal,1950,
Nepal,1951,
Nepal,1952,
Nepal,1953,
Nepal,1954,
Nepal,1955,
Nepal,1956,
Nepal,1957,
Nepal,1958,
Nepal,1959,
Nepal,1960,
Nepal,1961,
Nepal,1962,
Nepal,1963,
Nepal,1964,
Nepal,1965,
Nepal,1966,
Nepal,1967,
Nepal,1968,
Nepal,1969,
Nepal,1970,
Nepal,1971,
Nepal,1972,6
Nepal,1973,6
Nepal,1974,6
Nepal,1975,6
Nepal,1976,6
Nepal,1977,6
Nepal,1978,6
Nepal,1979,5
Nepal,1980,3
Nepal,1981,3
Nepal,1982,
Nepal,1983,3
Nepal,1984,3
Nepal,1985,3
Nepal,1986,3
Nepal,1987,3
Nepal,1988,3
Nepal,1989,4
Nepal,1990,4
Nepal,1991,2
Nepal,1992,2
Nepal,1993,3
Nepal,1994,3
Nepal,1995,3
Nepal,1996,3
Nepal,1997,3
Nepal,1998,3
Nepal,1999,3
Nepal,2000,3
Nepal,2001,3
Nepal,2002,4
Nepal,2003,5
Nepal,2004,5
Nepal,2005,6
Nepal,2006,5
Nepal,2007,5
Nepal,2008,4
Nepal,2009,4
Nepal,2010,4
Nepal,2011,4
Nepal,2012,4
Nepal,2013,4
Nepal,2014,3
Nepal,2015,3
Nepal,2016,3
Nepal,2017,3
Nepal,2018,3
Nepal,2019,3
Nepal,2020,3
Nepal,2021,3
Nepal,2022,3
Nepal,2023,3
Nepal,2024,3
Nepal,2025,
Netherlands (the),1946,
Netherlands (the),1947,
Netherlands (the),1948,
Netherlands (the),1949,
Netherlands (the),1950,
Netherlands (the),1951,
Netherlands (the),1952,
Netherlands (the),1953,
Netherlands (the),1954,
Netherlands (the),1955,
Netherlands (the),1956,
Netherlands (the),1957,
Netherlands (the),1958,
Netherlands (the),1959,
Netherlands (the),1960,
Netherlands (the),1961,
Netherlands (the),1962,
Netherlands (the),1963,
Netherlands (the),1964,
Netherlands (the),1965,
Netherlands (the),1966,
Netherlands (the),1967,
Netherlands (the),1968,
Netherlands (the),1969,
Netherlands (the),1970,
Netherlands (the),1971,
Netherlands (the),1972,1
Netherlands (the),1973,1
Netherlands (the),1974,1
Netherlands (the),1975,1
Netherlands (the),1976,1
Netherlands (the),1977,1
Netherlands (the),1978,1
Netherlands (the),1979,1
Netherlands (the),1980,1
Netherlands (the),1981,1
Netherlands (the),1982,
Netherlands (the),1983,1
Netherlands (the),1984,1
Netherlands (the),1985,1
Netherlands (the),1986,1
Netherlands (the),1987,1
Netherlands (the),1988,1
Netherlands (the),1989,1
Netherlands (the),1990,1
Netherlands (the),1991,1
Netherlands (the),1992,1
Netherlands (the),1993,1
Netherlands (the),1994,1
Netherlands (the),1995,1
Netherlands (the),1996,1
Netherlands (the),1997,1
Netherlands (the),1998,1
Netherlands (the),1999,1
Netherlands (the),2000,1
Netherlands (the),2001,1
Netherlands (the),2002,1
Netherlands (the),2003,1
Netherlands (the),2004,1
Netherlands (the),2005,1
Netherlands (the),2006,1
Netherlands (the),2007,1
Netherlands (the),2008,1
Netherlands (the),2009,1
Netherlands (the),2010,1
Netherlands (the),2011,1
Netherlands (the),2012,1
Netherlands (the),2013,1
Netherlands (the),2014,1
Netherlands (the),2015,1
Netherlands (the),2016,1
Netherlands (the),2017,1
Netherlands (the),2018,1
Netherlands (the),2019,1
Netherlands (the),2020,1
Netherlands (the),2021,1
Netherlands (the),2022,1
Netherlands (the),2023,1
Netherlands (the),2024,1
Netherlands (the),2025,
Vanuatu,1981,2
Vanuatu,1982,
Vanuatu,1983,2
Vanuatu,1984,2
Vanuatu,1985,2
Vanuatu,1986,2
Vanuatu,1987,2
Vanuatu,1988,2
Vanuatu,1989,2
Vanuatu,1990,2
Vanuatu,1991,2
Vanuatu,1992,2
Vanuatu,1993,1
Vanuatu,1994,1
Vanuatu,1995,1
Vanuatu,1996,1
Vanuatu,1997,1
Vanuatu,1998,1
Vanuatu,1999,1
Vanuatu,2000,1
Vanuatu,2001,1
Vanuatu,2002,1
Vanuatu,2003,2
Vanuatu,2004,2
Vanuatu,2005,2
Vanuatu,2006,2
Vanuatu,2007,2
Vanuatu,2008,2
Vanuatu,2009,2
Vanuatu,2010,2
Vanuatu,2011,2
Vanuatu,2012,2
Vanuatu,2013,2
Vanuatu,2014,2
Vanuatu,2015,2
Vanuatu,2016,2
Vanuatu,2017,2
Vanuatu,2018,2
Vanuatu,2019,2
Vanuatu,2020,2
Vanuatu,2021,2
Vanuatu,2022,2
Vanuatu,2023,2
Vanuatu,2024,2
Vanuatu,2025,
New Zealand,1948,
New Zealand,1949,
New Zealand,1950,
New Zealand,1951,
New Zealand,1952,
New Zealand,1953,
New Zealand,1954,
New Zealand,1955,
New Zealand,1956,
New Zealand,1957,
New Zealand,1958,
New Zealand,1959,
New Zealand,1960,
New Zealand,1961,
New Zealand,1962,
New Zealand,1963,
New Zealand,1964,
New Zealand,1965,
New Zealand,1966,
New Zealand,1967,
New Zealand,1968,
New Zealand,1969,
New Zealand,1970,
New Zealand,1971,
New Zealand,1972,1
New Zealand,1973,1
New Zealand,1974,1
New Zealand,1975,1
New Zealand,1976,1
New Zealand,1977,1
New Zealand,1978,1
New Zealand,1979,1
New Zealand,1980,1
New Zealand,1981,1
New Zealand,1982,
New Zealand,1983,1
New Zealand,1984,1
New Zealand,1985,1
New Zealand,1986,1
New Zealand,1987,1
New Zealand,1988,1
New Zealand,1989,1
New Zealand,1990,1
New Zealand,1991,1
New Zealand,1992,1
New Zealand,1993,1
New Zealand,1994,1
New Zealand,1995,1
New Zealand,1996,1
New Zealand,1997,1
New Zealand,1998,1
New Zealand,1999,1
New Zealand,2000,1
New Zealand,2001,1
New Zealand,2002,1
New Zealand,2003,1
New Zealand,2004,1
New Zealand,2005,1
New Zealand,2006,1
New Zealand,2007,1
New Zealand,2008,1
New Zealand,2009,1
New Zealand,2010,1
New Zealand,2011,1
New Zealand,2012,1
New Zealand,2013,1
New Zealand,2014,1
New Zealand,2015,1
New Zealand,2016,1
New Zealand,2017,1
New Zealand,2018,1
New Zealand,2019,1
New Zealand,2020,1
New Zealand,2021,1
New Zealand,2022,1
New Zealand,2023,1
New Zealand,2024,1
New Zealand,2025,
Nicaragua,1946,
Nicaragua,1947,
Nicaragua,1948,
Nicaragua,1949,
Nicaragua,1950,
Nicaragua,1951,
Nicaragua,1952,
Nicaragua,1953,
Nicaragua,1954,
Nicaragua,1955,
Nicaragua,1956,
Nicaragua,1957,
Nicaragua,1958,
Nicaragua,1959,
Nicaragua,1960,
Nicaragua,1961,
Nicaragua,1962,
Nicaragua,1963,
Nicaragua,1964,
Nicaragua,1965,
Nicaragua,1966,
Nicaragua,1967,
Nicaragua,1968,
Nicaragua,1969,
Nicaragua,1970,
Nicaragua,1971,
Nicaragua,1972,4
Nicaragua,1973,5
Nicaragua,1974,5
Nicaragua,1975,5
Nicaragua,1976,5
Nicaragua,1977,5
Nicaragua,1978,5
Nicaragua,1979,5
Nicaragua,1980,5
Nicaragua,1981,6
Nicaragua,1982,
Nicaragua,1983,6
Nicaragua,1984,5
Nicaragua,1985,5
Nicaragua,1986,5
Nicaragua,1987,5
Nicaragua,1988,5
Nicaragua,1989,5
Nicaragua,1990,3
Nicaragua,1991,3
Nicaragua,1992,4
Nicaragua,1993,4
Nicaragua,1994,4
Nicaragua,1995,4
Nicaragua,1996,3
Nicaragua,1997,3
Nicaragua,1998,2
Nicaragua,1999,3
Nicaragua,2000,3
Nicaragua,2001,3
Nicaragua,2002,3
Nicaragua,2003,3
Nicaragua,2004,3
Nicaragua,2005,3
Nicaragua,2006,3
Nicaragua,2007,3
Nicaragua,2008,4
Nicaragua,2009,4
Nicaragua,2010,4
Nicaragua,2011,5
Nicaragua,2012,5
Nicaragua,2013,4
Nicaragua,2014,4
Nicaragua,2015,4
Nicaragua,2016,5
Nicaragua,2017,5
Nicaragua,2018,6
Nicaragua,2019,6
Nicaragua,2020,6
Nicaragua,2021,7
Nicaragua,2022,7
Nicaragua,2023,7
Nicaragua,2024,7
Nicaragua,2025,
Niger (the),1961,
Niger (the),1962,
Niger (the),1963,
Niger (the),1964,
Niger (the),1965,
Niger (the),1966,
Niger (the),1967,
Niger (the),1968,
Niger (the),1969,
Niger (the),1970,
Niger (the),1971,
Niger (the),1972,6
Niger (the),1973,6
Niger (the),1974,7
Niger (the),1975,7
Niger (the),1976,7
Niger (the),1977,7
Niger (the),1978,7
Niger (the),1979,7
Niger (the),1980,7
Niger (the),1981,7
Niger (the),1982,
Niger (the),1983,7
Niger (the),1984,7
Niger (the),1985,7
Niger (the),1986,7
Niger (the),1987,7
Niger (the),1988,6
Niger (the),1989,7
Niger (the),1990,6
Niger (the),1991,6
Niger (the),1992,5
Niger (the),1993,3
Niger (the),1994,3
Niger (the),1995,3
Niger (the),1996,7
Niger (the),1997,7
Niger (the),1998,7
Niger (the),1999,5
Niger (the),2000,4
Niger (the),2001,4
Niger (the),2002,4
Niger (the),2003,4
Niger (the),2004,3
Niger (the),2005,3
Niger (the),2006,3
Niger (the),2007,3
Niger (the),2008,3
Niger (the),2009,5
Niger (the),2010,5
Niger (the),2011,3
Niger (the),2012,3
Niger (the),2013,3
Niger (the),2014,3
Niger (the),2015,3
Niger (the),2016,4
Niger (the),2017,4
Niger (the),2018,4
Niger (the),2019,4
Niger (the),2020,4
Niger (the),2021,4
Niger (the),2022,4
Niger (the),2023,6
Niger (the),2024,7
Niger (the),2025,
Nigeria,1961,
Nigeria,1962,
Nigeria,1963,
Nigeria,1964,
Nigeria,1965,
Nigeria,1966,
Nigeria,1967,
Nigeria,1968,
Nigeria,1969,
Nigeria,1970,
Nigeria,1971,
Nigeria,1972,6
Nigeria,1973,6
Nigeria,1974,6
Nigeria,1975,6
Nigeria,1976,6
Nigeria,1977,5
Nigeria,1978,5
Nigeria,1979,2
Nigeria,1980,2
Nigeria,1981,2
Nigeria,1982,
Nigeria,1983,2
Nigeria,1984,7
Nigeria,1985,7
Nigeria,1986,7
Nigeria,1987,6
Nigeria,1988,5
Nigeria,1989,6
Nigeria,1990,5
Nigeria,1991,5
Nigeria,1992,5
Nigeria,1993,7
Nigeria,1994,7
Nigeria,1995,7
Nigeria,1996,7
Nigeria,1997,7
Nigeria,1998,6
Nigeria,1999,4
Nigeria,2000,4
Nigeria,2001,4
Nigeria,2002,4
Nigeria,2003,4
Nigeria,2004,4
Nigeria,2005,4
Nigeria,2006,4
Nigeria,2007,4
Nigeria,2008,5
Nigeria,2009,5
Nigeria,2010,4
Nigeria,2011,4
Nigeria,2012,4
Nigeria,2013,4
Nigeria,2014,4
Nigeria,2015,4
Nigeria,2016,3
Nigeria,2017,3
Nigeria,2018,3
Nigeria,2019,4
Nigeria,2020,4
Nigeria,2021,4
Nigeria,2022,4
Nigeria,2023,4
Nigeria,2024,4
Nigeria,2025,
Norway,1946,
Norway,1947,
Norway,1948,
Norway,1949,
Norway,1950,
Norway,1951,
Norway,1952,
Norway,1953,
Norway,1954,
Norway,1955,
Norway,1956,
Norway,1957,
Norway,1958,
Norway,1959,
Norway,1960,
Norway,1961,
Norway,1962,
Norway,1963,
Norway,1964,
Norway,1965,
Norway,1966,
Norway,1967,
Norway,1968,
Norway,1969,
Norway,1970,
Norway,1971,
Norway,1972,1
Norway,1973,1
Norway,1974,1
Norway,1975,1
Norway,1976,1
Norway,1977,1
Norway,1978,1
Norway,1979,1
Norway,1980,1
Norway,1981,1
Norway,1982,
Norway,1983,1
Norway,1984,1
Norway,1985,1
Norway,1986,1
Norway,1987,1
Norway,1988,1
Norway,1989,1
Norway,1990,1
Norway,1991,1
Norway,1992,1
Norway,1993,1
Norway,1994,1
Norway,1995,1
Norway,1996,1
Norway,1997,1
Norway,1998,1
Norway,1999,1
Norway,2000,1
Norway,2001,1
Norway,2002,1
Norway,2003,1
Norway,2004,1
Norway,2005,1
Norway,2006,1
Norway,2007,1
Norway,2008,1
Norway,2009,1
Norway,2010,1
Norway,2011,1
Norway,2012,1
Norway,2013,1
Norway,2014,1
Norway,2015,1
Norway,2016,1
Norway,2017,1
Norway,2018,1
Norway,2019,1
Norway,2020,1
Norway,2021,1
Norway,2022,1
Norway,2023,1
Norway,2024,1
Norway,2025,
Micronesia (Federated States of),1987,
Micronesia (Federated States of),1988,
Micronesia (Federated States of),1989,
Micronesia (Federated States of),1990,
Micronesia (Federated States of),1991,1
Micronesia (Federated States of),1992,1
Micronesia (Federated States of),1993,1
Micronesia (Federated States of),1994,1
Micronesia (Federated States of),1995,1
Micronesia (Federated States of),1996,1
Micronesia (Federated States of),1997,1
Micronesia (Federated States of),1998,1
Micronesia (Federated States of),1999,1
Micronesia (Federated States of),2000,1
Micronesia (Federated States of),2001,1
Micronesia (Federated States of),2002,1
Micronesia (Federated States of),2003,1
Micronesia (Federated States of),2004,1
Micronesia (Federated States of),2005,1
Micronesia (Federated States of),2006,1
Micronesia (Federated States of),2007,1
Micronesia (Federated States of),2008,1
Micronesia (Federated States of),2009,1
Micronesia (Federated States of),2010,1
Micronesia (Federated States of),2011,1
Micronesia (Federated States of),2012,1
Micronesia (Federated States of),2013,1
Micronesia (Federated States of),2014,1
Micronesia (Federated States of),2015,1
Micronesia (Federated States of),2016,1
Micronesia (Federated States of),2017,1
Micronesia (Federated States of),2018,1
Micronesia (Federated States of),2019,1
Micronesia (Federated States of),2020,1
Micronesia (Federated States of),2021,1
Micronesia (Federated States of),2022,1
Micronesia (Federated States of),2023,1
Micronesia (Federated States of),2024,1
Micronesia (Federated States of),2025,
Marshall Islands,1987,
Marshall Islands,1988,
Marshall Islands,1989,
Marshall Islands,1990,
Marshall Islands,1991,1
Marshall Islands,1992,1
Marshall Islands,1993,1
Marshall Islands,1994,1
Marshall Islands,1995,1
Marshall Islands,1996,1
Marshall Islands,1997,1
Marshall Islands,1998,1
Marshall Islands,1999,1
Marshall Islands,2000,1
Marshall Islands,2001,1
Marshall Islands,2002,1
Marshall Islands,2003,1
Marshall Islands,2004,1
Marshall Islands,2005,1
Marshall Islands,2006,1
Marshall Islands,2007,1
Marshall Islands,2008,1
Marshall Islands,2009,1
Marshall Islands,2010,1
Marshall Islands,2011,1
Marshall Islands,2012,1
Marshall Islands,2013,1
Marshall Islands,2014,1
Marshall Islands,2015,1
Marshall Islands,2016,1
Marshall Islands,2017,1
Marshall Islands,2018,1
Marshall Islands,2019,1
Marshall Islands,2020,1
Marshall Islands,2021,1
Marshall Islands,2022,1
Marshall Islands,2023,1
Marshall Islands,2024,1
Marshall Islands,2025,
Palau,1995,1
Palau,1996,1
Palau,1997,1
Palau,1998,1
Palau,1999,1
Palau,2000,1
Palau,2001,1
Palau,2002,1
Palau,2003,1
Palau,2004,1
Palau,2005,1
Palau,2006,1
Palau,2007,1
Palau,2008,1
Palau,2009,1
Palau,2010,1
Palau,2011,1
Palau,2012,1
Palau,2013,1
Palau,2014,1
Palau,2015,1
Palau,2016,1
Palau,2017,1
Palau,2018,1
Palau,2019,1
Palau,2020,1
Palau,2021,1
Palau,2022,1
Palau,2023,1
Palau,2024,1
Palau,2025,
Pakistan,1971,
Pakistan,1972,3
Pakistan,1973,3
Pakistan,1974,3
Pakistan,1975,5
Pakistan,1976,4
Pakistan,1977,6
Pakistan,1978,6
Pakistan,1979,6
Pakistan,1980,7
Pakistan,1981,7
Pakistan,1982,
Pakistan,1983,7
Pakistan,1984,7
Pakistan,1985,4
Pakistan,1986,4
Pakistan,1987,4
Pakistan,1988,3
Pakistan,1989,3
Pakistan,1990,4
Pakistan,1991,4
Pakistan,1992,4
Pakistan,1993,3
Pakistan,1994,3
Pakistan,1995,3
Pakistan,1996,4
Pakistan,1997,4
Pakistan,1998,4
Pakistan,1999,7
Pakistan,2000,6
Pakistan,2001,6
Pakistan,2002,6
Pakistan,2003,6
Pakistan,2004,6
Pakistan,2005,6
Pakistan,2006,6
Pakistan,2007,6
Pakistan,2008,4
Pakistan,2009,4
Pakistan,2010,4
Pakistan,2011,4
Pakistan,2012,4
Pakistan,2013,4
Pakistan,2014,4
Pakistan,2015,4
Pakistan,2016,4
Pakistan,2017,4
Pakistan,2018,5
Pakistan,2019,5
Pakistan,2020,5
Pakistan,2021,5
Pakistan,2022,5
Pakistan,2023,5
Pakistan,2024,5
Pakistan,2025,
Panama,1946,
Panama,1947,
Panama,1948,
Panama,1949,
Panama,1950,
Panama,1951,
Panama,1952,
Panama,1953,
Panama,1954,
Panama,1955,
Panama,1956,
Panama,1957,
Panama,1958,
Panama,1959,
Panama,1960,
Panama,1961,
Panama,1962,
Panama,1963,
Panama,1964,
Panama,1965,
Panama,1966,
Panama,1967,
Panama,1968,
Panama,1969,
Panama,1970,
Panama,1971,
Panama,1972,7
Panama,1973,7
Panama,1974,7
Panama,1975,7
Panama,1976,7
Panama,1977,6
Panama,1978,5
Panama,1979,5
Panama,1980,4
Panama,1981,5
Panama,1982,
Panama,1983,5
Panama,1984,4
Panama,1985,6
Panama,1986,6
Panama,1987,5
Panama,1988,6
Panama,1989,7
Panama,1990,4
Panama,1991,4
Panama,1992,4
Panama,1993,3
Panama,1994,2
Panama,1995,2
Panama,1996,2
Panama,1997,2
Panama,1998,2
Panama,1999,1
Panama,2000,1
Panama,2001,1
Panama,2002,1
Panama,2003,1
Panama,2004,1
Panama,2005,1
Panama,2006,1
Panama,2007,1
Panama,2008,1
Panama,2009,1
Panama,2010,1
Panama,2011,1
Panama,2012,1
Panama,2013,2
Panama,2014,2
Panama,2015,2
Panama,2016,2
Panama,2017,2
Panama,2018,1
Panama,2019,1
Panama,2020,2
Panama,2021,2
Panama,2022,2
Panama,2023,2
Panama,2024,2
Panama,2025,
Papua New Guinea,1976,2
Papua New Guinea,1977,2
Papua New Guinea,1978,2
Papua New Guinea,1979,2
Papua New Guinea,1980,2
Papua New Guinea,1981,2
Papua New Guinea,1982,
Papua New Guinea,1983,2
Papua New Guinea,1984,2
Papua New Guinea,1985,2
Papua New Guinea,1986,2
Papua New Guinea,1987,2
Papua New Guinea,1988,2
Papua New Guinea,1989,2
Papua New Guinea,1990,2
Papua New Guinea,1991,2
Papua New Guinea,1992,2
Papua New Guinea,1993,2
Papua New Guinea,1994,2
Papua New Guinea,1995,2
Papua New Guinea,1996,2
Papua New Guinea,1997,2
Papua New Guinea,1998,2
Papua New Guinea,1999,2
Papua New Guinea,2000,2
Papua New Guinea,2001,2
Papua New Guinea,2002,2
Papua New Guinea,2003,3
Papua New Guinea,2004,3
Papua New Guinea,2005,3
Papua New Guinea,2006,3
Papua New Guinea,2007,3
Papua New Guinea,2008,4
Papua New Guinea,2009,4
Papua New Guinea,2010,4
Papua New Guinea,2011,4
Papua New Guinea,2012,4
Papua New Guinea,2013,3
Papua New Guinea,2014,4
Papua New Guinea,2015,4
Papua New Guinea,2016,3
Papua New Guinea,2017,3
Papua New Guinea,2018,4
Papua New Guinea,2019,4
Papua New Guinea,2020,4
Papua New Guinea,2021,4
Papua New Guinea,2022,4
Papua New Guinea,2023,4
Papua New Guinea,2024,4
Papua New Guinea,2025,
Paraguay,1946,
Paraguay,1947,
Paraguay,1948,
Paraguay,1949,
Paraguay,1950,
Paraguay,1951,
Paraguay,1952,
Paraguay,1953,
Paraguay,1954,
Paraguay,1955,
Paraguay,1956,
Paraguay,1957,
Paraguay,1958,
Paraguay,1959,
Paraguay,1960,
Paraguay,1961,
Paraguay,1962,
Paraguay,1963,
Paraguay,1964,
Paraguay,1965,
Paraguay,1966,
Paraguay,1967,
Paraguay,1968,
Paraguay,1969,
Paraguay,1970,
Paraguay,1971,
Paraguay,1972,4
Paraguay,1973,5
Paraguay,1974,5
Paraguay,1975,5
Paraguay,1976,5
Paraguay,1977,5
Paraguay,1978,5
Paraguay,1979,5
Paraguay,1980,5
Paraguay,1981,5
Paraguay,1982,
Paraguay,1983,5
Paraguay,1984,5
Paraguay,1985,5
Paraguay,1986,5
Paraguay,1987,5
Paraguay,1988,6
Paraguay,1989,4
Paraguay,1990,4
Paraguay,1991,3
Paraguay,1992,3
Paraguay,1993,3
Paraguay,1994,4
Paraguay,1995,4
Paraguay,1996,4
Paraguay,1997,4
Paraguay,1998,4
Paraguay,1999,4
Paraguay,2000,4
Paraguay,2001,4
Paraguay,2002,4
Paraguay,2003,3
Paraguay,2004,3
Paraguay,2005,3
Paraguay,2006,3
Paraguay,2007,3
Paraguay,2008,3
Paraguay,2009,3
Paraguay,2010,3
Paraguay,2011,3
Paraguay,2012,3
Paraguay,2013,3
Paraguay,2014,3
Paraguay,2015,3
Paraguay,2016,3
Paraguay,2017,3
Paraguay,2018,3
Paraguay,2019,3
Paraguay,2020,3
Paraguay,2021,3
Paraguay,2022,3
Paraguay,2023,3
Paraguay,2024,3
Paraguay,2025,
Peru,1946,
Peru,1947,
Peru,1948,
Peru,1949,
Peru,1950,
Peru,1951,
Peru,1952,
Peru,1953,
Peru,1954,
Peru,1955,
Peru,1956,
Peru,1957,
Peru,1958,
Peru,1959,
Peru,1960,
Peru,1961,
Peru,1962,
Peru,1963,
Peru,1964,
Peru,1965,
Peru,1966,
Peru,1967,
Peru,1968,
Peru,1969,
Peru,1970,
Peru,1971,
Peru,1972,7
Peru,1973,7
Peru,1974,6
Peru,1975,6
Peru,1976,6
Peru,1977,6
Peru,1978,5
Peru,1979,5
Peru,1980,2
Peru,1981,2
Peru,1982,
Peru,1983,2
Peru,1984,2
Peru,1985,2
Peru,1986,2
Peru,1987,2
Peru,1988,2
Peru,1989,2
Peru,1990,3
Peru,1991,3
Peru,1992,6
Peru,1993,5
Peru,1994,5
Peru,1995,5
Peru,1996,4
Peru,1997,5
Peru,1998,5
Peru,1999,5
Peru,2000,3
Peru,2001,1
Peru,2002,2
Peru,2003,2
Peru,2004,2
Peru,2005,2
Peru,2006,2
Peru,2007,2
Peru,2008,2
Peru,2009,2
Peru,2010,2
Peru,2011,2
Peru,2012,2
Peru,2013,2
Peru,2014,2
Peru,2015,2
Peru,2016,2
Peru,2017,2
Peru,2018,2
Peru,2019,2
Peru,2020,3
Peru,2021,2
Peru,2022,3
Peru,2023,3
Peru,2024,3
Peru,2025,
Philippines (the),1947,
Philippines (the),1948,
Philippines (the),1949,
Philippines (the),1950,
Philippines (the),1951,
Philippines (the),1952,
Philippines (the),1953,
Philippines (the),1954,
Philippines (the),1955,
Philippines (the),1956,
Philippines (the),1957,
Philippines (the),1958,
Philippines (the),1959,
Philippines (the),1960,
Philippines (the),1961,
Philippines (the),1962,
Philippines (the),1963,
Philippines (the),1964,
Philippines (the),1965,
Philippines (the),1966,
Philippines (the),1967,
Philippines (the),1968,
Philippines (the),1969,
Philippines (the),1970,
Philippines (the),1971,
Philippines (the),1972,4
Philippines (the),1973,5
Philippines (the),1974,5
Philippines (the),1975,5
Philippines (the),1976,5
Philippines (the),1977,5
Philippines (the),1978,5
Philippines (the),1979,5
Philippines (the),1980,5
Philippines (the),1981,5
Philippines (the),1982,
Philippines (the),1983,5
Philippines (the),1984,4
Philippines (the),1985,4
Philippines (the),1986,4
Philippines (the),1987,2
Philippines (the),1988,2
Philippines (the),1989,2
Philippines (the),1990,3
Philippines (the),1991,3
Philippines (the),1992,3
Philippines (the),1993,3
Philippines (the),1994,3
Philippines (the),1995,2
Philippines (the),1996,2
Philippines (the),1997,2
Philippines (the),1998,2
Philippines (the),1999,2
Philippines (the),2000,2
Philippines (the),2001,2
Philippines (the),2002,2
Philippines (the),2003,2
Philippines (the),2004,2
Philippines (the),2005,3
Philippines (the),2006,3
Philippines (the),2007,4
Philippines (the),2008,4
Philippines (the),2009,4
Philippines (the),2010,3
Philippines (the),2011,3
Philippines (the),2012,3
Philippines (the),2013,3
Philippines (the),2014,3
Philippines (the),2015,3
Philippines (the),2016,3
Philippines (the),2017,3
Philippines (the),2018,3
Philippines (the),2019,3
Philippines (the),2020,3
Philippines (the),2021,3
Philippines (the),2022,3
Philippines (the),2023,3
Philippines (the),2024,3
Philippines (the),2025,
Poland,1946,
Poland,1947,
Poland,1948,
Poland,1949,
Poland,1950,
Poland,1951,
Poland,1952,
Poland,1953,
Poland,1954,
Poland,1955,
Poland,1956,
Poland,1957,
Poland,1958,
Poland,1959,
Poland,1960,
Poland,1961,
Poland,1962,
Poland,1963,
Poland,1964,
Poland,1965,
Poland,1966,
Poland,1967,
Poland,1968,
Poland,1969,
Poland,1970,
Poland,1971,
Poland,1972,6
Poland,1973,6
Poland,1974,6
Poland,1975,6
Poland,1976,6
Poland,1977,6
Poland,1978,6
Poland,1979,6
Poland,1980,6
Poland,1981,7
Poland,1982,
Poland,1983,6
Poland,1984,6
Poland,1985,6
Poland,1986,6
Poland,1987,5
Poland,1988,5
Poland,1989,4
Poland,1990,2
Poland,1991,2
Poland,1992,2
Poland,1993,2
Poland,1994,2
Poland,1995,1
Poland,1996,1
Poland,1997,1
Poland,1998,1
Poland,1999,1
Poland,2000,1
Poland,2001,1
Poland,2002,1
Poland,2003,1
Poland,2004,1
Poland,2005,1
Poland,2006,1
Poland,2007,1
Poland,2008,1
Poland,2009,1
Poland,2010,1
Poland,2011,1
Poland,2012,1
Poland,2013,1
Poland,2014,1
Poland,2015,1
Poland,2016,1
Poland,2017,1
Poland,2018,2
Poland,2019,2
Poland,2020,2
Poland,2021,2
Poland,2022,2
Poland,2023,2
Poland,2024,2
Poland,2025,
Portugal,1946,
Portugal,1947,
Portugal,1948,
Portugal,1949,
Portugal,1950,
Portugal,1951,
Portugal,1952,
Portugal,1953,
Portugal,1954,
Portugal,1955,
Portugal,1956,
Portugal,1957,
Portugal,1958,
Portugal,1959,
Portugal,1960,
Portugal,1961,
Portugal,1962,
Portugal,1963,
Portugal,1964,
Portugal,1965,
Portugal,1966,
Portugal,1967,
Portugal,1968,
Portugal,1969,
Portugal,1970,
Portugal,1971,
Portugal,1972,5
Portugal,1973,5
Portugal,1974,5
Portugal,1975,5
Portugal,1976,2
Portugal,1977,2
Portugal,1978,2
Portugal,1979,2
Portugal,1980,2
Portugal,1981,2
Portugal,1982,
Portugal,1983,1
Portugal,1984,1
Portugal,1985,1
Portugal,1986,1
Portugal,1987,1
Portugal,1988,1
Portugal,1989,1
Portugal,1990,1
Portugal,1991,1
Portugal,1992,1
Portugal,1993,1
Portugal,1994,1
Portugal,1995,1
Portugal,1996,1
Portugal,1997,1
Portugal,1998,1
Portugal,1999,1
Portugal,2000,1
Portugal,2001,1
Portugal,2002,1
Portugal,2003,1
Portugal,2004,1
Portugal,2005,1
Portugal,2006,1
Portugal,2007,1
Portugal,2008,1
Portugal,2009,1
Portugal,2010,1
Portugal,2011,1
Portugal,2012,1
Portugal,2013,1
Portugal,2014,1
Portugal,2015,1
Portugal,2016,1
Portugal,2017,1
Portugal,2018,1
Portugal,2019,1
Portugal,2020,1
Portugal,2021,1
Portugal,2022,1
Portugal,2023,1
Portugal,2024,1
Portugal,2025,
Guinea-Bissau,1975,6
Guinea-Bissau,1976,6
Guinea-Bissau,1977,6
Guinea-Bissau,1978,6
Guinea-Bissau,1979,6
Guinea-Bissau,1980,6
Guinea-Bissau,1981,6
Guinea-Bissau,1982,
Guinea-Bissau,1983,7
Guinea-Bissau,1984,6
Guinea-Bissau,1985,6
Guinea-Bissau,1986,6
Guinea-Bissau,1987,6
Guinea-Bissau,1988,6
Guinea-Bissau,1989,6
Guinea-Bissau,1990,6
Guinea-Bissau,1991,6
Guinea-Bissau,1992,6
Guinea-Bissau,1993,6
Guinea-Bissau,1994,3
Guinea-Bissau,1995,3
Guinea-Bissau,1996,3
Guinea-Bissau,1997,3
Guinea-Bissau,1998,3
Guinea-Bissau,1999,3
Guinea-Bissau,2000,4
Guinea-Bissau,2001,4
Guinea-Bissau,2002,4
Guinea-Bissau,2003,6
Guinea-Bissau,2004,4
Guinea-Bissau,2005,3
Guinea-Bissau,2006,4
Guinea-Bissau,2007,4
Guinea-Bissau,2008,4
Guinea-Bissau,2009,4
Guinea-Bissau,2010,4
Guinea-Bissau,2011,4
Guinea-Bissau,2012,6
Guinea-Bissau,2013,6
Guinea-Bissau,2014,5
Guinea-Bissau,2015,5
Guinea-Bissau,2016,5
Guinea-Bissau,2017,5
Guinea-Bissau,2018,5
Guinea-Bissau,2019,5
Guinea-Bissau,2020,5
Guinea-Bissau,2021,5
Guinea-Bissau,2022,5
Guinea-Bissau,2023,5
Guinea-Bissau,2024,5
Guinea-Bissau,2025,
Timor-Leste,2002,3
Timor-Leste,2003,3
Timor-Leste,2004,3
Timor-Leste,2005,3
Timor-Leste,2006,3
Timor-Leste,2007,3
Timor-Leste,2008,3
Timor-Leste,2009,3
Timor-Leste,2010,3
Timor-Leste,2011,3
Timor-Leste,2012,3
Timor-Leste,2013,3
Timor-Leste,2014,3
Timor-Leste,2015,3
Timor-Leste,2016,3
Timor-Leste,2017,2
Timor-Leste,2018,2
Timor-Leste,2019,2
Timor-Leste,2020,2
Timor-Leste,2021,2
Timor-Leste,2022,2
Timor-Leste,2023,2
Timor-Leste,2024,2
Timor-Leste,2025,
Qatar,1972,6
Qatar,1973,6
Qatar,1974,6
Qatar,1975,6
Qatar,1976,5
Qatar,1977,5
Qatar,1978,5
Qatar,1979,5
Qatar,1980,5
Qatar,1981,5
Qatar,1982,
Qatar,1983,5
Qatar,1984,5
Qatar,1985,5
Qatar,1986,5
Qatar,1987,5
Qatar,1988,5
Qatar,1989,7
Qatar,1990,7
Qatar,1991,7
Qatar,1992,7
Qatar,1993,7
Qatar,1994,7
Qatar,1995,7
Qatar,1996,7
Qatar,1997,7
Qatar,1998,7
Qatar,1999,6
Qatar,2000,6
Qatar,2001,6
Qatar,2002,6
Qatar,2003,6
Qatar,2004,6
Qatar,2005,6
Qatar,2006,6
Qatar,2007,6
Qatar,2008,6
Qatar,2009,6
Qatar,2010,6
Qatar,2011,6
Qatar,2012,6
Qatar,2013,6
Qatar,2014,6
Qatar,2015,6
Qatar,2016,6
Qatar,2017,6
Qatar,2018,6
Qatar,2019,6
Qatar,2020,6
Qatar,2021,6
Qatar,2022,6
Qatar,2023,6
Qatar,2024,6
Qatar,2025,
Romania,1946,
Romania,1947,
Romania,1948,
Romania,1949,
Romania,1950,
Romania,1951,
Romania,1952,
Romania,1953,
Romania,1954,
Romania,1955,
Romania,1956,
Romania,1957,
Romania,1958,
Romania,1959,
Romania,1960,
Romania,1961,
Romania,1962,
Romania,1963,
Romania,1964,
Romania,1965,
Romania,1966,
Romania,1967,
Romania,1968,
Romania,1969,
Romania,1970,
Romania,1971,
Romania,1972,7
Romania,1973,7
Romania,1974,7
Romania,1975,7
Romania,1976,7
Romania,1977,7
Romania,1978,7
Romania,1979,7
Romania,1980,7
Romania,1981,7
Romania,1982,
Romania,1983,7
Romania,1984,7
Romania,1985,7
Romania,1986,7
Romania,1987,7
Romania,1988,7
Romania,1989,7
Romania,1990,6
Romania,1991,5
Romania,1992,4
Romania,1993,4
Romania,1994,4
Romania,1995,4
Romania,1996,2
Romania,1997,2
Romania,1998,2
Romania,1999,2
Romania,2000,2
Romania,2001,2
Romania,2002,2
Romania,2003,2
Romania,2004,3
Romania,2005,2
Romania,2006,2
Romania,2007,2
Romania,2008,2
Romania,2009,2
Romania,2010,2
Romania,2011,2
Romania,2012,2
Romania,2013,2
Romania,2014,2
Romania,2015,2
Romania,2016,2
Romania,2017,2
Romania,2018,2
Romania,2019,2
Romania,2020,2
Romania,2021,2
Romania,2022,2
Romania,2023,2
Romania,2024,2
Romania,2025,
Russian Federation (the),1992,3
Russian Federation (the),1993,3
Russian Federation (the),1994,3
Russian Federation (the),1995,3
Russian Federation (the),1996,3
Russian Federation (the),1997,3
Russian Federation (the),1998,4
Russian Federation (the),1999,4
Russian Federation (the),2000,5
Russian Federation (the),2001,5
Russian Federation (the),2002,5
Russian Federation (the),2003,5
Russian Federation (the),2004,6
Russian Federation (the),2005,6
Russian Federation (the),2006,6
Russian Federation (the),2007,6
Russian Federation (the),2008,6
Russian Federation (the),2009,6
Russian Federation (the),2010,6
Russian Federation (the),2011,6
Russian Federation (the),2012,6
Russian Federation (the),2013,6
Russian Federation (the),2014,6
Russian Federation (the),2015,6
Russian Federation (the),2016,7
Russian Federation (the),2017,7
Russian Federation (the),2018,7
Russian Federation (the),2019,7
Russian Federation (the),2020,7
Russian Federation (the),2021,7
Russian Federation (the),2022,7
Russian Federation (the),2023,7
Russian Federation (the),2024,7
Russian Federation (the),2025,
Rwanda,1963,
Rwanda,1964,
Rwanda,1965,
Rwanda,1966,
Rwanda,1967,
Rwanda,1968,
Rwanda,1969,
Rwanda,1970,
Rwanda,1971,
Rwanda,1972,7
Rwanda,1973,7
Rwanda,1974,7
Rwanda,1975,7
Rwanda,1976,7
Rwanda,1977,7
Rwanda,1978,6
Rwanda,1979,6
Rwanda,1980,6
Rwanda,1981,6
Rwanda,1982,
Rwanda,1983,6
Rwanda,1984,6
Rwanda,1985,6
Rwanda,1986,6
Rwanda,1987,6
Rwanda,1988,6
Rwanda,1989,6
Rwanda,1990,6
Rwanda,1991,6
Rwanda,1992,6
Rwanda,1993,6
Rwanda,1994,7
Rwanda,1995,7
Rwanda,1996,7
Rwanda,1997,7
Rwanda,1998,7
Rwanda,1999,7
Rwanda,2000,7
Rwanda,2001,7
Rwanda,2002,7
Rwanda,2003,6
Rwanda,2004,6
Rwanda,2005,6
Rwanda,2006,6
Rwanda,2007,6
Rwanda,2008,6
Rwanda,2009,6
Rwanda,2010,6
Rwanda,2011,6
Rwanda,2012,6
Rwanda,2013,6
Rwanda,2014,6
Rwanda,2015,6
Rwanda,2016,6
Rwanda,2017,6
Rwanda,2018,6
Rwanda,2019,6
Rwanda,2020,6
Rwanda,2021,6
Rwanda,2022,6
Rwanda,2023,6
Rwanda,2024,6
Rwanda,2025,
Saint Kitts and Nevis,1984,1
Saint Kitts and Nevis,1985,1
Saint Kitts and Nevis,1986,1
Saint Kitts and Nevis,1987,1
Saint Kitts and Nevis,1988,1
Saint Kitts and Nevis,1989,1
Saint Kitts and Nevis,1990,1
Saint Kitts and Nevis,1991,1
Saint Kitts and Nevis,1992,1
Saint Kitts and Nevis,1993,1
Saint Kitts and Nevis,1994,2
Saint Kitts and Nevis,1995,1
Saint Kitts and Nevis,1996,1
Saint Kitts and Nevis,1997,1
Saint Kitts and Nevis,1998,1
Saint Kitts and Nevis,1999,1
Saint Kitts and Nevis,2000,1
Saint Kitts and Nevis,2001,1
Saint Kitts and Nevis,2002,1
Saint Kitts and Nevis,2003,1
Saint Kitts and Nevis,2004,1
Saint Kitts and Nevis,2005,1
Saint Kitts and Nevis,2006,1
Saint Kitts and Nevis,2007,1
Saint Kitts and Nevis,2008,1
Saint Kitts and Nevis,2009,1
Saint Kitts and Nevis,2010,1
Saint Kitts and Nevis,2011,1
Saint Kitts and Nevis,2012,1
Saint Kitts and Nevis,2013,1
Saint Kitts and Nevis,2014,1
Saint Kitts and Nevis,2015,2
Saint Kitts and Nevis,2016,1
Saint Kitts and Nevis,2017,1
Saint Kitts and Nevis,2018,1
Saint Kitts and Nevis,2019,1
Saint Kitts and Nevis,2020,2
Saint Kitts and Nevis,2021,2
Saint Kitts and Nevis,2022,2
Saint Kitts and Nevis,2023,2
Saint Kitts and Nevis,2024,2
Saint Kitts and Nevis,2025,
Saint Lucia,1979,2
Saint Lucia,1980,2
Saint Lucia,1981,2
Saint Lucia,1982,
Saint Lucia,1983,2
Saint Lucia,1984,1
Saint Lucia,1985,1
Saint Lucia,1986,1
Saint Lucia,1987,1
Saint Lucia,1988,1
Saint Lucia,1989,1
Saint Lucia,1990,1
Saint Lucia,1991,1
Saint Lucia,1992,1
Saint Lucia,1993,1
Saint Lucia,1994,1
Saint Lucia,1995,1
Saint Lucia,1996,1
Saint Lucia,1997,1
Saint Lucia,1998,1
Saint Lucia,1999,1
Saint Lucia,2000,1
Saint Lucia,2001,1
Saint Lucia,2002,1
Saint Lucia,2003,1
Saint Lucia,2004,1
Saint Lucia,2005,1
Saint Lucia,2006,1
Saint Lucia,2007,1
Saint Lucia,2008,1
Saint Lucia,2009,1
Saint Lucia,2010,1
Saint Lucia,2011,1
Saint Lucia,2012,1
Saint Lucia,2013,1
Saint Lucia,2014,1
Saint Lucia,2015,1
Saint Lucia,2016,1
Saint Lucia,2017,1
Saint Lucia,2018,1
Saint Lucia,2019,1
Saint Lucia,2020,1
Saint Lucia,2021,1
Saint Lucia,2022,1
Saint Lucia,2023,1
Saint Lucia,2024,1
Saint Lucia,2025,
Saint Vincent and the Grenadines,1980,2
Saint Vincent and the Grenadines,1981,2
Saint Vincent and the Grenadines,1982,
Saint Vincent and the Grenadines,1983,2
Saint Vincent and the Grenadines,1984,2
Saint Vincent and the Grenadines,1985,2
Saint Vincent and the Grenadines,1986,2
Saint Vincent and the Grenadines,1987,1
Saint Vincent and the Grenadines,1988,1
Saint Vincent and the Grenadines,1989,1
Saint Vincent and the Grenadines,1990,1
Saint Vincent and the Grenadines,1991,1
Saint Vincent and the Grenadines,1992,1
Saint Vincent and the Grenadines,1993,1
Saint Vincent and the Grenadines,1994,2
Saint Vincent and the Grenadines,1995,2
Saint Vincent and the Grenadines,1996,2
Saint Vincent and the Grenadines,1997,2
Saint Vincent and the Grenadines,1998,2
Saint Vincent and the Grenadines,1999,2
Saint Vincent and the Grenadines,2000,2
Saint Vincent and the Grenadines,2001,2
Saint Vincent and the Grenadines,2002,2
Saint Vincent and the Grenadines,2003,2
Saint Vincent and the Grenadines,2004,2
Saint Vincent and the Grenadines,2005,2
Saint Vincent and the Grenadines,2006,2
Saint Vincent and the Grenadines,2007,2
Saint Vincent and the Grenadines,2008,2
Saint Vincent and the Grenadines,2009,2
Saint Vincent and the Grenadines,2010,1
Saint Vincent and the Grenadines,2011,1
Saint Vincent and the Grenadines,2012,1
Saint Vincent and the Grenadines,2013,1
Saint Vincent and the Grenadines,2014,1
Saint Vincent and the Grenadines,2015,1
Saint Vincent and the Grenadines,2016,1
Saint Vincent and the Grenadines,2017,1
Saint Vincent and the Grenadines,2018,1
Saint Vincent and the Grenadines,2019,1
Saint Vincent and the Grenadines,2020,1
Saint Vincent and the Grenadines,2021,1
Saint Vincent and the Grenadines,2022,1
Saint Vincent and the Grenadines,2023,1
Saint Vincent and the Grenadines,2024,1
Saint Vincent and the Grenadines,2025,
San Marino,1946,
San Marino,1947,
San Marino,1948,
San Marino,1949,
San Marino,1950,
San Marino,1951,
San Marino,1952,
San Marino,1953,
San Marino,1954,
San Marino,1955,
San Marino,1956,
San Marino,1957,
San Marino,1958,
San Marino,1959,
San Marino,1960,
San Marino,1961,
San Marino,1962,
San Marino,1963,
San Marino,1964,
San Marino,1965,
San Marino,1966,
San Marino,1967,
San Marino,1968,
San Marino,1969,
San Marino,1970,
San Marino,1971,
San Marino,1972,2
San Marino,1973,2
San Marino,1974,2
San Marino,1975,2
San Marino,1976,2
San Marino,1977,
San Marino,1978,
San Marino,1979,
San Marino,1980,
San Marino,1981,
San Marino,1982,
San Marino,1983,
San Marino,1984,
San Marino,1985,
San Marino,1986,
San Marino,1987,
San Marino,1988,
San Marino,1989,
San Marino,1990,
San Marino,1991,
San Marino,1992,1
San Marino,1993,1
San Marino,1994,1
San Marino,1995,1
San Marino,1996,1
San Marino,1997,1
San Marino,1998,1
San Marino,1999,1
San Marino,2000,1
San Marino,2001,1
San Marino,2002,1
San Marino,2003,1
San Marino,2004,1
San Marino,2005,1
San Marino,2006,1
San Marino,2007,1
San Marino,2008,1
San Marino,2009,1
San Marino,2010,1
San Marino,2011,1
San Marino,2012,1
San Marino,2013,1
San Marino,2014,1
San Marino,2015,1
San Marino,2016,1
San Marino,2017,1
San Marino,2018,1
San Marino,2019,1
San Marino,2020,1
San Marino,2021,1
San Marino,2022,1
San Marino,2023,1
San Marino,2024,1
San Marino,2025,
Sao Tome and Principe,1975,5
Sao Tome and Principe,1976,5
Sao Tome and Principe,1977,6
Sao Tome and Principe,1978,6
Sao Tome and Principe,1979,6
Sao Tome and Principe,1980,6
Sao Tome and Principe,1981,6
Sao Tome and Principe,1982,
Sao Tome and Principe,1983,7
Sao Tome and Principe,1984,7
Sao Tome and Principe,1985,7
Sao Tome and Principe,1986,7
Sao Tome and Principe,1987,7
Sao Tome and Principe,1988,6
Sao Tome and Principe,1989,6
Sao Tome and Principe,1990,5
Sao Tome and Principe,1991,2
Sao Tome and Principe,1992,2
Sao Tome and Principe,1993,1
Sao Tome and Principe,1994,1
Sao Tome and Principe,1995,1
Sao Tome and Principe,1996,1
Sao Tome and Principe,1997,1
Sao Tome and Principe,1998,1
Sao Tome and Principe,1999,1
Sao Tome and Principe,2000,1
Sao Tome and Principe,2001,1
Sao Tome and Principe,2002,1
Sao Tome and Principe,2003,2
Sao Tome and Principe,2004,2
Sao Tome and Principe,2005,2
Sao Tome and Principe,2006,2
Sao Tome and Principe,2007,2
Sao Tome and Principe,2008,2
Sao Tome and Principe,2009,2
Sao Tome and Principe,2010,2
Sao Tome and Principe,2011,2
Sao Tome and Principe,2012,2
Sao Tome and Principe,2013,2
Sao Tome and Principe,2014,2
Sao Tome and Principe,2015,2
Sao Tome and Principe,2016,2
Sao Tome and Principe,2017,2
Sao Tome and Principe,2018,2
Sao Tome and Principe,2019,2
Sao Tome and Principe,2020,2
Sao Tome and Principe,2021,2
Sao Tome and Principe,2022,2
Sao Tome and Principe,2023,2
Sao Tome and Principe,2024,2
Sao Tome and Principe,2025,
Saudi Arabia,1946,
Saudi Arabia,1947,
Saudi Arabia,1948,
Saudi Arabia,1949,
Saudi Arabia,1950,
Saudi Arabia,1951,
Saudi Arabia,1952,
Saudi Arabia,1953,
Saudi Arabia,1954,
Saudi Arabia,1955,
Saudi Arabia,1956,
Saudi Arabia,1957,
Saudi Arabia,1958,
Saudi Arabia,1959,
Saudi Arabia,1960,
Saudi Arabia,1961,
Saudi Arabia,1962,
Saudi Arabia,1963,
Saudi Arabia,1964,
Saudi Arabia,1965,
Saudi Arabia,1966,
Saudi Arabia,1967,
Saudi Arabia,1968,
Saudi Arabia,1969,
Saudi Arabia,1970,
Saudi Arabia,1971,
Saudi Arabia,1972,6
Saudi Arabia,1973,6
Saudi Arabia,1974,6
Saudi Arabia,1975,6
Saudi Arabia,1976,6
Saudi Arabia,1977,6
Saudi Arabia,1978,6
Saudi Arabia,1979,6
Saudi Arabia,1980,6
Saudi Arabia,1981,6
Saudi Arabia,1982,
Saudi Arabia,1983,6
Saudi Arabia,1984,6
Saudi Arabia,1985,6
Saudi Arabia,1986,6
Saudi Arabia,1987,6
Saudi Arabia,1988,6
Saudi Arabia,1989,7
Saudi Arabia,1990,7
Saudi Arabia,1991,7
Saudi Arabia,1992,7
Saudi Arabia,1993,7
Saudi Arabia,1994,7
Saudi Arabia,1995,7
Saudi Arabia,1996,7
Saudi Arabia,1997,7
Saudi Arabia,1998,7
Saudi Arabia,1999,7
Saudi Arabia,2000,7
Saudi Arabia,2001,7
Saudi Arabia,2002,7
Saudi Arabia,2003,7
Saudi Arabia,2004,7
Saudi Arabia,2005,7
Saudi Arabia,2006,7
Saudi Arabia,2007,7
Saudi Arabia,2008,7
Saudi Arabia,2009,7
Saudi Arabia,2010,7
Saudi Arabia,2011,7
Saudi Arabia,2012,7
Saudi Arabia,2013,7
Saudi Arabia,2014,7
Saudi Arabia,2015,7
Saudi Arabia,2016,7
Saudi Arabia,2017,7
Saudi Arabia,2018,7
Saudi Arabia,2019,7
Saudi Arabia,2020,7
Saudi Arabia,2021,7
Saudi Arabia,2022,7
Saudi Arabia,2023,7
Saudi Arabia,2024,7
Saudi Arabia,2025,
Senegal,1961,
Senegal,1962,
Senegal,1963,
Senegal,1964,
Senegal,1965,
Senegal,1966,
Senegal,1967,
Senegal,1968,
Senegal,1969,
Senegal,1970,
Senegal,1971,
Senegal,1972,6
Senegal,1973,6
Senegal,1974,6
Senegal,1975,6
Senegal,1976,6
Senegal,1977,5
Senegal,1978,4
Senegal,1979,4
Senegal,1980,4
Senegal,1981,4
Senegal,1982,
Senegal,1983,4
Senegal,1984,3
Senegal,1985,3
Senegal,1986,3
Senegal,1987,3
Senegal,1988,3
Senegal,1989,4
Senegal,1990,4
Senegal,1991,4
Senegal,1992,4
Senegal,1993,4
Senegal,1994,4
Senegal,1995,4
Senegal,1996,4
Senegal,1997,4
Senegal,1998,4
Senegal,1999,4
Senegal,2000,3
Senegal,2001,3
Senegal,2002,2
Senegal,2003,2
Senegal,2004,2
Senegal,2005,2
Senegal,2006,2
Senegal,2007,2
Senegal,2008,3
Senegal,2009,3
Senegal,2010,3
Senegal,2011,3
Senegal,2012,2
Senegal,2013,2
Senegal,2014,2
Senegal,2015,2
Senegal,2016,2
Senegal,2017,2
Senegal,2018,2
Senegal,2019,3
Senegal,2020,3
Senegal,2021,3
Senegal,2022,3
Senegal,2023,3
Senegal,2024,2
Senegal,2025,
Serbia,2006,3
Serbia,2007,3
Serbia,2008,3
Serbia,2009,2
Serbia,2010,2
Serbia,2011,2
Serbia,2012,2
Serbia,2013,2
Serbia,2014,2
Serbia,2015,2
Serbia,2016,3
Serbia,2017,3
Serbia,2018,3
Serbia,2019,4
Serbia,2020,4
Serbia,2021,4
Serbia,2022,4
Serbia,2023,4
Serbia,2024,4
Serbia,2025,
Seychelles,1976,1
Seychelles,1977,6
Seychelles,1978,6
Seychelles,1979,6
Seychelles,1980,6
Seychelles,1981,6
Seychelles,1982,
Seychelles,1983,6
Seychelles,1984,6
Seychelles,1985,6
Seychelles,1986,6
Seychelles,1987,6
Seychelles,1988,6
Seychelles,1989,6
Seychelles,1990,6
Seychelles,1991,6
Seychelles,1992,6
Seychelles,1993,3
Seychelles,1994,3
Seychelles,1995,3
Seychelles,1996,3
Seychelles,1997,3
Seychelles,1998,3
Seychelles,1999,3
Seychelles,2000,3
Seychelles,2001,3
Seychelles,2002,3
Seychelles,2003,3
Seychelles,2004,3
Seychelles,2005,3
Seychelles,2006,3
Seychelles,2007,3
Seychelles,2008,3
Seychelles,2009,3
Seychelles,2010,3
Seychelles,2011,3
Seychelles,2012,3
Seychelles,2013,3
Seychelles,2014,3
Seychelles,2015,3
Seychelles,2016,3
Seychelles,2017,3
Seychelles,2018,3
Seychelles,2019,3
Seychelles,2020,2
Seychelles,2021,2
Seychelles,2022,2
Seychelles,2023,2
Seychelles,2024,2
Seychelles,2025,
Sierra Leone,1961,
Sierra Leone,1962,
Sierra Leone,1963,
Sierra Leone,1964,
Sierra Leone,1965,
Sierra Leone,1966,
Sierra Leone,1967,
Sierra Leone,1968,
Sierra Leone,1969,
Sierra Leone,1970,
Sierra Leone,1971,
Sierra Leone,1972,4
Sierra Leone,1973,6
Sierra Leone,1974,6
Sierra Leone,1975,6
Sierra Leone,1976,6
Sierra Leone,1977,5
Sierra Leone,1978,5
Sierra Leone,1979,5
Sierra Leone,1980,5
Sierra Leone,1981,5
Sierra Leone,1982,
Sierra Leone,1983,5
Sierra Leone,1984,4
Sierra Leone,1985,5
Sierra Leone,1986,5
Sierra Leone,1987,5
Sierra Leone,1988,5
Sierra Leone,1989,6
Sierra Leone,1990,6
Sierra Leone,1991,6
Sierra Leone,1992,7
Sierra Leone,1993,7
Sierra Leone,1994,7
Sierra Leone,1995,7
Sierra Leone,1996,4
Sierra Leone,1997,7
Sierra Leone,1998,3
Sierra Leone,1999,3
Sierra Leone,2000,4
Sierra Leone,2001,4
Sierra Leone,2002,4
Sierra Leone,2003,4
Sierra Leone,2004,4
Sierra Leone,2005,4
Sierra Leone,2006,4
Sierra Leone,2007,3
Sierra Leone,2008,3
Sierra Leone,2009,3
Sierra Leone,2010,3
Sierra Leone,2011,3
Sierra Leone,2012,2
Sierra Leone,2013,3
Sierra Leone,2014,3
Sierra Leone,2015,3
Sierra Leone,2016,3
Sierra Leone,2017,3
Sierra Leone,2018,3
Sierra Leone,2019,3
Sierra Leone,2020,3
Sierra Leone,2021,3
Sierra Leone,2022,3
Sierra Leone,2023,3
Sierra Leone,2024,4
Sierra Leone,2025,
Singapore,1966,
Singapore,1967,
Singapore,1968,
Singapore,1969,
Singapore,1970,
Singapore,1971,
Singapore,1972,5
Singapore,1973,5
Singapore,1974,5
Singapore,1975,5
Singapore,1976,5
Singapore,1977,5
Singapore,1978,5
Singapore,1979,5
Singapore,1980,5
Singapore,1981,4
Singapore,1982,
Singapore,1983,4
Singapore,1984,4
Singapore,1985,4
Singapore,1986,4
Singapore,1987,4
Singapore,1988,4
Singapore,1989,4
Singapore,1990,4
Singapore,1991,4
Singapore,1992,4
Singapore,1993,5
Singapore,1994,5
Singapore,1995,5
Singapore,1996,4
Singapore,1997,5
Singapore,1998,5
Singapore,1999,5
Singapore,2000,5
Singapore,2001,5
Singapore,2002,5
Singapore,2003,5
Singapore,2004,5
Singapore,2005,5
Singapore,2006,5
Singapore,2007,5
Singapore,2008,5
Singapore,2009,5
Singapore,2010,5
Singapore,2011,4
Singapore,2012,4
Singapore,2013,4
Singapore,2014,4
Singapore,2015,4
Singapore,2016,4
Singapore,2017,4
Singapore,2018,4
Singapore,2019,4
Singapore,2020,4
Singapore,2021,4
Singapore,2022,4
Singapore,2023,4
Singapore,2024,4
Singapore,2025,
Slovakia,1993,3
Slovakia,1994,2
Slovakia,1995,2
Slovakia,1996,2
Slovakia,1997,2
Slovakia,1998,2
Slovakia,1999,1
Slovakia,2000,1
Slovakia,2001,1
Slovakia,2002,1
Slovakia,2003,1
Slovakia,2004,1
Slovakia,2005,1
Slovakia,2006,1
Slovakia,2007,1
Slovakia,2008,1
Slovakia,2009,1
Slovakia,2010,1
Slovakia,2011,1
Slovakia,2012,1
Slovakia,2013,1
Slovakia,2014,1
Slovakia,2015,1
Slovakia,2016,1
Slovakia,2017,1
Slovakia,2018,1
Slovakia,2019,1
Slovakia,2020,1
Slovakia,2021,1
Slovakia,2022,1
Slovakia,2023,1
Slovakia,2024,1
Slovakia,2025,
Viet Nam,1977,7
Viet Nam,1978,7
Viet Nam,1979,7
Viet Nam,1980,7
Viet Nam,1981,7
Viet Nam,1982,
Viet Nam,1983,7
Viet Nam,1984,7
Viet Nam,1985,7
Viet Nam,1986,7
Viet Nam,1987,6
Viet Nam,1988,6
Viet Nam,1989,7
Viet Nam,1990,7
Viet Nam,1991,7
Viet Nam,1992,7
Viet Nam,1993,7
Viet Nam,1994,7
Viet Nam,1995,7
Viet Nam,1996,7
Viet Nam,1997,7
Viet Nam,1998,7
Viet Nam,1999,7
Viet Nam,2000,7
Viet Nam,2001,7
Viet Nam,2002,7
Viet Nam,2003,7
Viet Nam,2004,7
Viet Nam,2005,7
Viet Nam,2006,7
Viet Nam,2007,7
Viet Nam,2008,7
Viet Nam,2009,7
Viet Nam,2010,7
Viet Nam,2011,7
Viet Nam,2012,7
Viet Nam,2013,7
Viet Nam,2014,7
Viet Nam,2015,7
Viet Nam,2016,7
Viet Nam,2017,7
Viet Nam,2018,7
Viet Nam,2019,7
Viet Nam,2020,7
Viet Nam,2021,7
Viet Nam,2022,7
Viet Nam,2023,7
Viet Nam,2024,7
Viet Nam,2025,
Slovenia,1991,2
Slovenia,1992,2
Slovenia,1993,1
Slovenia,1994,1
Slovenia,1995,1
Slovenia,1996,1
Slovenia,1997,1
Slovenia,1998,1
Slovenia,1999,1
Slovenia,2000,1
Slovenia,2001,1
Slovenia,2002,1
Slovenia,2003,1
Slovenia,2004,1
Slovenia,2005,1
Slovenia,2006,1
Slovenia,2007,1
Slovenia,2008,1
Slovenia,2009,1
Slovenia,2010,1
Slovenia,2011,1
Slovenia,2012,1
Slovenia,2013,1
Slovenia,2014,1
Slovenia,2015,1
Slovenia,2016,1
Slovenia,2017,1
Slovenia,2018,1
Slovenia,2019,1
Slovenia,2020,1
Slovenia,2021,1
Slovenia,2022,1
Slovenia,2023,1
Slovenia,2024,1
Slovenia,2025,
Somalia,1961,
Somalia,1962,
Somalia,1963,
Somalia,1964,
Somalia,1965,
Somalia,1966,
Somalia,1967,
Somalia,1968,
Somalia,1969,
Somalia,1970,
Somalia,1971,
Somalia,1972,7
Somalia,1973,7
Somalia,1974,7
Somalia,1975,7
Somalia,1976,7
Somalia,1977,7
Somalia,1978,7
Somalia,1979,7
Somalia,1980,7
Somalia,1981,7
Somalia,1982,
Somalia,1983,7
Somalia,1984,7
Somalia,1985,7
Somalia,1986,7
Somalia,1987,7
Somalia,1988,7
Somalia,1989,7
Somalia,1990,7
Somalia,1991,7
Somalia,1992,7
Somalia,1993,7
Somalia,1994,7
Somalia,1995,7
Somalia,1996,7
Somalia,1997,7
Somalia,1998,7
Somalia,1999,7
Somalia,2000,6
Somalia,2001,6
Somalia,2002,6
Somalia,2003,6
Somalia,2004,6
Somalia,2005,6
Somalia,2006,7
Somalia,2007,7
Somalia,2008,7
Somalia,2009,7
Somalia,2010,7
Somalia,2011,7
Somalia,2012,7
Somalia,2013,7
Somalia,2014,7
Somalia,2015,7
Somalia,2016,7
Somalia,2017,7
Somalia,2018,7
Somalia,2019,7
Somalia,2020,7
Somalia,2021,7
Somalia,2022,7
Somalia,2023,7
Somalia,2024,7
Somalia,2025,
South Africa,1946,
South Africa,1947,
South Africa,1948,
South Africa,1949,
South Africa,1950,
South Africa,1951,
South Africa,1952,
South Africa,1953,
South Africa,1954,
South Africa,1955,
South Africa,1956,
South Africa,1957,
South Africa,1958,
South Africa,1959,
South Africa,1960,
South Africa,1961,
South Africa,1962,
South Africa,1963,
South Africa,1964,
South Africa,1965,
South Africa,1966,
South Africa,1967,
South Africa,1968,
South Africa,1969,
South Africa,1970,
South Africa,1971,
South Africa,1972,
South Africa,1973,4
South Africa,1974,4
South Africa,1975,4
South Africa,1976,4
South Africa,1977,5
South Africa,1978,5
South Africa,1979,5
South Africa,1980,5
South Africa,1981,5
South Africa,1982,
South Africa,1983,5
South Africa,1984,5
South Africa,1985,5
South Africa,1986,5
South Africa,1987,5
South Africa,1988,5
South Africa,1989,6
South Africa,1990,5
South Africa,1991,5
South Africa,1992,5
South Africa,1993,5
South Africa,1994,2
South Africa,1995,1
South Africa,1996,1
South Africa,1997,1
South Africa,1998,1
South Africa,1999,1
South Africa,2000,1
South Africa,2001,1
South Africa,2002,1
South Africa,2003,1
South Africa,2004,1
South Africa,2005,1
South Africa,2006,2
South Africa,2007,2
South Africa,2008,2
South Africa,2009,2
South Africa,2010,2
South Africa,2011,2
South Africa,2012,2
South Africa,2013,2
South Africa,2014,2
South Africa,2015,2
South Africa,2016,2
South Africa,2017,2
South Africa,2018,2
South Africa,2019,2
South Africa,2020,2
South Africa,2021,2
South Africa,2022,2
South Africa,2023,2
South Africa,2024,2
South Africa,2025,
Zimbabwe,1954,
Zimbabwe,1955,
Zimbabwe,1956,
Zimbabwe,1957,
Zimbabwe,1958,
Zimbabwe,1959,
Zimbabwe,1960,
Zimbabwe,1961,
Zimbabwe,1962,
Zimbabwe,1963,
Zimbabwe,1964,
Zimbabwe,1965,
Zimbabwe,1966,
Zimbabwe,1967,
Zimbabwe,1968,
Zimbabwe,1969,
Zimbabwe,1970,
Zimbabwe,1971,
Zimbabwe,1972,6
Zimbabwe,1973,6
Zimbabwe,1974,6
Zimbabwe,1975,6
Zimbabwe,1976,6
Zimbabwe,1977,6
Zimbabwe,1978,5
Zimbabwe,1979,4
Zimbabwe,1980,3
Zimbabwe,1981,3
Zimbabwe,1982,
Zimbabwe,1983,4
Zimbabwe,1984,4
Zimbabwe,1985,4
Zimbabwe,1986,4
Zimbabwe,1987,5
Zimbabwe,1988,6
Zimbabwe,1989,6
Zimbabwe,1990,6
Zimbabwe,1991,5
Zimbabwe,1992,5
Zimbabwe,1993,5
Zimbabwe,1994,5
Zimbabwe,1995,5
Zimbabwe,1996,5
Zimbabwe,1997,5
Zimbabwe,1998,5
Zimbabwe,1999,6
Zimbabwe,2000,6
Zimbabwe,2001,6
Zimbabwe,2002,6
Zimbabwe,2003,6
Zimbabwe,2004,7
Zimbabwe,2005,7
Zimbabwe,2006,7
Zimbabwe,2007,7
Zimbabwe,2008,7
Zimbabwe,2009,6
Zimbabwe,2010,6
Zimbabwe,2011,6
Zimbabwe,2012,6
Zimbabwe,2013,5
Zimbabwe,2014,5
Zimbabwe,2015,5
Zimbabwe,2016,5
Zimbabwe,2017,6
Zimbabwe,2018,5
Zimbabwe,2019,5
Zimbabwe,2020,6
Zimbabwe,2021,6
Zimbabwe,2022,6
Zimbabwe,2023,6
Zimbabwe,2024,6
Zimbabwe,2025,
Yemen Democratic,1968,
Yemen Democratic,1969,
Yemen Democratic,1970,
Yemen Democratic,1971,
Yemen Democratic,1972,7
Yemen Democratic,1973,7
Yemen Democratic,1974,7
Yemen Democratic,1975,7
Yemen Democratic,1976,7
Yemen Democratic,1977,7
Yemen Democratic,1978,6
Yemen Democratic,1979,6
Yemen Democratic,1980,6
Yemen Democratic,1981,6
Yemen Democratic,1982,
Yemen Democratic,1983,6
Yemen Democratic,1984,6
Yemen Democratic,1985,6
Yemen Democratic,1986,6
Yemen Democratic,1987,6
Yemen Democratic,1988,7
Yemen Democratic,1989,7
Spain,1946,
Spain,1947,
Spain,1948,
Spain,1949,
Spain,1950,
Spain,1951,
Spain,1952,
Spain,1953,
Spain,1954,
Spain,1955,
Spain,1956,
Spain,1957,
Spain,1958,
Spain,1959,
Spain,1960,
Spain,1961,
Spain,1962,
Spain,1963,
Spain,1964,
Spain,1965,
Spain,1966,
Spain,1967,
Spain,1968,
Spain,1969,
Spain,1970,
Spain,1971,
Spain,1972,5
Spain,1973,5
Spain,1974,5
Spain,1975,5
Spain,1976,5
Spain,1977,2
Spain,1978,2
Spain,1979,2
Spain,1980,2
Spain,1981,2
Spain,1982,
Spain,1983,1
Spain,1984,1
Spain,1985,1
Spain,1986,1
Spain,1987,1
Spain,1988,1
Spain,1989,1
Spain,1990,1
Spain,1991,1
Spain,1992,1
Spain,1993,1
Spain,1994,1
Spain,1995,1
Spain,1996,1
Spain,1997,1
Spain,1998,1
Spain,1999,1
Spain,2000,1
Spain,2001,1
Spain,2002,1
Spain,2003,1
Spain,2004,1
Spain,2005,1
Spain,2006,1
Spain,2007,1
Spain,2008,1
Spain,2009,1
Spain,2010,1
Spain,2011,1
Spain,2012,1
Spain,2013,1
Spain,2014,1
Spain,2015,1
Spain,2016,1
Spain,2017,1
Spain,2018,1
Spain,2019,1
Spain,2020,1
Spain,2021,1
Spain,2022,1
Spain,2023,1
Spain,2024,1
Spain,2025,
South Sudan,2011,6
South Sudan,2012,6
South Sudan,2013,6
South Sudan,2014,7
South Sudan,2015,7
South Sudan,2016,7
South Sudan,2017,7
South Sudan,2018,7
South Sudan,2019,7
South Sudan,2020,7
South Sudan,2021,7
South Sudan,2022,7
South Sudan,2023,7
South Sudan,2024,7
South Sudan,2025,
Sudan (the),2012,
Sudan (the),2013,
Sudan (the),2014,
Sudan (the),2015,
Sudan (the),2016,
Sudan (the),2017,
Sudan (the),2018,
Sudan (the),2019,
Sudan (the),2020,
Sudan (the),2021,
Sudan (the),2022,
Sudan (the),2023,
Sudan (the),2024,
Sudan (the),2025,
Sudan,1946,
Sudan,1947,
Sudan,1948,
Sudan,1949,
Sudan,1950,
Sudan,1951,
Sudan,1952,
Sudan,1953,
Sudan,1954,
Sudan,1955,
Sudan,1956,
Sudan,1957,
Sudan,1958,
Sudan,1959,
Sudan,1960,
Sudan,1961,
Sudan,1962,
Sudan,1963,
Sudan,1964,
Sudan,1965,
Sudan,1966,
Sudan,1967,
Sudan,1968,
Sudan,1969,
Sudan,1970,
Sudan,1971,
Sudan,1972,6
Sudan,1973,6
Sudan,1974,6
Sudan,1975,6
Sudan,1976,6
Sudan,1977,6
Sudan,1978,5
Sudan,1979,5
Sudan,1980,5
Sudan,1981,5
Sudan,1982,
Sudan,1983,5
Sudan,1984,6
Sudan,1985,6
Sudan,1986,4
Sudan,1987,4
Sudan,1988,4
Sudan,1989,7
Sudan,1990,7
Sudan,1991,7
Sudan,1992,7
Sudan,1993,7
Sudan,1994,7
Sudan,1995,7
Sudan,1996,7
Sudan,1997,7
Sudan,1998,7
Sudan,1999,7
Sudan,2000,7
Sudan,2001,7
Sudan,2002,7
Sudan,2003,7
Sudan,2004,7
Sudan,2005,7
Sudan,2006,7
Sudan,2007,7
Sudan,2008,7
Sudan,2009,7
Sudan,2010,7
Sudan,2011,7
Suriname,1976,2
Suriname,1977,2
Suriname,1978,2
Suriname,1979,2
Suriname,1980,7
Suriname,1981,7
Suriname,1982,
Suriname,1983,7
Suriname,1984,7
Suriname,1985,6
Suriname,1986,6
Suriname,1987,4
Suriname,1988,3
Suriname,1989,3
Suriname,1990,6
Suriname,1991,4
Suriname,1992,3
Suriname,1993,3
Suriname,1994,3
Suriname,1995,3
Suriname,1996,3
Suriname,1997,3
Suriname,1998,3
Suriname,1999,3
Suriname,2000,1
Suriname,2001,1
Suriname,2002,1
Suriname,2003,1
Suriname,2004,1
Suriname,2005,2
Suriname,2006,2
Suriname,2007,2
Suriname,2008,2
Suriname,2009,2
Suriname,2010,2
Suriname,2011,2
Suriname,2012,2
Suriname,2013,2
Suriname,2014,2
Suriname,2015,2
Suriname,2016,2
Suriname,2017,2
Suriname,2018,2
Suriname,2019,2
Suriname,2020,2
Suriname,2021,2
Suriname,2022,2
Suriname,2023,2
Suriname,2024,2
Suriname,2025,
Eswatini,1969,
Eswatini,1970,
Eswatini,1971,
Eswatini,1972,4
Eswatini,1973,6
Eswatini,1974,6
Eswatini,1975,6
Eswatini,1976,6
Eswatini,1977,6
Eswatini,1978,5
Eswatini,1979,5
Eswatini,1980,5
Eswatini,1981,5
Eswatini,1982,
Eswatini,1983,5
Eswatini,1984,5
Eswatini,1985,5
Eswatini,1986,5
Eswatini,1987,5
Eswatini,1988,5
Eswatini,1989,6
Eswatini,1990,6
Eswatini,1991,6
Eswatini,1992,6
Eswatini,1993,6
Eswatini,1994,6
Eswatini,1995,6
Eswatini,1996,6
Eswatini,1997,6
Eswatini,1998,6
Eswatini,1999,6
Eswatini,2000,6
Eswatini,2001,6
Eswatini,2002,6
Eswatini,2003,7
Eswatini,2004,7
Eswatini,2005,7
Eswatini,2006,7
Eswatini,2007,7
Eswatini,2008,7
Eswatini,2009,7
Eswatini,2010,7
Eswatini,2011,7
Eswatini,2012,7
Eswatini,2013,7
Eswatini,2014,7
Eswatini,2015,7
Eswatini,2016,7
Eswatini,2017,7
Eswatini,2018,7
Eswatini,2019,7
Eswatini,2020,7
Eswatini,2021,7
Eswatini,2022,7
Eswatini,2023,7
Eswatini,2024,7
Eswatini,2025,
Sweden,1946,
Sweden,1947,
Sweden,1948,
Sweden,1949,
Sweden,1950,
Sweden,1951,
Sweden,1952,
Sweden,1953,
Sweden,1954,
Sweden,1955,
Sweden,1956,
Sweden,1957,
Sweden,1958,
Sweden,1959,
Sweden,1960,
Sweden,1961,
Sweden,1962,
Sweden,1963,
Sweden,1964,
Sweden,1965,
Sweden,1966,
Sweden,1967,
Sweden,1968,
Sweden,1969,
Sweden,1970,
Sweden,1971,
Sweden,1972,1
Sweden,1973,1
Sweden,1974,1
Sweden,1975,2
Sweden,1976,1
Sweden,1977,1
Sweden,1978,1
Sweden,1979,1
Sweden,1980,1
Sweden,1981,1
Sweden,1982,
Sweden,1983,1
Sweden,1984,1
Sweden,1985,1
Sweden,1986,1
Sweden,1987,1
Sweden,1988,1
Sweden,1989,1
Sweden,1990,1
Sweden,1991,1
Sweden,1992,1
Sweden,1993,1
Sweden,1994,1
Sweden,1995,1
Sweden,1996,1
Sweden,1997,1
Sweden,1998,1
Sweden,1999,1
Sweden,2000,1
Sweden,2001,1
Sweden,2002,1
Sweden,2003,1
Sweden,2004,1
Sweden,2005,1
Sweden,2006,1
Sweden,2007,1
Sweden,2008,1
Sweden,2009,1
Sweden,2010,1
Sweden,2011,1
Sweden,2012,1
Sweden,2013,1
Sweden,2014,1
Sweden,2015,1
Sweden,2016,1
Sweden,2017,1
Sweden,2018,1
Sweden,2019,1
Sweden,2020,1
Sweden,2021,1
Sweden,2022,1
Sweden,2023,1
Sweden,2024,1
Sweden,2025,
Switzerland,1946,
Switzerland,1947,
Switzerland,1948,
Switzerland,1949,
Switzerland,1950,
Switzerland,1951,
Switzerland,1952,
Switzerland,1953,
Switzerland,1954,
Switzerland,1955,
Switzerland,1956,
Switzerland,1957,
Switzerland,1958,
Switzerland,1959,
Switzerland,1960,
Switzerland,1961,
Switzerland,1962,
Switzerland,1963,
Switzerland,1964,
Switzerland,1965,
Switzerland,1966,
Switzerland,1967,
Switzerland,1968,
Switzerland,1969,
Switzerland,1970,
Switzerland,1971,
Switzerland,1972,1
Switzerland,1973,1
Switzerland,1974,1
Switzerland,1975,1
Switzerland,1976,1
Switzerland,1977,1
Switzerland,1978,1
Switzerland,1979,1
Switzerland,1980,1
Switzerland,1981,1
Switzerland,1982,
Switzerland,1983,1
Switzerland,1984,1
Switzerland,1985,1
Switzerland,1986,1
Switzerland,1987,1
Switzerland,1988,1
Switzerland,1989,1
Switzerland,1990,1
Switzerland,1991,1
Switzerland,1992,1
Switzerland,1993,1
Switzerland,1994,1
Switzerland,1995,1
Switzerland,1996,1
Switzerland,1997,1
Switzerland,1998,1
Switzerland,1999,1
Switzerland,2000,1
Switzerland,2001,1
Switzerland,2002,1
Switzerland,2003,1
Switzerland,2004,1
Switzerland,2005,1
Switzerland,2006,1
Switzerland,2007,1
Switzerland,2008,1
Switzerland,2009,1
Switzerland,2010,1
Switzerland,2011,1
Switzerland,2012,1
Switzerland,2013,1
Switzerland,2014,1
Switzerland,2015,1
Switzerland,2016,1
Switzerland,2017,1
Switzerland,2018,1
Switzerland,2019,1
Switzerland,2020,1
Switzerland,2021,1
Switzerland,2022,1
Switzerland,2023,1
Switzerland,2024,1
Switzerland,2025,
Syrian Arab Republic (the),1946,
Syrian Arab Republic (the),1947,
Syrian Arab Republic (the),1948,
Syrian Arab Republic (the),1949,
Syrian Arab Republic (the),1950,
Syrian Arab Republic (the),1951,
Syrian Arab Republic (the),1952,
Syrian Arab Republic (the),1953,
Syrian Arab Republic (the),1954,
Syrian Arab Republic (the),1955,
Syrian Arab Republic (the),1956,
Syrian Arab Republic (the),1957,
Syrian Arab Republic (the),1958,
Syrian Arab Republic (the),1959,
Syrian Arab Republic (the),1960,
Syrian Arab Republic (the),1961,
Syrian Arab Republic (the),1962,
Syrian Arab Republic (the),1963,
Syrian Arab Republic (the),1964,
Syrian Arab Republic (the),1965,
Syrian Arab Republic (the),1966,
Syrian Arab Republic (the),1967,
Syrian Arab Republic (the),1968,
Syrian Arab Republic (the),1969,
Syrian Arab Republic (the),1970,
Syrian Arab Republic (the),1971,
Syrian Arab Republic (the),1972,7
Syrian Arab Republic (the),1973,7
Syrian Arab Republic (the),1974,6
Syrian Arab Republic (the),1975,6
Syrian Arab Republic (the),1976,6
Syrian Arab Republic (the),1977,5
Syrian Arab Republic (the),1978,5
Syrian Arab Republic (the),1979,5
Syrian Arab Republic (the),1980,5
Syrian Arab Republic (the),1981,5
Syrian Arab Republic (the),1982,
Syrian Arab Republic (the),1983,6
Syrian Arab Republic (the),1984,6
Syrian Arab Republic (the),1985,6
Syrian Arab Republic (the),1986,6
Syrian Arab Republic (the),1987,6
Syrian Arab Republic (the),1988,6
Syrian Arab Republic (the),1989,7
Syrian Arab Republic (the),1990,7
Syrian Arab Republic (the),1991,7
Syrian Arab Republic (the),1992,7
Syrian Arab Republic (the),1993,7
Syrian Arab Republic (the),1994,7
Syrian Arab Republic (the),1995,7
Syrian Arab Republic (the),1996,7
Syrian Arab Republic (the),1997,7
Syrian Arab Republic (the),1998,7
Syrian Arab Republic (the),1999,7
Syrian Arab Republic (the),2000,7
Syrian Arab Republic (the),2001,7
Syrian Arab Republic (the),2002,7
Syrian Arab Republic (the),2003,7
Syrian Arab Republic (the),2004,7
Syrian Arab Republic (the),2005,7
Syrian Arab Republic (the),2006,7
Syrian Arab Republic (the),2007,7
Syrian Arab Republic (the),2008,7
Syrian Arab Republic (the),2009,7
Syrian Arab Republic (the),2010,7
Syrian Arab Republic (the),2011,7
Syrian Arab Republic (the),2012,7
Syrian Arab Republic (the),2013,7
Syrian Arab Republic (the),2014,7
Syrian Arab Republic (the),2015,7
Syrian Arab Republic (the),2016,7
Syrian Arab Republic (the),2017,7
Syrian Arab Republic (the),2018,7
Syrian Arab Republic (the),2019,7
Syrian Arab Republic (the),2020,7
Syrian Arab Republic (the),2021,7
Syrian Arab Republic (the),2022,7
Syrian Arab Republic (the),2023,7
Syrian Arab Republic (the),2024,7
Syrian Arab Republic (the),2025,
Tajikistan,1992,6
Tajikistan,1993,7
Tajikistan,1994,7
Tajikistan,1995,7
Tajikistan,1996,7
Tajikistan,1997,6
Tajikistan,1998,6
Tajikistan,1999,6
Tajikistan,2000,6
Tajikistan,2001,6
Tajikistan,2002,6
Tajikistan,2003,6
Tajikistan,2004,6
Tajikistan,2005,6
Tajikistan,2006,6
Tajikistan,2007,6
Tajikistan,2008,6
Tajikistan,2009,6
Tajikistan,2010,6
Tajikistan,2011,6
Tajikistan,2012,6
Tajikistan,2013,6
Tajikistan,2014,6
Tajikistan,2015,7
Tajikistan,2016,7
Tajikistan,2017,7
Tajikistan,2018,7
Tajikistan,2019,7
Tajikistan,2020,7
Tajikistan,2021,7
Tajikistan,2022,7
Tajikistan,2023,7
Tajikistan,2024,7
Tajikistan,2025,
Thailand,1946,
Thailand,1947,
Thailand,1948,
Thailand,1949,
Thailand,1950,
Thailand,1951,
Thailand,1952,
Thailand,1953,
Thailand,1954,
Thailand,1955,
Thailand,1956,
Thailand,1957,
Thailand,1958,
Thailand,1959,
Thailand,1960,
Thailand,1961,
Thailand,1962,
Thailand,1963,
Thailand,1964,
Thailand,1965,
Thailand,1966,
Thailand,1967,
Thailand,1968,
Thailand,1969,
Thailand,1970,
Thailand,1971,
Thailand,1972,7
Thailand,1973,6
Thailand,1974,5
Thailand,1975,2
Thailand,1976,6
Thailand,1977,6
Thailand,1978,5
Thailand,1979,4
Thailand,1980,3
Thailand,1981,3
Thailand,1982,
Thailand,1983,3
Thailand,1984,3
Thailand,1985,3
Thailand,1986,3
Thailand,1987,3
Thailand,1988,3
Thailand,1989,2
Thailand,1990,2
Thailand,1991,6
Thailand,1992,3
Thailand,1993,3
Thailand,1994,3
Thailand,1995,3
Thailand,1996,3
Thailand,1997,3
Thailand,1998,2
Thailand,1999,2
Thailand,2000,2
Thailand,2001,2
Thailand,2002,2
Thailand,2003,2
Thailand,2004,2
Thailand,2005,3
Thailand,2006,7
Thailand,2007,6
Thailand,2008,5
Thailand,2009,5
Thailand,2010,5
Thailand,2011,4
Thailand,2012,4
Thailand,2013,4
Thailand,2014,6
Thailand,2015,6
Thailand,2016,6
Thailand,2017,6
Thailand,2018,7
Thailand,2019,6
Thailand,2020,7
Thailand,2021,7
Thailand,2022,6
Thailand,2023,5
Thailand,2024,6
Thailand,2025,
Togo,1960,
Togo,1961,
Togo,1962,
Togo,1963,
Togo,1964,
Togo,1965,
Togo,1966,
Togo,1967,
Togo,1968,
Togo,1969,
Togo,1970,
Togo,1971,
Togo,1972,7
Togo,1973,7
Togo,1974,7
Togo,1975,7
Togo,1976,7
Togo,1977,7
Togo,1978,7
Togo,1979,7
Togo,1980,7
Togo,1981,7
Togo,1982,
Togo,1983,7
Togo,1984,6
Togo,1985,6
Togo,1986,6
Togo,1987,6
Togo,1988,6
Togo,1989,6
Togo,1990,6
Togo,1991,6
Togo,1992,6
Togo,1993,7
Togo,1994,6
Togo,1995,6
Togo,1996,6
Togo,1997,6
Togo,1998,6
Togo,1999,5
Togo,2000,5
Togo,2001,5
Togo,2002,6
Togo,2003,6
Togo,2004,6
Togo,2005,6
Togo,2006,6
Togo,2007,5
Togo,2008,5
Togo,2009,5
Togo,2010,5
Togo,2011,5
Togo,2012,5
Togo,2013,4
Togo,2014,4
Togo,2015,4
Togo,2016,4
Togo,2017,4
Togo,2018,5
Togo,2019,5
Togo,2020,5
Togo,2021,5
Togo,2022,5
Togo,2023,5
Togo,2024,5
Togo,2025,
Tonga,1970,
Tonga,1971,
Tonga,1972,4
Tonga,1973,5
Tonga,1974,5
Tonga,1975,5
Tonga,1976,5
Tonga,1977,5
Tonga,1978,5
Tonga,1979,5
Tonga,1980,5
Tonga,1981,5
Tonga,1982,
Tonga,1983,5
Tonga,1984,5
Tonga,1985,5
Tonga,1986,5
Tonga,1987,5
Tonga,1988,5
Tonga,1989,4
Tonga,1990,3
Tonga,1991,3
Tonga,1992,3
Tonga,1993,5
Tonga,1994,5
Tonga,1995,5
Tonga,1996,5
Tonga,1997,5
Tonga,1998,5
Tonga,1999,5
Tonga,2000,5
Tonga,2001,5
Tonga,2002,5
Tonga,2003,5
Tonga,2004,5
Tonga,2005,5
Tonga,2006,5
Tonga,2007,5
Tonga,2008,5
Tonga,2009,5
Tonga,2010,3
Tonga,2011,3
Tonga,2012,3
Tonga,2013,2
Tonga,2014,2
Tonga,2015,2
Tonga,2016,2
Tonga,2017,2
Tonga,2018,2
Tonga,2019,2
Tonga,2020,2
Tonga,2021,2
Tonga,2022,2
Tonga,2023,2
Tonga,2024,2
Tonga,2025,
Trinidad and Tobago,1963,
Trinidad and Tobago,1964,
Trinidad and Tobago,1965,
Trinidad and Tobago,1966,
Trinidad and Tobago,1967,
Trinidad and Tobago,1968,
Trinidad and Tobago,1969,
Trinidad and Tobago,1970,
Trinidad and Tobago,1971,
Trinidad and Tobago,1972,2
Trinidad and Tobago,1973,2
Trinidad and Tobago,1974,2
Trinidad and Tobago,1975,2
Trinidad and Tobago,1976,2
Trinidad and Tobago,1977,2
Trinidad and Tobago,1978,2
Trinidad and Tobago,1979,2
Trinidad and Tobago,1980,2
Trinidad and Tobago,1981,1
Trinidad and Tobago,1982,
Trinidad and Tobago,1983,1
Trinidad and Tobago,1984,1
Trinidad and Tobago,1985,1
Trinidad and Tobago,1986,1
Trinidad and Tobago,1987,1
Trinidad and Tobago,1988,1
Trinidad and Tobago,1989,1
Trinidad and Tobago,1990,1
Trinidad and Tobago,1991,1
Trinidad and Tobago,1992,1
Trinidad and Tobago,1993,1
Trinidad and Tobago,1994,1
Trinidad and Tobago,1995,1
Trinidad and Tobago,1996,1
Trinidad and Tobago,1997,1
Trinidad and Tobago,1998,1
Trinidad and Tobago,1999,1
Trinidad and Tobago,2000,2
Trinidad and Tobago,2001,3
Trinidad and Tobago,2002,3
Trinidad and Tobago,2003,3
Trinidad and Tobago,2004,3
Trinidad and Tobago,2005,3
Trinidad and Tobago,2006,2
Trinidad and Tobago,2007,2
Trinidad and Tobago,2008,2
Trinidad and Tobago,2009,2
Trinidad and Tobago,2010,2
Trinidad and Tobago,2011,2
Trinidad and Tobago,2012,2
Trinidad and Tobago,2013,2
Trinidad and Tobago,2014,2
Trinidad and Tobago,2015,2
Trinidad and Tobago,2016,2
Trinidad and Tobago,2017,2
Trinidad and Tobago,2018,2
Trinidad and Tobago,2019,2
Trinidad and Tobago,2020,2
Trinidad and Tobago,2021,2
Trinidad and Tobago,2022,2
Trinidad and Tobago,2023,2
Trinidad and Tobago,2024,2
Trinidad and Tobago,2025,
United Arab Emirates (the),1972,7
United Arab Emirates (the),1973,6
United Arab Emirates (the),1974,6
United Arab Emirates (the),1975,6
United Arab Emirates (the),1976,5
United Arab Emirates (the),1977,5
United Arab Emirates (the),1978,5
United Arab Emirates (the),1979,5
United Arab Emirates (the),1980,5
United Arab Emirates (the),1981,5
United Arab Emirates (the),1982,
United Arab Emirates (the),1983,5
United Arab Emirates (the),1984,5
United Arab Emirates (the),1985,5
United Arab Emirates (the),1986,5
United Arab Emirates (the),1987,5
United Arab Emirates (the),1988,5
United Arab Emirates (the),1989,6
United Arab Emirates (the),1990,6
United Arab Emirates (the),1991,6
United Arab Emirates (the),1992,6
United Arab Emirates (the),1993,7
United Arab Emirates (the),1994,6
United Arab Emirates (the),1995,6
United Arab Emirates (the),1996,6
United Arab Emirates (the),1997,6
United Arab Emirates (the),1998,6
United Arab Emirates (the),1999,6
United Arab Emirates (the),2000,6
United Arab Emirates (the),2001,6
United Arab Emirates (the),2002,6
United Arab Emirates (the),2003,6
United Arab Emirates (the),2004,6
United Arab Emirates (the),2005,6
United Arab Emirates (the),2006,6
United Arab Emirates (the),2007,6
United Arab Emirates (the),2008,6
United Arab Emirates (the),2009,6
United Arab Emirates (the),2010,6
United Arab Emirates (the),2011,6
United Arab Emirates (the),2012,6
United Arab Emirates (the),2013,6
United Arab Emirates (the),2014,6
United Arab Emirates (the),2015,6
United Arab Emirates (the),2016,6
United Arab Emirates (the),2017,7
United Arab Emirates (the),2018,7
United Arab Emirates (the),2019,7
United Arab Emirates (the),2020,7
United Arab Emirates (the),2021,7
United Arab Emirates (the),2022,7
United Arab Emirates (the),2023,7
United Arab Emirates (the),2024,7
United Arab Emirates (the),2025,
Tunisia,1956,
Tunisia,1957,
Tunisia,1958,
Tunisia,1959,
Tunisia,1960,
Tunisia,1961,
Tunisia,1962,
Tunisia,1963,
Tunisia,1964,
Tunisia,1965,
Tunisia,1966,
Tunisia,1967,
Tunisia,1968,
Tunisia,1969,
Tunisia,1970,
Tunisia,1971,
Tunisia,1972,6
Tunisia,1973,6
Tunisia,1974,6
Tunisia,1975,6
Tunisia,1976,6
Tunisia,1977,6
Tunisia,1978,6
Tunisia,1979,6
Tunisia,1980,6
Tunisia,1981,5
Tunisia,1982,
Tunisia,1983,5
Tunisia,1984,5
Tunisia,1985,5
Tunisia,1986,6
Tunisia,1987,6
Tunisia,1988,6
Tunisia,1989,5
Tunisia,1990,5
Tunisia,1991,5
Tunisia,1992,6
Tunisia,1993,6
Tunisia,1994,6
Tunisia,1995,6
Tunisia,1996,6
Tunisia,1997,6
Tunisia,1998,6
Tunisia,1999,6
Tunisia,2000,6
Tunisia,2001,6
Tunisia,2002,6
Tunisia,2003,6
Tunisia,2004,6
Tunisia,2005,6
Tunisia,2006,6
Tunisia,2007,7
Tunisia,2008,7
Tunisia,2009,7
Tunisia,2010,7
Tunisia,2011,3
Tunisia,2012,3
Tunisia,2013,3
Tunisia,2014,1
Tunisia,2015,1
Tunisia,2016,1
Tunisia,2017,2
Tunisia,2018,2
Tunisia,2019,2
Tunisia,2020,2
Tunisia,2021,3
Tunisia,2022,4
Tunisia,2023,5
Tunisia,2024,6
Tunisia,2025,
Turkey,1946,
Turkey,1947,
Turkey,1948,
Turkey,1949,
Turkey,1950,
Turkey,1951,
Turkey,1952,
Turkey,1953,
Turkey,1954,
Turkey,1955,
Turkey,1956,
Turkey,1957,
Turkey,1958,
Turkey,1959,
Turkey,1960,
Turkey,1961,
Turkey,1962,
Turkey,1963,
Turkey,1964,
Turkey,1965,
Turkey,1966,
Turkey,1967,
Turkey,1968,
Turkey,1969,
Turkey,1970,
Turkey,1971,
Turkey,1972,3
Turkey,1973,2
Turkey,1974,2
Turkey,1975,2
Turkey,1976,2
Turkey,1977,2
Turkey,1978,2
Turkey,1979,2
Turkey,1980,5
Turkey,1981,5
Turkey,1982,
Turkey,1983,4
Turkey,1984,3
Turkey,1985,3
Turkey,1986,3
Turkey,1987,2
Turkey,1988,2
Turkey,1989,3
Turkey,1990,2
Turkey,1991,2
Turkey,1992,2
Turkey,1993,4
Turkey,1994,5
Turkey,1995,5
Turkey,1996,4
Turkey,1997,4
Turkey,1998,4
Turkey,1999,4
Turkey,2000,4
Turkey,2001,4
Turkey,2002,3
Turkey,2003,3
Turkey,2004,3
Turkey,2005,3
Turkey,2006,3
Turkey,2007,3
Turkey,2008,3
Turkey,2009,3
Turkey,2010,3
Turkey,2011,3
Turkey,2012,3
Turkey,2013,3
Turkey,2014,3
Turkey,2015,3
Turkey,2016,4
Turkey,2017,5
Turkey,2018,5
Turkey,2019,5
Turkey,2020,5
Turkey,2021,5
Turkey,2022,5
Turkey,2023,5
Turkey,2024,5
Turkey,2025,
Turkmenistan,1992,7
Turkmenistan,1993,7
Turkmenistan,1994,7
Turkmenistan,1995,7
Turkmenistan,1996,7
Turkmenistan,1997,7
Turkmenistan,1998,7
Turkmenistan,1999,7
Turkmenistan,2000,7
Turkmenistan,2001,7
Turkmenistan,2002,7
Turkmenistan,2003,7
Turkmenistan,2004,7
Turkmenistan,2005,7
Turkmenistan,2006,7
Turkmenistan,2007,7
Turkmenistan,2008,7
Turkmenistan,2009,7
Turkmenistan,2010,7
Turkmenistan,2011,7
Turkmenistan,2012,7
Turkmenistan,2013,7
Turkmenistan,2014,7
Turkmenistan,2015,7
Turkmenistan,2016,7
Turkmenistan,2017,7
Turkmenistan,2018,7
Turkmenistan,2019,7
Turkmenistan,2020,7
Turkmenistan,2021,7
Turkmenistan,2022,7
Turkmenistan,2023,7
Turkmenistan,2024,7
Turkmenistan,2025,
Tuvalu,1979,2
Tuvalu,1980,2
Tuvalu,1981,1
Tuvalu,1982,
Tuvalu,1983,1
Tuvalu,1984,1
Tuvalu,1985,1
Tuvalu,1986,1
Tuvalu,1987,1
Tuvalu,1988,1
Tuvalu,1989,1
Tuvalu,1990,1
Tuvalu,1991,1
Tuvalu,1992,1
Tuvalu,1993,1
Tuvalu,1994,1
Tuvalu,1995,1
Tuvalu,1996,1
Tuvalu,1997,1
Tuvalu,1998,1
Tuvalu,1999,1
Tuvalu,2000,1
Tuvalu,2001,1
Tuvalu,2002,1
Tuvalu,2003,1
Tuvalu,2004,1
Tuvalu,2005,1
Tuvalu,2006,1
Tuvalu,2007,1
Tuvalu,2008,1
Tuvalu,2009,1
Tuvalu,2010,1
Tuvalu,2011,1
Tuvalu,2012,1
Tuvalu,2013,1
Tuvalu,2014,1
Tuvalu,2015,1
Tuvalu,2016,1
Tuvalu,2017,1
Tuvalu,2018,1
Tuvalu,2019,1
Tuvalu,2020,1
Tuvalu,2021,1
Tuvalu,2022,1
Tuvalu,2023,1
Tuvalu,2024,1
Tuvalu,2025,
Uganda,1963,
Uganda,1964,
Uganda,1965,
Uganda,1966,
Uganda,1967,
Uganda,1968,
Uganda,1969,
Uganda,1970,
Uganda,1971,
Uganda,1972,7
Uganda,1973,7
Uganda,1974,7
Uganda,1975,7
Uganda,1976,7
Uganda,1977,7
Uganda,1978,7
Uganda,1979,6
Uganda,1980,4
Uganda,1981,5
Uganda,1982,
Uganda,1983,4
Uganda,1984,4
Uganda,1985,5
Uganda,1986,5
Uganda,1987,5
Uganda,1988,5
Uganda,1989,6
Uganda,1990,6
Uganda,1991,6
Uganda,1992,6
Uganda,1993,6
Uganda,1994,5
Uganda,1995,5
Uganda,1996,4
Uganda,1997,4
Uganda,1998,4
Uganda,1999,5
Uganda,2000,6
Uganda,2001,6
Uganda,2002,6
Uganda,2003,5
Uganda,2004,5
Uganda,2005,5
Uganda,2006,5
Uganda,2007,5
Uganda,2008,5
Uganda,2009,5
Uganda,2010,5
Uganda,2011,5
Uganda,2012,5
Uganda,2013,6
Uganda,2014,6
Uganda,2015,6
Uganda,2016,6
Uganda,2017,6
Uganda,2018,6
Uganda,2019,6
Uganda,2020,6
Uganda,2021,6
Uganda,2022,6
Uganda,2023,6
Uganda,2024,6
Uganda,2025,
Ukraine,1992,3
Ukraine,1993,4
Ukraine,1994,3
Ukraine,1995,3
Ukraine,1996,3
Ukraine,1997,3
Ukraine,1998,3
Ukraine,1999,3
Ukraine,2000,4
Ukraine,2001,4
Ukraine,2002,4
Ukraine,2003,4
Ukraine,2004,4
Ukraine,2005,3
Ukraine,2006,3
Ukraine,2007,3
Ukraine,2008,3
Ukraine,2009,3
Ukraine,2010,3
Ukraine,2011,4
Ukraine,2012,4
Ukraine,2013,4
Ukraine,2014,3
Ukraine,2015,3
Ukraine,2016,3
Ukraine,2017,3
Ukraine,2018,3
Ukraine,2019,3
Ukraine,2020,3
Ukraine,2021,3
Ukraine,2022,4
Ukraine,2023,4
Ukraine,2024,4
Ukraine,2025,
North Macedonia,1993,3
North Macedonia,1994,4
North Macedonia,1995,4
North Macedonia,1996,4
North Macedonia,1997,4
North Macedonia,1998,3
North Macedonia,1999,3
North Macedonia,2000,4
North Macedonia,2001,4
North Macedonia,2002,3
North Macedonia,2003,3
North Macedonia,2004,3
North Macedonia,2005,3
North Macedonia,2006,3
North Macedonia,2007,3
North Macedonia,2008,3
North Macedonia,2009,3
North Macedonia,2010,3
North Macedonia,2011,3
North Macedonia,2012,3
North Macedonia,2013,3
North Macedonia,2014,4
North Macedonia,2015,4
North Macedonia,2016,4
North Macedonia,2017,4
North Macedonia,2018,4
North Macedonia,2019,3
North Macedonia,2020,3
North Macedonia,2021,3
North Macedonia,2022,3
North Macedonia,2023,3
North Macedonia,2024,3
North Macedonia,2025,
USSR,1946,
USSR,1947,
USSR,1948,
USSR,1949,
USSR,1950,
USSR,1951,
USSR,1952,
USSR,1953,
USSR,1954,
USSR,1955,
USSR,1956,
USSR,1957,
USSR,1958,
USSR,1959,
USSR,1960,
USSR,1961,
USSR,1962,
USSR,1963,
USSR,1964,
USSR,1965,
USSR,1966,
USSR,1967,
USSR,1968,
USSR,1969,
USSR,1970,
USSR,1971,
USSR,1972,6
USSR,1973,6
USSR,1974,6
USSR,1975,7
USSR,1976,7
USSR,1977,7
USSR,1978,6
USSR,1979,6
USSR,1980,6
USSR,1981,6
USSR,1982,
USSR,1983,6
USSR,1984,7
USSR,1985,7
USSR,1986,7
USSR,1987,7
USSR,1988,6
USSR,1989,6
USSR,1990,5
USSR,1991,
Egypt,1946,
Egypt,1947,
Egypt,1948,
Egypt,1949,
Egypt,1950,
Egypt,1951,
Egypt,1952,
Egypt,1953,
Egypt,1954,
Egypt,1955,
Egypt,1956,
Egypt,1957,
Egypt,1958,
Egypt,1959,
Egypt,1960,
Egypt,1961,
Egypt,1962,
Egypt,1963,
Egypt,1964,
Egypt,1965,
Egypt,1966,
Egypt,1967,
Egypt,1968,
Egypt,1969,
Egypt,1970,
Egypt,1971,
Egypt,1972,6
Egypt,1973,6
Egypt,1974,6
Egypt,1975,6
Egypt,1976,5
Egypt,1977,5
Egypt,1978,5
Egypt,1979,5
Egypt,1980,5
Egypt,1981,5
Egypt,1982,
Egypt,1983,5
Egypt,1984,4
Egypt,1985,4
Egypt,1986,5
Egypt,1987,5
Egypt,1988,5
Egypt,1989,5
Egypt,1990,5
Egypt,1991,5
Egypt,1992,5
Egypt,1993,6
Egypt,1994,6
Egypt,1995,6
Egypt,1996,6
Egypt,1997,6
Egypt,1998,6
Egypt,1999,6
Egypt,2000,6
Egypt,2001,6
Egypt,2002,6
Egypt,2003,6
Egypt,2004,6
Egypt,2005,6
Egypt,2006,6
Egypt,2007,6
Egypt,2008,6
Egypt,2009,6
Egypt,2010,6
Egypt,2011,6
Egypt,2012,5
Egypt,2013,6
Egypt,2014,6
Egypt,2015,6
Egypt,2016,6
Egypt,2017,6
Egypt,2018,6
Egypt,2019,6
Egypt,2020,6
Egypt,2021,6
Egypt,2022,6
Egypt,2023,6
Egypt,2024,6
Egypt,2025,
United Kingdom of Great Britain and Northern Ireland (the),1946,
United Kingdom of Great Britain and Northern Ireland (the),1947,
United Kingdom of Great Britain and Northern Ireland (the),1948,
United Kingdom of Great Britain and Northern Ireland (the),1949,
United Kingdom of Great Britain and Northern Ireland (the),1950,
United Kingdom of Great Britain and Northern Ireland (the),1951,
United Kingdom of Great Britain and Northern Ireland (the),1952,
United Kingdom of Great Britain and Northern Ireland (the),1953,
United Kingdom of Great Britain and Northern Ireland (the),1954,
United Kingdom of Great Britain and Northern Ireland (the),1955,
United Kingdom of Great Britain and Northern Ireland (the),1956,
United Kingdom of Great Britain and Northern Ireland (the),1957,
United Kingdom of Great Britain and Northern Ireland (the),1958,
United Kingdom of Great Britain and Northern Ireland (the),1959,
United Kingdom of Great Britain and Northern Ireland (the),1960,
United Kingdom of Great Britain and Northern Ireland (the),1961,
United Kingdom of Great Britain and Northern Ireland (the),1962,
United Kingdom of Great Britain and Northern Ireland (the),1963,
United Kingdom of Great Britain and Northern Ireland (the),1964,
United Kingdom of Great Britain and Northern Ireland (the),1965,
United Kingdom of Great Britain and Northern Ireland (the),1966,
United Kingdom of Great Britain and Northern Ireland (the),1967,
United Kingdom of Great Britain and Northern Ireland (the),1968,
United Kingdom of Great Britain and Northern Ireland (the),1969,
United Kingdom of Great Britain and Northern Ireland (the),1970,
United Kingdom of Great Britain and Northern Ireland (the),1971,
United Kingdom of Great Britain and Northern Ireland (the),1972,1
United Kingdom of Great Britain and Northern Ireland (the),1973,1
United Kingdom of Great Britain and Northern Ireland (the),1974,1
United Kingdom of Great Britain and Northern Ireland (the),1975,1
United Kingdom of Great Britain and Northern Ireland (the),1976,1
United Kingdom of Great Britain and Northern Ireland (the),1977,1
United Kingdom of Great Britain and Northern Ireland (the),1978,1
United Kingdom of Great Britain and Northern Ireland (the),1979,1
United Kingdom of Great Britain and Northern Ireland (the),1980,1
United Kingdom of Great Britain and Northern Ireland (the),1981,1
United Kingdom of Great Britain and Northern Ireland (the),1982,
United Kingdom of Great Britain and Northern Ireland (the),1983,1
United Kingdom of Great Britain and Northern Ireland (the),1984,1
United Kingdom of Great Britain and Northern Ireland (the),1985,1
United Kingdom of Great Britain and Northern Ireland (the),1986,1
United Kingdom of Great Britain and Northern Ireland (the),1987,1
United Kingdom of Great Britain and Northern Ireland (the),1988,1
United Kingdom of Great Britain and Northern Ireland (the),1989,1
United Kingdom of Great Britain and Northern Ireland (the),1990,1
United Kingdom of Great Britain and Northern Ireland (the),1991,1
United Kingdom of Great Britain and Northern Ireland (the),1992,1
United Kingdom of Great Britain and Northern Ireland (the),1993,1
United Kingdom of Great Britain and Northern Ireland (the),1994,1
United Kingdom of Great Britain and Northern Ireland (the),1995,1
United Kingdom of Great Britain and Northern Ireland (the),1996,1
United Kingdom of Great Britain and Northern Ireland (the),1997,1
United Kingdom of Great Britain and Northern Ireland (the),1998,1
United Kingdom of Great Britain and Northern Ireland (the),1999,1
United Kingdom of Great Britain and Northern Ireland (the),2000,1
United Kingdom of Great Britain and Northern Ireland (the),2001,1
United Kingdom of Great Britain and Northern Ireland (the),2002,1
United Kingdom of Great Britain and Northern Ireland (the),2003,1
United Kingdom of Great Britain and Northern Ireland (the),2004,1
United Kingdom of Great Britain and Northern Ireland (the),2005,1
United Kingdom of Great Britain and Northern Ireland (the),2006,1
United Kingdom of Great Britain and Northern Ireland (the),2007,1
United Kingdom of Great Britain and Northern Ireland (the),2008,1
United Kingdom of Great Britain and Northern Ireland (the),2009,1
United Kingdom of Great Britain and Northern Ireland (the),2010,1
United Kingdom of Great Britain and Northern Ireland (the),2011,1
United Kingdom of Great Britain and Northern Ireland (the),2012,1
United Kingdom of Great Britain and Northern Ireland (the),2013,1
United Kingdom of Great Britain and Northern Ireland (the),2014,1
United Kingdom of Great Britain and Northern Ireland (the),2015,1
United Kingdom of Great Britain and Northern Ireland (the),2016,1
United Kingdom of Great Britain and Northern Ireland (the),2017,1
United Kingdom of Great Britain and Northern Ireland (the),2018,1
United Kingdom of Great Britain and Northern Ireland (the),2019,1
United Kingdom of Great Britain and Northern Ireland (the),2020,1
United Kingdom of Great Britain and Northern Ireland (the),2021,1
United Kingdom of Great Britain and Northern Ireland (the),2022,1
United Kingdom of Great Britain and Northern Ireland (the),2023,1
United Kingdom of Great Britain and Northern Ireland (the),2024,1
United Kingdom of Great Britain and Northern Ireland (the),2025,
"Tanzania, the United Republic of",1964,
"Tanzania, the United Republic of",1965,
"Tanzania, the United Republic of",1966,
"Tanzania, the United Republic of",1967,
"Tanzania, the United Republic of",1968,
"Tanzania, the United Republic of",1969,
"Tanzania, the United Republic of",1970,
"Tanzania, the United Republic of",1971,
"Tanzania, the United Republic of",1972,6
"Tanzania, the United Republic of",1973,6
"Tanzania, the United Republic of",1974,6
"Tanzania, the United Republic of",1975,6
"Tanzania, the United Republic of",1976,6
"Tanzania, the United Republic of",1977,6
"Tanzania, the United Republic of",1978,6
"Tanzania, the United Republic of",1979,6
"Tanzania, the United Republic of",1980,6
"Tanzania, the United Republic of",1981,6
"Tanzania, the United Republic of",1982,
"Tanzania, the United Republic of",1983,6
"Tanzania, the United Republic of",1984,6
"Tanzania, the United Republic of",1985,6
"Tanzania, the United Republic of",1986,6
"Tanzania, the United Republic of",1987,6
"Tanzania, the United Republic of",1988,6
"Tanzania, the United Republic of",1989,6
"Tanzania, the United Republic of",1990,6
"Tanzania, the United Republic of",1991,6
"Tanzania, the United Republic of",1992,6
"Tanzania, the United Republic of",1993,6
"Tanzania, the United Republic of",1994,6
"Tanzania, the United Republic of",1995,5
"Tanzania, the United Republic of",1996,5
"Tanzania, the United Republic of",1997,5
"Tanzania, the United Republic of",1998,5
"Tanzania, the United Republic of",1999,4
"Tanzania, the United Republic of",2000,4
"Tanzania, the United Republic of",2001,4
"Tanzania, the United Republic of",2002,4
"Tanzania, the United Republic of",2003,4
"Tanzania, the United Republic of",2004,4
"Tanzania, the United Republic of",2005,4
"Tanzania, the United Republic of",2006,4
"Tanzania, the United Republic of",2007,4
"Tanzania, the United Republic of",2008,4
"Tanzania, the United Republic of",2009,4
"Tanzania, the United Republic of",2010,3
"Tanzania, the United Republic of",2011,3
"Tanzania, the United Republic of",2012,3
"Tanzania, the United Republic of",2013,3
"Tanzania, the United Republic of",2014,3
"Tanzania, the United Republic of",2015,3
"Tanzania, the United Republic of",2016,3
"Tanzania, the United Republic of",2017,4
"Tanzania, the United Republic of",2018,4
"Tanzania, the United Republic of",2019,5
"Tanzania, the United Republic of",2020,5
"Tanzania, the United Republic of",2021,5
"Tanzania, the United Republic of",2022,5
"Tanzania, the United Republic of",2023,5
"Tanzania, the United Republic of",2024,6
"Tanzania, the United Republic of",2025,
United States of America (the),1946,
United States of America (the),1947,
United States of America (the),1948,
United States of America (the),1949,
United States of America (the),1950,
United States of America (the),1951,
United States of America (the),1952,
United States of America (the),1953,
United States of America (the),1954,
United States of America (the),1955,
United States of America (the),1956,
United States of America (the),1957,
United States of America (the),1958,
United States of America (the),1959,
United States of America (the),1960,
United States of America (the),1961,
United States of America (the),1962,
United States of America (the),1963,
United States of America (the),1964,
United States of America (the),1965,
United States of America (the),1966,
United States of America (the),1967,
United States of America (the),1968,
United States of America (the),1969,
United States of America (the),1970,
United States of America (the),1971,
United States of America (the),1972,1
United States of America (the),1973,1
United States of America (the),1974,1
United States of America (the),1975,1
United States of America (the),1976,1
United States of America (the),1977,1
United States of America (the),1978,1
United States of America (the),1979,1
United States of America (the),1980,1
United States of America (the),1981,1
United States of America (the),1982,
United States of America (the),1983,1
United States of America (the),1984,1
United States of America (the),1985,1
United States of America (the),1986,1
United States of America (the),1987,1
United States of America (the),1988,1
United States of America (the),1989,1
United States of America (the),1990,1
United States of America (the),1991,1
United States of America (the),1992,1
United States of America (the),1993,1
United States of America (the),1994,1
United States of America (the),1995,1
United States of America (the),1996,1
United States of America (the),1997,1
United States of America (the),1998,1
United States of America (the),1999,1
United States of America (the),2000,1
United States of America (the),2001,1
United States of America (the),2002,1
United States of America (the),2003,1
United States of America (the),2004,1
United States of America (the),2005,1
United States of America (the),2006,1
United States of America (the),2007,1
United States of America (the),2008,1
United States of America (the),2009,1
United States of America (the),2010,1
United States of America (the),2011,1
United States of America (the),2012,1
United States of America (the),2013,1
United States of America (the),2014,1
United States of America (the),2015,1
United States of America (the),2016,1
United States of America (the),2017,2
United States of America (the),2018,2
United States of America (the),2019,2
United States of America (the),2020,2
United States of America (the),2021,2
United States of America (the),2022,2
United States of America (the),2023,2
United States of America (the),2024,2
United States of America (the),2025,
Burkina Faso,1961,
Burkina Faso,1962,
Burkina Faso,1963,
Burkina Faso,1964,
Burkina Faso,1965,
Burkina Faso,1966,
Burkina Faso,1967,
Burkina Faso,1968,
Burkina Faso,1969,
Burkina Faso,1970,
Burkina Faso,1971,
Burkina Faso,1972,3
Burkina Faso,1973,3
Burkina Faso,1974,6
Burkina Faso,1975,6
Burkina Faso,1976,5
Burkina Faso,1977,5
Burkina Faso,1978,2
Burkina Faso,1979,2
Burkina Faso,1980,6
Burkina Faso,1981,6
Burkina Faso,1982,
Burkina Faso,1983,6
Burkina Faso,1984,7
Burkina Faso,1985,7
Burkina Faso,1986,7
Burkina Faso,1987,7
Burkina Faso,1988,7
Burkina Faso,1989,6
Burkina Faso,1990,6
Burkina Faso,1991,6
Burkina Faso,1992,5
Burkina Faso,1993,5
Burkina Faso,1994,5
Burkina Faso,1995,5
Burkina Faso,1996,5
Burkina Faso,1997,5
Burkina Faso,1998,5
Burkina Faso,1999,4
Burkina Faso,2000,4
Burkina Faso,2001,4
Burkina Faso,2002,4
Burkina Faso,2003,4
Burkina Faso,2004,5
Burkina Faso,2005,5
Burkina Faso,2006,5
Burkina Faso,2007,5
Burkina Faso,2008,5
Burkina Faso,2009,5
Burkina Faso,2010,5
Burkina Faso,2011,5
Burkina Faso,2012,5
Burkina Faso,2013,5
Burkina Faso,2014,6
Burkina Faso,2015,4
Burkina Faso,2016,4
Burkina Faso,2017,4
Burkina Faso,2018,4
Burkina Faso,2019,4
Burkina Faso,2020,4
Burkina Faso,2021,4
Burkina Faso,2022,7
Burkina Faso,2023,7
Burkina Faso,2024,7
Burkina Faso,2025,
Uruguay,1946,
Uruguay,1947,
Uruguay,1948,
Uruguay,1949,
Uruguay,1950,
Uruguay,1951,
Uruguay,1952,
Uruguay,1953,
Uruguay,1954,
Uruguay,1955,
Uruguay,1956,
Uruguay,1957,
Uruguay,1958,
Uruguay,1959,
Uruguay,1960,
Uruguay,1961,
Uruguay,1962,
Uruguay,1963,
Uruguay,1964,
Uruguay,1965,
Uruguay,1966,
Uruguay,1967,
Uruguay,1968,
Uruguay,1969,
Uruguay,1970,
Uruguay,1971,
Uruguay,1972,3
Uruguay,1973,5
Uruguay,1974,5
Uruguay,1975,5
Uruguay,1976,6
Uruguay,1977,6
Uruguay,1978,6
Uruguay,1979,6
Uruguay,1980,5
Uruguay,1981,5
Uruguay,1982,
Uruguay,1983,5
Uruguay,1984,5
Uruguay,1985,2
Uruguay,1986,2
Uruguay,1987,2
Uruguay,1988,2
Uruguay,1989,1
Uruguay,1990,1
Uruguay,1991,1
Uruguay,1992,1
Uruguay,1993,2
Uruguay,1994,2
Uruguay,1995,2
Uruguay,1996,1
Uruguay,1997,1
Uruguay,1998,1
Uruguay,1999,1
Uruguay,2000,1
Uruguay,2001,1
Uruguay,2002,1
Uruguay,2003,1
Uruguay,2004,1
Uruguay,2005,1
Uruguay,2006,1
Uruguay,2007,1
Uruguay,2008,1
Uruguay,2009,1
Uruguay,2010,1
Uruguay,2011,1
Uruguay,2012,1
Uruguay,2013,1
Uruguay,2014,1
Uruguay,2015,1
Uruguay,2016,1
Uruguay,2017,1
Uruguay,2018,1
Uruguay,2019,1
Uruguay,2020,1
Uruguay,2021,1
Uruguay,2022,1
Uruguay,2023,1
Uruguay,2024,1
Uruguay,2025,
Uzbekistan,1992,6
Uzbekistan,1993,7
Uzbekistan,1994,7
Uzbekistan,1995,7
Uzbekistan,1996,7
Uzbekistan,1997,7
Uzbekistan,1998,7
Uzbekistan,1999,7
Uzbekistan,2000,7
Uzbekistan,2001,7
Uzbekistan,2002,7
Uzbekistan,2003,7
Uzbekistan,2004,7
Uzbekistan,2005,7
Uzbekistan,2006,7
Uzbekistan,2007,7
Uzbekistan,2008,7
Uzbekistan,2009,7
Uzbekistan,2010,7
Uzbekistan,2011,7
Uzbekistan,2012,7
Uzbekistan,2013,7
Uzbekistan,2014,7
Uzbekistan,2015,7
Uzbekistan,2016,7
Uzbekistan,2017,7
Uzbekistan,2018,7
Uzbekistan,2019,7
Uzbekistan,2020,7
Uzbekistan,2021,7
Uzbekistan,2022,7
Uzbekistan,2023,7
Uzbekistan,2024,7
Uzbekistan,2025,
Venezuela (Bolivarian Republic of),1946,
Venezuela (Bolivarian Republic of),1947,
Venezuela (Bolivarian Republic of),1948,
Venezuela (Bolivarian Republic of),1949,
Venezuela (Bolivarian Republic of),1950,
Venezuela (Bolivarian Republic of),1951,
Venezuela (Bolivarian Republic of),1952,
Venezuela (Bolivarian Republic of),1953,
Venezuela (Bolivarian Republic of),1954,
Venezuela (Bolivarian Republic of),1955,
Venezuela (Bolivarian Republic of),1956,
Venezuela (Bolivarian Republic of),1957,
Venezuela (Bolivarian Republic of),1958,
Venezuela (Bolivarian Republic of),1959,
Venezuela (Bolivarian Republic of),1960,
Venezuela (Bolivarian Republic of),1961,
Venezuela (Bolivarian Republic of),1962,
Venezuela (Bolivarian Republic of),1963,
Venezuela (Bolivarian Republic of),1964,
Venezuela (Bolivarian Republic of),1965,
Venezuela (Bolivarian Republic of),1966,
Venezuela (Bolivarian Republic of),1967,
Venezuela (Bolivarian Republic of),1968,
Venezuela (Bolivarian Republic of),1969,
Venezuela (Bolivarian Republic of),1970,
Venezuela (Bolivarian Republic of),1971,
Venezuela (Bolivarian Republic of),1972,2
Venezuela (Bolivarian Republic of),1973,2
Venezuela (Bolivarian Republic of),1974,2
Venezuela (Bolivarian Republic of),1975,2
Venezuela (Bolivarian Republic of),1976,1
Venezuela (Bolivarian Republic of),1977,1
Venezuela (Bolivarian Republic of),1978,1
Venezuela (Bolivarian Republic of),1979,1
Venezuela (Bolivarian Republic of),1980,1
Venezuela (Bolivarian Republic of),1981,1
Venezuela (Bolivarian Republic of),1982,
Venezuela (Bolivarian Republic of),1983,1
Venezuela (Bolivarian Republic of),1984,1
Venezuela (Bolivarian Republic of),1985,1
Venezuela (Bolivarian Republic of),1986,1
Venezuela (Bolivarian Republic of),1987,1
Venezuela (Bolivarian Republic of),1988,1
Venezuela (Bolivarian Republic of),1989,1
Venezuela (Bolivarian Republic of),1990,1
Venezuela (Bolivarian Republic of),1991,1
Venezuela (Bolivarian Republic of),1992,3
Venezuela (Bolivarian Republic of),1993,3
Venezuela (Bolivarian Republic of),1994,3
Venezuela (Bolivarian Republic of),1995,3
Venezuela (Bolivarian Republic of),1996,2
Venezuela (Bolivarian Republic of),1997,2
Venezuela (Bolivarian Republic of),1998,2
Venezuela (Bolivarian Republic of),1999,4
Venezuela (Bolivarian Republic of),2000,3
Venezuela (Bolivarian Republic of),2001,3
Venezuela (Bolivarian Republic of),2002,3
Venezuela (Bolivarian Republic of),2003,3
Venezuela (Bolivarian Republic of),2004,3
Venezuela (Bolivarian Republic of),2005,4
Venezuela (Bolivarian Republic of),2006,4
Venezuela (Bolivarian Republic of),2007,4
Venezuela (Bolivarian Republic of),2008,4
Venezuela (Bolivarian Republic of),2009,5
Venezuela (Bolivarian Republic of),2010,5
Venezuela (Bolivarian Republic of),2011,5
Venezuela (Bolivarian Republic of),2012,5
Venezuela (Bolivarian Republic of),2013,5
Venezuela (Bolivarian Republic of),2014,5
Venezuela (Bolivarian Republic of),2015,5
Venezuela (Bolivarian Republic of),2016,6
Venezuela (Bolivarian Republic of),2017,6
Venezuela (Bolivarian Republic of),2018,7
Venezuela (Bolivarian Republic of),2019,7
Venezuela (Bolivarian Republic of),2020,7
Venezuela (Bolivarian Republic of),2021,7
Venezuela (Bolivarian Republic of),2022,7
Venezuela (Bolivarian Republic of),2023,7
Venezuela (Bolivarian Republic of),2024,7
Venezuela (Bolivarian Republic of),2025,
Samoa,1962,
Samoa,1963,
Samoa,1964,
Samoa,1965,
Samoa,1966,
Samoa,1967,
Samoa,1968,
Samoa,1969,
Samoa,1970,
Samoa,1971,
Samoa,1972,4
Samoa,1973,4
Samoa,1974,4
Samoa,1975,4
Samoa,1976,4
Samoa,1977,4
Samoa,1978,4
Samoa,1979,4
Samoa,1980,4
Samoa,1981,4
Samoa,1982,
Samoa,1983,4
Samoa,1984,4
Samoa,1985,4
Samoa,1986,4
Samoa,1987,4
Samoa,1988,4
Samoa,1989,2
Samoa,1990,2
Samoa,1991,2
Samoa,1992,2
Samoa,1993,2
Samoa,1994,2
Samoa,1995,2
Samoa,1996,2
Samoa,1997,2
Samoa,1998,2
Samoa,1999,2
Samoa,2000,2
Samoa,2001,2
Samoa,2002,2
Samoa,2003,2
Samoa,2004,2
Samoa,2005,2
Samoa,2006,2
Samoa,2007,2
Samoa,2008,2
Samoa,2009,2
Samoa,2010,2
Samoa,2011,2
Samoa,2012,2
Samoa,2013,2
Samoa,2014,2
Samoa,2015,2
Samoa,2016,2
Samoa,2017,2
Samoa,2018,2
Samoa,2019,2
Samoa,2020,2
Samoa,2021,2
Samoa,2022,2
Samoa,2023,2
Samoa,2024,2
Samoa,2025,
Yemen,1946,
Yemen,1947,
Yemen,1948,
Yemen,1949,
Yemen,1950,
Yemen,1951,
Yemen,1952,
Yemen,1953,
Yemen,1954,
Yemen,1955,
Yemen,1956,
Yemen,1957,
Yemen,1958,
Yemen,1959,
Yemen,1960,
Yemen,1961,
Yemen,1962,
Yemen,1963,
Yemen,1964,
Yemen,1965,
Yemen,1966,
Yemen,1967,
Yemen,1968,
Yemen,1969,
Yemen,1970,
Yemen,1971,
Yemen,1972,4
Yemen,1973,5
Yemen,1974,5
Yemen,1975,6
Yemen,1976,6
Yemen,1977,6
Yemen,1978,6
Yemen,1979,6
Yemen,1980,6
Yemen,1981,6
Yemen,1982,
Yemen,1983,6
Yemen,1984,5
Yemen,1985,5
Yemen,1986,5
Yemen,1987,5
Yemen,1988,5
Yemen,1989,5
Yemen,1990,6
Yemen,1991,6
Yemen,1992,6
Yemen,1993,4
Yemen,1994,5
Yemen,1995,5
Yemen,1996,5
Yemen,1997,5
Yemen,1998,5
Yemen,1999,5
Yemen,2000,5
Yemen,2001,6
Yemen,2002,6
Yemen,2003,5
Yemen,2004,5
Yemen,2005,5
Yemen,2006,5
Yemen,2007,5
Yemen,2008,5
Yemen,2009,6
Yemen,2010,6
Yemen,2011,6
Yemen,2012,6
Yemen,2013,6
Yemen,2014,6
Yemen,2015,7
Yemen,2016,7
Yemen,2017,7
Yemen,2018,7
Yemen,2019,7
Yemen,2020,7
Yemen,2021,7
Yemen,2022,7
Yemen,2023,7
Yemen,2024,7
Yemen,2025,
Yugoslavia,1946,
Yugoslavia,1947,
Yugoslavia,1948,
Yugoslavia,1949,
Yugoslavia,1950,
Yugoslavia,1951,
Yugoslavia,1952,
Yugoslavia,1953,
Yugoslavia,1954,
Yugoslavia,1955,
Yugoslavia,1956,
Yugoslavia,1957,
Yugoslavia,1958,
Yugoslavia,1959,
Yugoslavia,1960,
Yugoslavia,1961,
Yugoslavia,1962,
Yugoslavia,1963,
Yugoslavia,1964,
Yugoslavia,1965,
Yugoslavia,1966,
Yugoslavia,1967,
Yugoslavia,1968,
Yugoslavia,1969,
Yugoslavia,1970,
Yugoslavia,1971,
Yugoslavia,1972,6
Yugoslavia,1973,6
Yugoslavia,1974,6
Yugoslavia,1975,6
Yugoslavia,1976,6
Yugoslavia,1977,6
Yugoslavia,1978,6
Yugoslavia,1979,6
Yugoslavia,1980,6
Yugoslavia,1981,6
Yugoslavia,1982,
Yugoslavia,1983,6
Yugoslavia,1984,6
Yugoslavia,1985,6
Yugoslavia,1986,6
Yugoslavia,1987,6
Yugoslavia,1988,5
Yugoslavia,1989,5
Yugoslavia,1990,5
Yugoslavia,1991,6
Serbia and Montenegro,1992,
Serbia and Montenegro,1993,
Serbia and Montenegro,1994,
Serbia and Montenegro,1995,
Serbia and Montenegro,1996,
Serbia and Montenegro,1997,
Serbia and Montenegro,1998,
Serbia and Montenegro,1999,
Serbia and Montenegro,2000,
Serbia and Montenegro,2001,
Serbia and Montenegro,2002,
Serbia and Montenegro,2003,3
Serbia and Montenegro,2004,3
Serbia and Montenegro,2005,3
Zambia,1965,
Zambia,1966,
Zambia,1967,
Zambia,1968,
Zambia,1969,
Zambia,1970,
Zambia,1971,
Zambia,1972,5
Zambia,1973,5
Zambia,1974,5
Zambia,1975,5
Zambia,1976,5
Zambia,1977,5
Zambia,1978,5
Zambia,1979,5
Zambia,1980,5
Zambia,1981,5
Zambia,1982,
Zambia,1983,5
Zambia,1984,5
Zambia,1985,5
Zambia,1986,5
Zambia,1987,5
Zambia,1988,6
Zambia,1989,6
Zambia,1990,6
Zambia,1991,2
Zambia,1992,2
Zambia,1993,3
Zambia,1994,3
Zambia,1995,3
Zambia,1996,5
Zambia,1997,5
Zambia,1998,5
Zambia,1999,5
Zambia,2000,5
Zambia,2001,5
Zambia,2002,4
Zambia,2003,4
Zambia,2004,4
Zambia,2005,4
Zambia,2006,3
Zambia,2007,3
Zambia,2008,3
Zambia,2009,3
Zambia,2010,3
Zambia,2011,3
Zambia,2012,3
Zambia,2013,3
Zambia,2014,3
Zambia,2015,3
Zambia,2016,4
Zambia,2017,4
Zambia,2018,4
Zambia,2019,4
Zambia,2020,4
Zambia,2021,4
Zambia,2022,4
Zambia,2023,4
Zambia,2024,4
Zambia,2025,
France,1946,
France,1947,
France,1948,
France,1949,
France,1950,
France,1951,
France,1952,
France,1953,
France,1954,
France,1955,
France,1956,
France,1957,
France,1958,
France,1959,
France,1960,
France,1961,
France,1962,
Malaysia,1946,
Malaysia,1947,
Malaysia,1948,
Malaysia,1949,
Malaysia,1950,
Malaysia,1951,
Malaysia,1952,
Malaysia,1953,
Malaysia,1954,
Malaysia,1955,
Malaysia,1956,
Malaysia,1957,
Malaysia,1958,
Malaysia,1959,
Malaysia,1960,
Malaysia,1961,
Malaysia,1962,
Malaysia,1963,
Malaysia,1964,
Malaysia,1965,
Cyprus,1961,
Cyprus,1962,
Cyprus,1963,
Cyprus,1964,
Cyprus,1965,
Cyprus,1966,
Cyprus,1967,
Cyprus,1968,
Cyprus,1969,
Cyprus,1970,
Cyprus,1971,
Cyprus,1972,2
Cyprus,1973,2
Cyprus,1974,4
Tibet,1946,
Tibet,1947,
Tibet,1948,
Tibet,1949,
Tibet,1950,
Pakistan,1948,
Pakistan,1949,
Pakistan,1950,
Pakistan,1951,
Pakistan,1952,
Pakistan,1953,
Pakistan,1954,
Pakistan,1955,
Pakistan,1956,
Pakistan,1957,
Pakistan,1958,
Pakistan,1959,
Pakistan,1960,
Pakistan,1961,
Pakistan,1962,
Pakistan,1963,
Pakistan,1964,
Pakistan,1965,
Pakistan,1966,
Pakistan,1967,
Pakistan,1968,
Pakistan,1969,
Pakistan,1970,
"Vietnam, North",1955,
"Vietnam, North",1956,
"Vietnam, North",1957,
"Vietnam, North",1958,
"Vietnam, North",1959,
"Vietnam, North",1960,
"Vietnam, North",1961,
"Vietnam, North",1962,
"Vietnam, North",1963,
"Vietnam, North",1964,
"Vietnam, North",1965,
"Vietnam, North",1966,
"Vietnam, North",1967,
"Vietnam, North",1968,
"Vietnam, North",1969,
"Vietnam, North",1970,
"Vietnam, North",1971,
"Vietnam, North",1972,7
"Vietnam, North",1973,7
"Vietnam, North",1974,7
"Vietnam, North",1975,7
"Vietnam, North",1976,
"Vietnam, South",1955,
"Vietnam, South",1956,
"Vietnam, South",1957,
"Vietnam, South",1958,
"Vietnam, South",1959,
"Vietnam, South",1960,
"Vietnam, South",1961,
"Vietnam, South",1962,
"Vietnam, South",1963,
"Vietnam, South",1964,
"Vietnam, South",1965,
"Vietnam, South",1966,
"Vietnam, South",1967,
"Vietnam, South",1968,
"Vietnam, South",1969,
"Vietnam, South",1970,
"Vietnam, South",1971,
"Vietnam, South",1972,4
"Vietnam, South",1973,4
"Vietnam, South",1974,4
"Vietnam, South",1975,7
"Vietnam, South",1976,
