country_name,year,v2x_rule
Mexico,1951,0.243
Mexico,1952,0.243
Mexico,1953,0.243
Mexico,1954,0.243
Mexico,1955,0.243
Mexico,1956,0.243
Mexico,1957,0.243
Mexico,1958,0.243
Mexico,1959,0.243
Mexico,1960,0.243
Mexico,1961,0.243
Mexico,1962,0.243
Mexico,1963,0.243
Mexico,1964,0.243
Mexico,1965,0.243
Mexico,1966,0.243
Mexico,1967,0.243
Mexico,1968,0.243
Mexico,1969,0.243
Mexico,1970,0.245
Mexico,1971,0.245
Mexico,1972,0.245
Mexico,1973,0.245
Mexico,1974,0.245
Mexico,1975,0.245
Mexico,1976,0.245
Mexico,1977,0.245
Mexico,1978,0.245
Mexico,1979,0.245
Mexico,1980,0.245
Mexico,1981,0.246
Mexico,1982,0.281
Mexico,1983,0.292
Mexico,1984,0.292
Mexico,1985,0.292
Mexico,1986,0.292
Mexico,1987,0.292
Mexico,1988,0.295
Mexico,1989,0.31
Mexico,1990,0.333
Mexico,1991,0.333
Mexico,1992,0.333
Mexico,1993,0.333
Mexico,1994,0.445
Mexico,1995,0.483
Mexico,1996,0.483
Mexico,1997,0.501
Mexico,1998,0.501
Mexico,1999,0.501
Mexico,2000,0.613
Mexico,2001,0.616
Mexico,2002,0.616
Mexico,2003,0.591
Mexico,2004,0.591
Mexico,2005,0.591
Mexico,2006,0.592
Mexico,2007,0.583
Mexico,2008,0.584
Mexico,2009,0.584
Mexico,2010,0.587
Mexico,2011,0.587
Mexico,2012,0.556
Mexico,2013,0.473
Mexico,2014,0.473
Mexico,2015,0.483
Mexico,2016,0.483
Mexico,2017,0.487
Mexico,2018,0.485
Mexico,2019,0.511
Mexico,2020,0.498
Mexico,2021,0.479
Mexico,2022,0.441
Mexico,2023,0.433
Mexico,2024,0.388
Mexico,2025,0.355
Suriname,1951,0.805
Suriname,1952,0.805
Suriname,1953,0.805
Suriname,1954,0.805
Suriname,1955,0.807
Suriname,1956,0.807
Suriname,1957,0.807
Suriname,1958,0.807
Suriname,1959,0.807
Suriname,1960,0.807
Suriname,1961,0.807
Suriname,1962,0.807
Suriname,1963,0.807
Suriname,1964,0.807
Suriname,1965,0.807
Suriname,1966,0.807
Suriname,1967,0.807
Suriname,1968,0.807
Suriname,1969,0.807
Suriname,1970,0.807
Suriname,1971,0.807
Suriname,1972,0.807
Suriname,1973,0.807
Suriname,1974,0.802
Suriname,1975,0.809
Suriname,1976,0.81
Suriname,1977,0.81
Suriname,1978,0.81
Suriname,1979,0.81
Suriname,1980,0.676
Suriname,1981,0.658
Suriname,1982,0.653
Suriname,1983,0.653
Suriname,1984,0.653
Suriname,1985,0.653
Suriname,1986,0.653
Suriname,1987,0.653
Suriname,1988,0.7
Suriname,1989,0.704
Suriname,1990,0.753
Suriname,1991,0.761
Suriname,1992,0.762
Suriname,1993,0.787
Suriname,1994,0.787
Suriname,1995,0.787
Suriname,1996,0.787
Suriname,1997,0.787
Suriname,1998,0.787
Suriname,1999,0.787
Suriname,2000,0.787
Suriname,2001,0.787
Suriname,2002,0.787
Suriname,2003,0.787
Suriname,2004,0.787
Suriname,2005,0.787
Suriname,2006,0.787
Suriname,2007,0.787
Suriname,2008,0.787
Suriname,2009,0.787
Suriname,2010,0.769
Suriname,2011,0.769
Suriname,2012,0.769
Suriname,2013,0.761
Suriname,2014,0.761
Suriname,2015,0.761
Suriname,2016,0.739
Suriname,2017,0.731
Suriname,2018,0.718
Suriname,2019,0.699
Suriname,2020,0.775
Suriname,2021,0.79
Suriname,2022,0.797
Suriname,2023,0.819
Suriname,2024,0.828
Suriname,2025,0.803
Sweden,1951,0.991
Sweden,1952,0.991
Sweden,1953,0.991
Sweden,1954,0.991
Sweden,1955,0.991
Sweden,1956,0.991
Sweden,1957,0.991
Sweden,1958,0.991
Sweden,1959,0.991
Sweden,1960,0.992
Sweden,1961,0.993
Sweden,1962,0.993
Sweden,1963,0.993
Sweden,1964,0.993
Sweden,1965,0.993
Sweden,1966,0.993
Sweden,1967,0.993
Sweden,1968,0.993
Sweden,1969,0.993
Sweden,1970,0.994
Sweden,1971,0.994
Sweden,1972,0.994
Sweden,1973,0.994
Sweden,1974,0.994
Sweden,1975,0.994
Sweden,1976,0.994
Sweden,1977,0.994
Sweden,1978,0.994
Sweden,1979,0.994
Sweden,1980,0.994
Sweden,1981,0.994
Sweden,1982,0.995
Sweden,1983,0.995
Sweden,1984,0.995
Sweden,1985,0.995
Sweden,1986,0.995
Sweden,1987,0.995
Sweden,1988,0.995
Sweden,1989,0.995
Sweden,1990,0.995
Sweden,1991,0.995
Sweden,1992,0.995
Sweden,1993,0.995
Sweden,1994,0.995
Sweden,1995,0.995
Sweden,1996,0.995
Sweden,1997,0.995
Sweden,1998,0.995
Sweden,1999,0.995
Sweden,2000,0.995
Sweden,2001,0.995
Sweden,2002,0.995
Sweden,2003,0.995
Sweden,2004,0.995
Sweden,2005,0.995
Sweden,2006,0.994
Sweden,2007,0.994
Sweden,2008,0.994
Sweden,2009,0.994
Sweden,2010,0.994
Sweden,2011,0.995
Sweden,2012,0.995
Sweden,2013,0.995
Sweden,2014,0.995
Sweden,2015,0.992
Sweden,2016,0.992
Sweden,2017,0.993
Sweden,2018,0.993
Sweden,2019,0.993
Sweden,2020,0.993
Sweden,2021,0.992
Sweden,2022,0.993
Sweden,2023,0.99
Sweden,2024,0.99
Sweden,2025,0.989
Switzerland,1951,0.991
Switzerland,1952,0.991
Switzerland,1953,0.991
Switzerland,1954,0.991
Switzerland,1955,0.991
Switzerland,1956,0.991
Switzerland,1957,0.991
Switzerland,1958,0.991
Switzerland,1959,0.991
Switzerland,1960,0.991
Switzerland,1961,0.991
Switzerland,1962,0.991
Switzerland,1963,0.991
Switzerland,1964,0.991
Switzerland,1965,0.991
Switzerland,1966,0.991
Switzerland,1967,0.991
Switzerland,1968,0.991
Switzerland,1969,0.991
Switzerland,1970,0.991
Switzerland,1971,0.991
Switzerland,1972,0.991
Switzerland,1973,0.991
Switzerland,1974,0.993
Switzerland,1975,0.993
Switzerland,1976,0.993
Switzerland,1977,0.993
Switzerland,1978,0.993
Switzerland,1979,0.993
Switzerland,1980,0.993
Switzerland,1981,0.993
Switzerland,1982,0.993
Switzerland,1983,0.993
Switzerland,1984,0.993
Switzerland,1985,0.993
Switzerland,1986,0.993
Switzerland,1987,0.993
Switzerland,1988,0.993
Switzerland,1989,0.993
Switzerland,1990,0.993
Switzerland,1991,0.993
Switzerland,1992,0.993
Switzerland,1993,0.993
Switzerland,1994,0.993
Switzerland,1995,0.993
Switzerland,1996,0.993
Switzerland,1997,0.993
Switzerland,1998,0.993
Switzerland,1999,0.993
Switzerland,2000,0.993
Switzerland,2001,0.993
Switzerland,2002,0.993
Switzerland,2003,0.993
Switzerland,2004,0.993
Switzerland,2005,0.993
Switzerland,2006,0.993
Switzerland,2007,0.993
Switzerland,2008,0.993
Switzerland,2009,0.993
Switzerland,2010,0.993
Switzerland,2011,0.993
Switzerland,2012,0.993
Switzerland,2013,0.994
Switzerland,2014,0.994
Switzerland,2015,0.995
Switzerland,2016,0.995
Switzerland,2017,0.994
Switzerland,2018,0.995
Switzerland,2019,0.995
Switzerland,2020,0.994
Switzerland,2021,0.994
Switzerland,2022,0.995
Switzerland,2023,0.995
Switzerland,2024,0.995
Switzerland,2025,0.995
Ghana,1951,0.665
Ghana,1952,0.665
Ghana,1953,0.665
Ghana,1954,0.686
Ghana,1955,0.686
Ghana,1956,0.695
Ghana,1957,0.659
Ghana,1958,0.66
Ghana,1959,0.66
Ghana,1960,0.65
Ghana,1961,0.544
Ghana,1962,0.496
Ghana,1963,0.492
Ghana,1964,0.479
Ghana,1965,0.479
Ghana,1966,0.399
Ghana,1967,0.36
Ghana,1968,0.36
Ghana,1969,0.493
Ghana,1970,0.499
Ghana,1971,0.507
Ghana,1972,0.339
Ghana,1973,0.271
Ghana,1974,0.271
Ghana,1975,0.271
Ghana,1976,0.271
Ghana,1977,0.271
Ghana,1978,0.271
Ghana,1979,0.453
Ghana,1980,0.513
Ghana,1981,0.487
Ghana,1982,0.282
Ghana,1983,0.282
Ghana,1984,0.282
Ghana,1985,0.288
Ghana,1986,0.281
Ghana,1987,0.281
Ghana,1988,0.3
Ghana,1989,0.297
Ghana,1990,0.301
Ghana,1991,0.301
Ghana,1992,0.298
Ghana,1993,0.462
Ghana,1994,0.501
Ghana,1995,0.501
Ghana,1996,0.531
Ghana,1997,0.537
Ghana,1998,0.535
Ghana,1999,0.535
Ghana,2000,0.593
Ghana,2001,0.593
Ghana,2002,0.584
Ghana,2003,0.597
Ghana,2004,0.597
Ghana,2005,0.601
Ghana,2006,0.601
Ghana,2007,0.591
Ghana,2008,0.591
Ghana,2009,0.591
Ghana,2010,0.607
Ghana,2011,0.607
Ghana,2012,0.604
Ghana,2013,0.586
Ghana,2014,0.586
Ghana,2015,0.569
Ghana,2016,0.571
Ghana,2017,0.586
Ghana,2018,0.574
Ghana,2019,0.558
Ghana,2020,0.557
Ghana,2021,0.544
Ghana,2022,0.545
Ghana,2023,0.539
Ghana,2024,0.538
Ghana,2025,0.568
South Africa,1951,0.384
South Africa,1952,0.384
South Africa,1953,0.384
South Africa,1954,0.384
South Africa,1955,0.384
South Africa,1956,0.384
South Africa,1957,0.384
South Africa,1958,0.384
South Africa,1959,0.384
South Africa,1960,0.39
South Africa,1961,0.39
South Africa,1962,0.39
South Africa,1963,0.39
South Africa,1964,0.39
South Africa,1965,0.39
South Africa,1966,0.39
South Africa,1967,0.39
South Africa,1968,0.39
South Africa,1969,0.39
South Africa,1970,0.386
South Africa,1971,0.38
South Africa,1972,0.385
South Africa,1973,0.387
South Africa,1974,0.387
South Africa,1975,0.387
South Africa,1976,0.387
South Africa,1977,0.387
South Africa,1978,0.387
South Africa,1979,0.387
South Africa,1980,0.397
South Africa,1981,0.397
South Africa,1982,0.397
South Africa,1983,0.397
South Africa,1984,0.397
South Africa,1985,0.397
South Africa,1986,0.397
South Africa,1987,0.397
South Africa,1988,0.397
South Africa,1989,0.4
South Africa,1990,0.427
South Africa,1991,0.427
South Africa,1992,0.427
South Africa,1993,0.427
South Africa,1994,0.702
South Africa,1995,0.77
South Africa,1996,0.776
South Africa,1997,0.776
South Africa,1998,0.776
South Africa,1999,0.776
South Africa,2000,0.786
South Africa,2001,0.786
South Africa,2002,0.786
South Africa,2003,0.779
South Africa,2004,0.779
South Africa,2005,0.759
South Africa,2006,0.753
South Africa,2007,0.762
South Africa,2008,0.758
South Africa,2009,0.734
South Africa,2010,0.735
South Africa,2011,0.734
South Africa,2012,0.736
South Africa,2013,0.709
South Africa,2014,0.705
South Africa,2015,0.686
South Africa,2016,0.686
South Africa,2017,0.652
South Africa,2018,0.676
South Africa,2019,0.68
South Africa,2020,0.724
South Africa,2021,0.714
South Africa,2022,0.718
South Africa,2023,0.672
South Africa,2024,0.709
South Africa,2025,0.694
Japan,1951,0.933
Japan,1952,0.933
Japan,1953,0.948
Japan,1954,0.948
Japan,1955,0.952
Japan,1956,0.952
Japan,1957,0.948
Japan,1958,0.952
Japan,1959,0.952
Japan,1960,0.952
Japan,1961,0.952
Japan,1962,0.952
Japan,1963,0.952
Japan,1964,0.952
Japan,1965,0.952
Japan,1966,0.952
Japan,1967,0.952
Japan,1968,0.952
Japan,1969,0.952
Japan,1970,0.952
Japan,1971,0.958
Japan,1972,0.958
Japan,1973,0.958
Japan,1974,0.958
Japan,1975,0.958
Japan,1976,0.958
Japan,1977,0.958
Japan,1978,0.958
Japan,1979,0.958
Japan,1980,0.952
Japan,1981,0.952
Japan,1982,0.955
Japan,1983,0.955
Japan,1984,0.955
Japan,1985,0.955
Japan,1986,0.955
Japan,1987,0.955
Japan,1988,0.955
Japan,1989,0.955
Japan,1990,0.955
Japan,1991,0.955
Japan,1992,0.955
Japan,1993,0.955
Japan,1994,0.958
Japan,1995,0.958
Japan,1996,0.958
Japan,1997,0.958
Japan,1998,0.96
Japan,1999,0.96
Japan,2000,0.96
Japan,2001,0.96
Japan,2002,0.96
Japan,2003,0.96
Japan,2004,0.96
Japan,2005,0.96
Japan,2006,0.96
Japan,2007,0.96
Japan,2008,0.96
Japan,2009,0.96
Japan,2010,0.96
Japan,2011,0.96
Japan,2012,0.96
Japan,2013,0.957
Japan,2014,0.954
Japan,2015,0.954
Japan,2016,0.949
Japan,2017,0.949
Japan,2018,0.949
Japan,2019,0.957
Japan,2020,0.958
Japan,2021,0.96
Japan,2022,0.96
Japan,2023,0.958
Japan,2024,0.956
Japan,2025,0.956
Burma/Myanmar,1951,0.674
Burma/Myanmar,1952,0.674
Burma/Myanmar,1953,0.674
Burma/Myanmar,1954,0.674
Burma/Myanmar,1955,0.674
Burma/Myanmar,1956,0.674
Burma/Myanmar,1957,0.674
Burma/Myanmar,1958,0.651
Burma/Myanmar,1959,0.661
Burma/Myanmar,1960,0.665
Burma/Myanmar,1961,0.652
Burma/Myanmar,1962,0.229
Burma/Myanmar,1963,0.083
Burma/Myanmar,1964,0.072
Burma/Myanmar,1965,0.072
Burma/Myanmar,1966,0.066
Burma/Myanmar,1967,0.066
Burma/Myanmar,1968,0.066
Burma/Myanmar,1969,0.066
Burma/Myanmar,1970,0.066
Burma/Myanmar,1971,0.066
Burma/Myanmar,1972,0.066
Burma/Myanmar,1973,0.066
Burma/Myanmar,1974,0.076
Burma/Myanmar,1975,0.076
Burma/Myanmar,1976,0.076
Burma/Myanmar,1977,0.076
Burma/Myanmar,1978,0.076
Burma/Myanmar,1979,0.076
Burma/Myanmar,1980,0.076
Burma/Myanmar,1981,0.076
Burma/Myanmar,1982,0.076
Burma/Myanmar,1983,0.076
Burma/Myanmar,1984,0.076
Burma/Myanmar,1985,0.076
Burma/Myanmar,1986,0.076
Burma/Myanmar,1987,0.076
Burma/Myanmar,1988,0.057
Burma/Myanmar,1989,0.049
Burma/Myanmar,1990,0.049
Burma/Myanmar,1991,0.049
Burma/Myanmar,1992,0.049
Burma/Myanmar,1993,0.049
Burma/Myanmar,1994,0.049
Burma/Myanmar,1995,0.049
Burma/Myanmar,1996,0.049
Burma/Myanmar,1997,0.049
Burma/Myanmar,1998,0.049
Burma/Myanmar,1999,0.049
Burma/Myanmar,2000,0.052
Burma/Myanmar,2001,0.052
Burma/Myanmar,2002,0.052
Burma/Myanmar,2003,0.052
Burma/Myanmar,2004,0.052
Burma/Myanmar,2005,0.052
Burma/Myanmar,2006,0.052
Burma/Myanmar,2007,0.052
Burma/Myanmar,2008,0.052
Burma/Myanmar,2009,0.054
Burma/Myanmar,2010,0.109
Burma/Myanmar,2011,0.243
Burma/Myanmar,2012,0.261
Burma/Myanmar,2013,0.347
Burma/Myanmar,2014,0.357
Burma/Myanmar,2015,0.483
Burma/Myanmar,2016,0.562
Burma/Myanmar,2017,0.587
Burma/Myanmar,2018,0.622
Burma/Myanmar,2019,0.622
Burma/Myanmar,2020,0.636
Burma/Myanmar,2021,0.065
Burma/Myanmar,2022,0.073
Burma/Myanmar,2023,0.066
Burma/Myanmar,2024,0.061
Burma/Myanmar,2025,0.062
Russia,1951,0.125
Russia,1952,0.125
Russia,1953,0.138
Russia,1954,0.186
Russia,1955,0.186
Russia,1956,0.195
Russia,1957,0.195
Russia,1958,0.194
Russia,1959,0.194
Russia,1960,0.205
Russia,1961,0.195
Russia,1962,0.195
Russia,1963,0.195
Russia,1964,0.17
Russia,1965,0.17
Russia,1966,0.17
Russia,1967,0.171
Russia,1968,0.168
Russia,1969,0.166
Russia,1970,0.159
Russia,1971,0.165
Russia,1972,0.165
Russia,1973,0.165
Russia,1974,0.165
Russia,1975,0.165
Russia,1976,0.165
Russia,1977,0.165
Russia,1978,0.165
Russia,1979,0.165
Russia,1980,0.165
Russia,1981,0.165
Russia,1982,0.168
Russia,1983,0.164
Russia,1984,0.164
Russia,1985,0.17
Russia,1986,0.163
Russia,1987,0.186
Russia,1988,0.192
Russia,1989,0.194
Russia,1990,0.199
Russia,1991,0.254
Russia,1992,0.287
Russia,1993,0.272
Russia,1994,0.266
Russia,1995,0.266
Russia,1996,0.275
Russia,1997,0.27
Russia,1998,0.26
Russia,1999,0.259
Russia,2000,0.221
Russia,2001,0.209
Russia,2002,0.206
Russia,2003,0.185
Russia,2004,0.237
Russia,2005,0.242
Russia,2006,0.246
Russia,2007,0.245
Russia,2008,0.242
Russia,2009,0.243
Russia,2010,0.23
Russia,2011,0.23
Russia,2012,0.211
Russia,2013,0.204
Russia,2014,0.198
Russia,2015,0.206
Russia,2016,0.2
Russia,2017,0.192
Russia,2018,0.193
Russia,2019,0.196
Russia,2020,0.187
Russia,2021,0.187
Russia,2022,0.171
Russia,2023,0.134
Russia,2024,0.12
Russia,2025,0.121
Albania,1951,0.496
Albania,1952,0.496
Albania,1953,0.496
Albania,1954,0.496
Albania,1955,0.496
Albania,1956,0.496
Albania,1957,0.496
Albania,1958,0.496
Albania,1959,0.496
Albania,1960,0.496
Albania,1961,0.496
Albania,1962,0.496
Albania,1963,0.496
Albania,1964,0.496
Albania,1965,0.496
Albania,1966,0.496
Albania,1967,0.496
Albania,1968,0.496
Albania,1969,0.496
Albania,1970,0.496
Albania,1971,0.496
Albania,1972,0.496
Albania,1973,0.496
Albania,1974,0.496
Albania,1975,0.496
Albania,1976,0.507
Albania,1977,0.48
Albania,1978,0.48
Albania,1979,0.48
Albania,1980,0.48
Albania,1981,0.477
Albania,1982,0.477
Albania,1983,0.477
Albania,1984,0.461
Albania,1985,0.439
Albania,1986,0.45
Albania,1987,0.462
Albania,1988,0.462
Albania,1989,0.452
Albania,1990,0.405
Albania,1991,0.487
Albania,1992,0.48
Albania,1993,0.496
Albania,1994,0.496
Albania,1995,0.496
Albania,1996,0.496
Albania,1997,0.475
Albania,1998,0.458
Albania,1999,0.449
Albania,2000,0.474
Albania,2001,0.518
Albania,2002,0.515
Albania,2003,0.511
Albania,2004,0.529
Albania,2005,0.542
Albania,2006,0.542
Albania,2007,0.542
Albania,2008,0.516
Albania,2009,0.525
Albania,2010,0.523
Albania,2011,0.523
Albania,2012,0.525
Albania,2013,0.54
Albania,2014,0.551
Albania,2015,0.551
Albania,2016,0.551
Albania,2017,0.543
Albania,2018,0.553
Albania,2019,0.569
Albania,2020,0.563
Albania,2021,0.632
Albania,2022,0.649
Albania,2023,0.585
Albania,2024,0.583
Albania,2025,0.592
Egypt,1951,0.577
Egypt,1952,0.635
Egypt,1953,0.575
Egypt,1954,0.508
Egypt,1955,0.5
Egypt,1956,0.497
Egypt,1957,0.507
Egypt,1958,0.507
Egypt,1959,0.507
Egypt,1960,0.493
Egypt,1961,0.493
Egypt,1962,0.493
Egypt,1963,0.493
Egypt,1964,0.493
Egypt,1965,0.493
Egypt,1966,0.493
Egypt,1967,0.487
Egypt,1968,0.471
Egypt,1969,0.471
Egypt,1970,0.445
Egypt,1971,0.445
Egypt,1972,0.455
Egypt,1973,0.455
Egypt,1974,0.437
Egypt,1975,0.437
Egypt,1976,0.437
Egypt,1977,0.437
Egypt,1978,0.419
Egypt,1979,0.419
Egypt,1980,0.388
Egypt,1981,0.388
Egypt,1982,0.393
Egypt,1983,0.393
Egypt,1984,0.393
Egypt,1985,0.393
Egypt,1986,0.42
Egypt,1987,0.39
Egypt,1988,0.39
Egypt,1989,0.39
Egypt,1990,0.362
Egypt,1991,0.362
Egypt,1992,0.362
Egypt,1993,0.362
Egypt,1994,0.335
Egypt,1995,0.325
Egypt,1996,0.324
Egypt,1997,0.324
Egypt,1998,0.324
Egypt,1999,0.324
Egypt,2000,0.324
Egypt,2001,0.325
Egypt,2002,0.325
Egypt,2003,0.325
Egypt,2004,0.325
Egypt,2005,0.325
Egypt,2006,0.325
Egypt,2007,0.325
Egypt,2008,0.325
Egypt,2009,0.325
Egypt,2010,0.324
Egypt,2011,0.375
Egypt,2012,0.358
Egypt,2013,0.35
Egypt,2014,0.364
Egypt,2015,0.373
Egypt,2016,0.372
Egypt,2017,0.346
Egypt,2018,0.34
Egypt,2019,0.351
Egypt,2020,0.353
Egypt,2021,0.344
Egypt,2022,0.355
Egypt,2023,0.343
Egypt,2024,0.34
Egypt,2025,0.321
Yemen,1951,0.233
Yemen,1952,0.233
Yemen,1953,0.261
Yemen,1954,0.28
Yemen,1955,0.28
Yemen,1956,0.28
Yemen,1957,0.28
Yemen,1958,0.28
Yemen,1959,0.28
Yemen,1960,0.287
Yemen,1961,0.287
Yemen,1962,0.312
Yemen,1963,0.535
Yemen,1964,0.549
Yemen,1965,0.549
Yemen,1966,0.549
Yemen,1967,0.512
Yemen,1968,0.512
Yemen,1969,0.512
Yemen,1970,0.512
Yemen,1971,0.512
Yemen,1972,0.512
Yemen,1973,0.518
Yemen,1974,0.671
Yemen,1975,0.745
Yemen,1976,0.743
Yemen,1977,0.737
Yemen,1978,0.422
Yemen,1979,0.391
Yemen,1980,0.391
Yemen,1981,0.391
Yemen,1982,0.393
Yemen,1983,0.393
Yemen,1984,0.393
Yemen,1985,0.393
Yemen,1986,0.375
Yemen,1987,0.366
Yemen,1988,0.366
Yemen,1989,0.366
Yemen,1990,0.282
Yemen,1991,0.25
Yemen,1992,0.25
Yemen,1993,0.25
Yemen,1994,0.24
Yemen,1995,0.126
Yemen,1996,0.126
Yemen,1997,0.126
Yemen,1998,0.126
Yemen,1999,0.126
Yemen,2000,0.117
Yemen,2001,0.117
Yemen,2002,0.121
Yemen,2003,0.121
Yemen,2004,0.121
Yemen,2005,0.121
Yemen,2006,0.121
Yemen,2007,0.126
Yemen,2008,0.123
Yemen,2009,0.123
Yemen,2010,0.122
Yemen,2011,0.12
Yemen,2012,0.145
Yemen,2013,0.128
Yemen,2014,0.108
Yemen,2015,0.064
Yemen,2016,0.058
Yemen,2017,0.056
Yemen,2018,0.057
Yemen,2019,0.067
Yemen,2020,0.056
Yemen,2021,0.045
Yemen,2022,0.064
Yemen,2023,0.06
Yemen,2024,0.061
Yemen,2025,0.065
Colombia,1951,0.303
Colombia,1952,0.303
Colombia,1953,0.283
Colombia,1954,0.294
Colombia,1955,0.294
Colombia,1956,0.294
Colombia,1957,0.312
Colombia,1958,0.421
Colombia,1959,0.521
Colombia,1960,0.521
Colombia,1961,0.521
Colombia,1962,0.521
Colombia,1963,0.521
Colombia,1964,0.521
Colombia,1965,0.521
Colombia,1966,0.521
Colombia,1967,0.521
Colombia,1968,0.528
Colombia,1969,0.528
Colombia,1970,0.53
Colombia,1971,0.53
Colombia,1972,0.53
Colombia,1973,0.53
Colombia,1974,0.53
Colombia,1975,0.536
Colombia,1976,0.544
Colombia,1977,0.544
Colombia,1978,0.522
Colombia,1979,0.515
Colombia,1980,0.515
Colombia,1981,0.515
Colombia,1982,0.542
Colombia,1983,0.549
Colombia,1984,0.549
Colombia,1985,0.549
Colombia,1986,0.538
Colombia,1987,0.538
Colombia,1988,0.518
Colombia,1989,0.518
Colombia,1990,0.53
Colombia,1991,0.642
Colombia,1992,0.671
Colombia,1993,0.675
Colombia,1994,0.672
Colombia,1995,0.672
Colombia,1996,0.672
Colombia,1997,0.687
Colombia,1998,0.687
Colombia,1999,0.687
Colombia,2000,0.7
Colombia,2001,0.7
Colombia,2002,0.726
Colombia,2003,0.726
Colombia,2004,0.726
Colombia,2005,0.727
Colombia,2006,0.732
Colombia,2007,0.734
Colombia,2008,0.734
Colombia,2009,0.73
Colombia,2010,0.74
Colombia,2011,0.77
Colombia,2012,0.774
Colombia,2013,0.762
Colombia,2014,0.762
Colombia,2015,0.76
Colombia,2016,0.763
Colombia,2017,0.758
Colombia,2018,0.757
Colombia,2019,0.749
Colombia,2020,0.737
Colombia,2021,0.733
Colombia,2022,0.75
Colombia,2023,0.75
Colombia,2024,0.744
Colombia,2025,0.749
Poland,1951,0.605
Poland,1952,0.605
Poland,1953,0.605
Poland,1954,0.605
Poland,1955,0.605
Poland,1956,0.612
Poland,1957,0.658
Poland,1958,0.658
Poland,1959,0.658
Poland,1960,0.658
Poland,1961,0.658
Poland,1962,0.658
Poland,1963,0.658
Poland,1964,0.658
Poland,1965,0.658
Poland,1966,0.658
Poland,1967,0.658
Poland,1968,0.658
Poland,1969,0.658
Poland,1970,0.646
Poland,1971,0.638
Poland,1972,0.638
Poland,1973,0.638
Poland,1974,0.638
Poland,1975,0.638
Poland,1976,0.637
Poland,1977,0.637
Poland,1978,0.645
Poland,1979,0.645
Poland,1980,0.64
Poland,1981,0.641
Poland,1982,0.667
Poland,1983,0.655
Poland,1984,0.648
Poland,1985,0.652
Poland,1986,0.652
Poland,1987,0.672
Poland,1988,0.672
Poland,1989,0.846
Poland,1990,0.941
Poland,1991,0.941
Poland,1992,0.941
Poland,1993,0.95
Poland,1994,0.95
Poland,1995,0.95
Poland,1996,0.95
Poland,1997,0.95
Poland,1998,0.953
Poland,1999,0.953
Poland,2000,0.953
Poland,2001,0.953
Poland,2002,0.953
Poland,2003,0.953
Poland,2004,0.953
Poland,2005,0.953
Poland,2006,0.949
Poland,2007,0.951
Poland,2008,0.957
Poland,2009,0.957
Poland,2010,0.956
Poland,2011,0.958
Poland,2012,0.957
Poland,2013,0.95
Poland,2014,0.942
Poland,2015,0.92
Poland,2016,0.863
Poland,2017,0.823
Poland,2018,0.788
Poland,2019,0.778
Poland,2020,0.767
Poland,2021,0.736
Poland,2022,0.748
Poland,2023,0.76
Poland,2024,0.86
Poland,2025,0.879
Brazil,1951,0.414
Brazil,1952,0.414
Brazil,1953,0.414
Brazil,1954,0.414
Brazil,1955,0.414
Brazil,1956,0.414
Brazil,1957,0.414
Brazil,1958,0.414
Brazil,1959,0.414
Brazil,1960,0.414
Brazil,1961,0.414
Brazil,1962,0.414
Brazil,1963,0.414
Brazil,1964,0.294
Brazil,1965,0.231
Brazil,1966,0.231
Brazil,1967,0.218
Brazil,1968,0.21
Brazil,1969,0.209
Brazil,1970,0.209
Brazil,1971,0.209
Brazil,1972,0.209
Brazil,1973,0.209
Brazil,1974,0.202
Brazil,1975,0.202
Brazil,1976,0.202
Brazil,1977,0.202
Brazil,1978,0.202
Brazil,1979,0.214
Brazil,1980,0.252
Brazil,1981,0.252
Brazil,1982,0.252
Brazil,1983,0.252
Brazil,1984,0.252
Brazil,1985,0.329
Brazil,1986,0.431
Brazil,1987,0.431
Brazil,1988,0.604
Brazil,1989,0.624
Brazil,1990,0.653
Brazil,1991,0.652
Brazil,1992,0.652
Brazil,1993,0.684
Brazil,1994,0.707
Brazil,1995,0.713
Brazil,1996,0.716
Brazil,1997,0.718
Brazil,1998,0.718
Brazil,1999,0.718
Brazil,2000,0.73
Brazil,2001,0.73
Brazil,2002,0.722
Brazil,2003,0.722
Brazil,2004,0.722
Brazil,2005,0.795
Brazil,2006,0.793
Brazil,2007,0.793
Brazil,2008,0.793
Brazil,2009,0.793
Brazil,2010,0.799
Brazil,2011,0.799
Brazil,2012,0.799
Brazil,2013,0.796
Brazil,2014,0.794
Brazil,2015,0.794
Brazil,2016,0.73
Brazil,2017,0.728
Brazil,2018,0.708
Brazil,2019,0.633
Brazil,2020,0.635
Brazil,2021,0.639
Brazil,2022,0.635
Brazil,2023,0.799
Brazil,2024,0.838
Brazil,2025,0.862
United States of America,1951,0.936
United States of America,1952,0.936
United States of America,1953,0.936
United States of America,1954,0.936
United States of America,1955,0.925
United States of America,1956,0.925
United States of America,1957,0.925
United States of America,1958,0.925
United States of America,1959,0.925
United States of America,1960,0.925
United States of America,1961,0.925
United States of America,1962,0.925
United States of America,1963,0.925
United States of America,1964,0.928
United States of America,1965,0.93
United States of America,1966,0.94
United States of America,1967,0.94
United States of America,1968,0.94
United States of America,1969,0.947
United States of America,1970,0.949
United States of America,1971,0.949
United States of America,1972,0.95
United States of America,1973,0.951
United States of America,1974,0.954
United States of America,1975,0.97
United States of America,1976,0.971
United States of America,1977,0.971
United States of America,1978,0.971
United States of America,1979,0.971
United States of America,1980,0.972
United States of America,1981,0.968
United States of America,1982,0.965
United States of America,1983,0.965
United States of America,1984,0.965
United States of America,1985,0.965
United States of America,1986,0.965
United States of America,1987,0.968
United States of America,1988,0.968
United States of America,1989,0.971
United States of America,1990,0.976
United States of America,1991,0.976
United States of America,1992,0.976
United States of America,1993,0.978
United States of America,1994,0.978
United States of America,1995,0.978
United States of America,1996,0.978
United States of America,1997,0.978
United States of America,1998,0.978
United States of America,1999,0.978
United States of America,2000,0.98
United States of America,2001,0.979
United States of America,2002,0.979
United States of America,2003,0.979
United States of America,2004,0.979
United States of America,2005,0.979
United States of America,2006,0.979
United States of America,2007,0.979
United States of America,2008,0.979
United States of America,2009,0.982
United States of America,2010,0.983
United States of America,2011,0.983
United States of America,2012,0.982
United States of America,2013,0.981
United States of America,2014,0.981
United States of America,2015,0.981
United States of America,2016,0.972
United States of America,2017,0.936
United States of America,2018,0.942
United States of America,2019,0.94
United States of America,2020,0.939
United States of America,2021,0.964
United States of America,2022,0.966
United States of America,2023,0.972
United States of America,2024,0.963
United States of America,2025,0.924
Portugal,1951,0.556
Portugal,1952,0.556
Portugal,1953,0.556
Portugal,1954,0.556
Portugal,1955,0.556
Portugal,1956,0.556
Portugal,1957,0.556
Portugal,1958,0.556
Portugal,1959,0.556
Portugal,1960,0.568
Portugal,1961,0.568
Portugal,1962,0.568
Portugal,1963,0.568
Portugal,1964,0.568
Portugal,1965,0.578
Portugal,1966,0.578
Portugal,1967,0.58
Portugal,1968,0.58
Portugal,1969,0.597
Portugal,1970,0.597
Portugal,1971,0.597
Portugal,1972,0.597
Portugal,1973,0.597
Portugal,1974,0.813
Portugal,1975,0.886
Portugal,1976,0.908
Portugal,1977,0.945
Portugal,1978,0.945
Portugal,1979,0.945
Portugal,1980,0.943
Portugal,1981,0.943
Portugal,1982,0.943
Portugal,1983,0.953
Portugal,1984,0.953
Portugal,1985,0.953
Portugal,1986,0.956
Portugal,1987,0.956
Portugal,1988,0.956
Portugal,1989,0.956
Portugal,1990,0.955
Portugal,1991,0.955
Portugal,1992,0.957
Portugal,1993,0.957
Portugal,1994,0.957
Portugal,1995,0.957
Portugal,1996,0.961
Portugal,1997,0.963
Portugal,1998,0.963
Portugal,1999,0.963
Portugal,2000,0.963
Portugal,2001,0.963
Portugal,2002,0.963
Portugal,2003,0.963
Portugal,2004,0.963
Portugal,2005,0.957
Portugal,2006,0.954
Portugal,2007,0.954
Portugal,2008,0.954
Portugal,2009,0.954
Portugal,2010,0.952
Portugal,2011,0.951
Portugal,2012,0.958
Portugal,2013,0.95
Portugal,2014,0.95
Portugal,2015,0.962
Portugal,2016,0.955
Portugal,2017,0.966
Portugal,2018,0.963
Portugal,2019,0.966
Portugal,2020,0.923
Portugal,2021,0.923
Portugal,2022,0.931
Portugal,2023,0.91
Portugal,2024,0.912
Portugal,2025,0.887
El Salvador,1951,0.147
El Salvador,1952,0.147
El Salvador,1953,0.147
El Salvador,1954,0.147
El Salvador,1955,0.147
El Salvador,1956,0.147
El Salvador,1957,0.147
El Salvador,1958,0.147
El Salvador,1959,0.147
El Salvador,1960,0.135
El Salvador,1961,0.135
El Salvador,1962,0.144
El Salvador,1963,0.144
El Salvador,1964,0.144
El Salvador,1965,0.144
El Salvador,1966,0.144
El Salvador,1967,0.144
El Salvador,1968,0.144
El Salvador,1969,0.144
El Salvador,1970,0.138
El Salvador,1971,0.137
El Salvador,1972,0.111
El Salvador,1973,0.106
El Salvador,1974,0.106
El Salvador,1975,0.106
El Salvador,1976,0.106
El Salvador,1977,0.106
El Salvador,1978,0.106
El Salvador,1979,0.114
El Salvador,1980,0.134
El Salvador,1981,0.134
El Salvador,1982,0.134
El Salvador,1983,0.134
El Salvador,1984,0.124
El Salvador,1985,0.124
El Salvador,1986,0.124
El Salvador,1987,0.124
El Salvador,1988,0.124
El Salvador,1989,0.14
El Salvador,1990,0.149
El Salvador,1991,0.147
El Salvador,1992,0.291
El Salvador,1993,0.345
El Salvador,1994,0.358
El Salvador,1995,0.358
El Salvador,1996,0.358
El Salvador,1997,0.358
El Salvador,1998,0.351
El Salvador,1999,0.351
El Salvador,2000,0.389
El Salvador,2001,0.389
El Salvador,2002,0.391
El Salvador,2003,0.388
El Salvador,2004,0.362
El Salvador,2005,0.356
El Salvador,2006,0.361
El Salvador,2007,0.361
El Salvador,2008,0.375
El Salvador,2009,0.396
El Salvador,2010,0.407
El Salvador,2011,0.407
El Salvador,2012,0.418
El Salvador,2013,0.469
El Salvador,2014,0.48
El Salvador,2015,0.485
El Salvador,2016,0.475
El Salvador,2017,0.446
El Salvador,2018,0.387
El Salvador,2019,0.399
El Salvador,2020,0.31
El Salvador,2021,0.151
El Salvador,2022,0.129
El Salvador,2023,0.109
El Salvador,2024,0.09
El Salvador,2025,0.082
South Yemen,1951,0.86
South Yemen,1952,0.86
South Yemen,1953,0.86
South Yemen,1954,0.86
South Yemen,1955,0.86
South Yemen,1956,0.86
South Yemen,1957,0.86
South Yemen,1958,0.86
South Yemen,1959,0.86
South Yemen,1960,0.866
South Yemen,1961,0.866
South Yemen,1962,0.866
South Yemen,1963,0.855
South Yemen,1964,0.855
South Yemen,1965,0.863
South Yemen,1966,0.863
South Yemen,1967,0.859
South Yemen,1968,0.811
South Yemen,1969,0.811
South Yemen,1970,0.811
South Yemen,1971,0.811
South Yemen,1972,0.811
South Yemen,1973,0.811
South Yemen,1974,0.815
South Yemen,1975,0.815
South Yemen,1976,0.821
South Yemen,1977,0.814
South Yemen,1978,0.827
South Yemen,1979,0.852
South Yemen,1980,0.786
South Yemen,1981,0.852
South Yemen,1982,0.852
South Yemen,1983,0.852
South Yemen,1984,0.852
South Yemen,1985,0.852
South Yemen,1986,0.754
South Yemen,1987,0.755
South Yemen,1988,0.755
South Yemen,1989,0.755
South Yemen,1990,0.76
Bangladesh,1971,0.34
Bangladesh,1972,0.354
Bangladesh,1973,0.332
Bangladesh,1974,0.298
Bangladesh,1975,0.248
Bangladesh,1976,0.228
Bangladesh,1977,0.228
Bangladesh,1978,0.245
Bangladesh,1979,0.254
Bangladesh,1980,0.254
Bangladesh,1981,0.254
Bangladesh,1982,0.206
Bangladesh,1983,0.206
Bangladesh,1984,0.206
Bangladesh,1985,0.206
Bangladesh,1986,0.206
Bangladesh,1987,0.206
Bangladesh,1988,0.206
Bangladesh,1989,0.206
Bangladesh,1990,0.214
Bangladesh,1991,0.287
Bangladesh,1992,0.28
Bangladesh,1993,0.28
Bangladesh,1994,0.28
Bangladesh,1995,0.28
Bangladesh,1996,0.288
Bangladesh,1997,0.284
Bangladesh,1998,0.284
Bangladesh,1999,0.284
Bangladesh,2000,0.271
Bangladesh,2001,0.263
Bangladesh,2002,0.232
Bangladesh,2003,0.232
Bangladesh,2004,0.232
Bangladesh,2005,0.232
Bangladesh,2006,0.232
Bangladesh,2007,0.248
Bangladesh,2008,0.253
Bangladesh,2009,0.149
Bangladesh,2010,0.123
Bangladesh,2011,0.121
Bangladesh,2012,0.119
Bangladesh,2013,0.116
Bangladesh,2014,0.116
Bangladesh,2015,0.137
Bangladesh,2016,0.136
Bangladesh,2017,0.121
Bangladesh,2018,0.119
Bangladesh,2019,0.103
Bangladesh,2020,0.114
Bangladesh,2021,0.097
Bangladesh,2022,0.075
Bangladesh,2023,0.088
Bangladesh,2024,0.143
Bangladesh,2025,0.311
Bolivia,1951,0.203
Bolivia,1952,0.219
Bolivia,1953,0.225
Bolivia,1954,0.225
Bolivia,1955,0.225
Bolivia,1956,0.23
Bolivia,1957,0.23
Bolivia,1958,0.23
Bolivia,1959,0.23
Bolivia,1960,0.23
Bolivia,1961,0.23
Bolivia,1962,0.23
Bolivia,1963,0.23
Bolivia,1964,0.176
Bolivia,1965,0.116
Bolivia,1966,0.073
Bolivia,1967,0.073
Bolivia,1968,0.073
Bolivia,1969,0.073
Bolivia,1970,0.093
Bolivia,1971,0.054
Bolivia,1972,0.054
Bolivia,1973,0.054
Bolivia,1974,0.054
Bolivia,1975,0.054
Bolivia,1976,0.054
Bolivia,1977,0.054
Bolivia,1978,0.057
Bolivia,1979,0.069
Bolivia,1980,0.05
Bolivia,1981,0.041
Bolivia,1982,0.242
Bolivia,1983,0.376
Bolivia,1984,0.388
Bolivia,1985,0.435
Bolivia,1986,0.448
Bolivia,1987,0.467
Bolivia,1988,0.467
Bolivia,1989,0.467
Bolivia,1990,0.46
Bolivia,1991,0.46
Bolivia,1992,0.46
Bolivia,1993,0.467
Bolivia,1994,0.459
Bolivia,1995,0.459
Bolivia,1996,0.459
Bolivia,1997,0.462
Bolivia,1998,0.462
Bolivia,1999,0.462
Bolivia,2000,0.462
Bolivia,2001,0.462
Bolivia,2002,0.458
Bolivia,2003,0.468
Bolivia,2004,0.457
Bolivia,2005,0.458
Bolivia,2006,0.413
Bolivia,2007,0.413
Bolivia,2008,0.41
Bolivia,2009,0.386
Bolivia,2010,0.372
Bolivia,2011,0.372
Bolivia,2012,0.362
Bolivia,2013,0.403
Bolivia,2014,0.406
Bolivia,2015,0.415
Bolivia,2016,0.408
Bolivia,2017,0.403
Bolivia,2018,0.392
Bolivia,2019,0.343
Bolivia,2020,0.385
Bolivia,2021,0.483
Bolivia,2022,0.383
Bolivia,2023,0.354
Bolivia,2024,0.332
Bolivia,2025,0.281
Haiti,1951,0.107
Haiti,1952,0.107
Haiti,1953,0.107
Haiti,1954,0.107
Haiti,1955,0.107
Haiti,1956,0.107
Haiti,1957,0.052
Haiti,1958,0.033
Haiti,1959,0.033
Haiti,1960,0.033
Haiti,1961,0.033
Haiti,1962,0.033
Haiti,1963,0.033
Haiti,1964,0.033
Haiti,1965,0.033
Haiti,1966,0.033
Haiti,1967,0.033
Haiti,1968,0.033
Haiti,1969,0.033
Haiti,1970,0.033
Haiti,1971,0.043
Haiti,1972,0.046
Haiti,1973,0.046
Haiti,1974,0.046
Haiti,1975,0.046
Haiti,1976,0.046
Haiti,1977,0.046
Haiti,1978,0.046
Haiti,1979,0.046
Haiti,1980,0.046
Haiti,1981,0.046
Haiti,1982,0.046
Haiti,1983,0.046
Haiti,1984,0.046
Haiti,1985,0.046
Haiti,1986,0.05
Haiti,1987,0.125
Haiti,1988,0.119
Haiti,1989,0.119
Haiti,1990,0.13
Haiti,1991,0.155
Haiti,1992,0.089
Haiti,1993,0.089
Haiti,1994,0.102
Haiti,1995,0.29
Haiti,1996,0.297
Haiti,1997,0.328
Haiti,1998,0.329
Haiti,1999,0.329
Haiti,2000,0.295
Haiti,2001,0.279
Haiti,2002,0.281
Haiti,2003,0.262
Haiti,2004,0.186
Haiti,2005,0.148
Haiti,2006,0.201
Haiti,2007,0.223
Haiti,2008,0.22
Haiti,2009,0.218
Haiti,2010,0.179
Haiti,2011,0.179
Haiti,2012,0.176
Haiti,2013,0.181
Haiti,2014,0.172
Haiti,2015,0.171
Haiti,2016,0.181
Haiti,2017,0.177
Haiti,2018,0.151
Haiti,2019,0.138
Haiti,2020,0.156
Haiti,2021,0.141
Haiti,2022,0.135
Haiti,2023,0.13
Haiti,2024,0.179
Haiti,2025,0.171
Honduras,1951,0.187
Honduras,1952,0.187
Honduras,1953,0.187
Honduras,1954,0.215
Honduras,1955,0.207
Honduras,1956,0.199
Honduras,1957,0.19
Honduras,1958,0.213
Honduras,1959,0.217
Honduras,1960,0.208
Honduras,1961,0.208
Honduras,1962,0.208
Honduras,1963,0.174
Honduras,1964,0.131
Honduras,1965,0.124
Honduras,1966,0.124
Honduras,1967,0.122
Honduras,1968,0.122
Honduras,1969,0.122
Honduras,1970,0.122
Honduras,1971,0.132
Honduras,1972,0.143
Honduras,1973,0.139
Honduras,1974,0.139
Honduras,1975,0.139
Honduras,1976,0.139
Honduras,1977,0.139
Honduras,1978,0.125
Honduras,1979,0.125
Honduras,1980,0.157
Honduras,1981,0.203
Honduras,1982,0.233
Honduras,1983,0.249
Honduras,1984,0.249
Honduras,1985,0.249
Honduras,1986,0.258
Honduras,1987,0.258
Honduras,1988,0.262
Honduras,1989,0.255
Honduras,1990,0.291
Honduras,1991,0.286
Honduras,1992,0.291
Honduras,1993,0.287
Honduras,1994,0.296
Honduras,1995,0.296
Honduras,1996,0.297
Honduras,1997,0.297
Honduras,1998,0.302
Honduras,1999,0.319
Honduras,2000,0.329
Honduras,2001,0.329
Honduras,2002,0.328
Honduras,2003,0.328
Honduras,2004,0.328
Honduras,2005,0.328
Honduras,2006,0.334
Honduras,2007,0.342
Honduras,2008,0.342
Honduras,2009,0.291
Honduras,2010,0.287
Honduras,2011,0.293
Honduras,2012,0.273
Honduras,2013,0.302
Honduras,2014,0.318
Honduras,2015,0.264
Honduras,2016,0.291
Honduras,2017,0.279
Honduras,2018,0.298
Honduras,2019,0.29
Honduras,2020,0.293
Honduras,2021,0.33
Honduras,2022,0.481
Honduras,2023,0.506
Honduras,2024,0.504
Honduras,2025,0.526
Mali,1951,0.54
Mali,1952,0.54
Mali,1953,0.54
Mali,1954,0.54
Mali,1955,0.54
Mali,1956,0.54
Mali,1957,0.54
Mali,1958,0.545
Mali,1959,0.511
Mali,1960,0.649
Mali,1961,0.649
Mali,1962,0.649
Mali,1963,0.649
Mali,1964,0.649
Mali,1965,0.649
Mali,1966,0.649
Mali,1967,0.649
Mali,1968,0.601
Mali,1969,0.287
Mali,1970,0.288
Mali,1971,0.288
Mali,1972,0.288
Mali,1973,0.288
Mali,1974,0.283
Mali,1975,0.292
Mali,1976,0.292
Mali,1977,0.292
Mali,1978,0.292
Mali,1979,0.292
Mali,1980,0.293
Mali,1981,0.293
Mali,1982,0.293
Mali,1983,0.293
Mali,1984,0.293
Mali,1985,0.293
Mali,1986,0.293
Mali,1987,0.293
Mali,1988,0.293
Mali,1989,0.293
Mali,1990,0.313
Mali,1991,0.441
Mali,1992,0.474
Mali,1993,0.448
Mali,1994,0.448
Mali,1995,0.441
Mali,1996,0.441
Mali,1997,0.384
Mali,1998,0.384
Mali,1999,0.384
Mali,2000,0.384
Mali,2001,0.384
Mali,2002,0.395
Mali,2003,0.39
Mali,2004,0.39
Mali,2005,0.39
Mali,2006,0.39
Mali,2007,0.386
Mali,2008,0.394
Mali,2009,0.394
Mali,2010,0.376
Mali,2011,0.377
Mali,2012,0.381
Mali,2013,0.381
Mali,2014,0.381
Mali,2015,0.381
Mali,2016,0.381
Mali,2017,0.346
Mali,2018,0.343
Mali,2019,0.384
Mali,2020,0.378
Mali,2021,0.273
Mali,2022,0.275
Mali,2023,0.292
Mali,2024,0.328
Mali,2025,0.421
Pakistan,1951,0.582
Pakistan,1952,0.564
Pakistan,1953,0.564
Pakistan,1954,0.544
Pakistan,1955,0.543
Pakistan,1956,0.531
Pakistan,1957,0.526
Pakistan,1958,0.365
Pakistan,1959,0.445
Pakistan,1960,0.461
Pakistan,1961,0.461
Pakistan,1962,0.473
Pakistan,1963,0.496
Pakistan,1964,0.496
Pakistan,1965,0.496
Pakistan,1966,0.5
Pakistan,1967,0.5
Pakistan,1968,0.5
Pakistan,1969,0.419
Pakistan,1970,0.392
Pakistan,1971,0.292
Pakistan,1972,0.288
Pakistan,1973,0.317
Pakistan,1974,0.319
Pakistan,1975,0.318
Pakistan,1976,0.318
Pakistan,1977,0.265
Pakistan,1978,0.308
Pakistan,1979,0.303
Pakistan,1980,0.315
Pakistan,1981,0.315
Pakistan,1982,0.315
Pakistan,1983,0.315
Pakistan,1984,0.315
Pakistan,1985,0.329
Pakistan,1986,0.329
Pakistan,1987,0.335
Pakistan,1988,0.271
Pakistan,1989,0.271
Pakistan,1990,0.249
Pakistan,1991,0.249
Pakistan,1992,0.249
Pakistan,1993,0.261
Pakistan,1994,0.26
Pakistan,1995,0.26
Pakistan,1996,0.26
Pakistan,1997,0.23
Pakistan,1998,0.228
Pakistan,1999,0.204
Pakistan,2000,0.258
Pakistan,2001,0.251
Pakistan,2002,0.209
Pakistan,2003,0.212
Pakistan,2004,0.224
Pakistan,2005,0.212
Pakistan,2006,0.217
Pakistan,2007,0.218
Pakistan,2008,0.172
Pakistan,2009,0.204
Pakistan,2010,0.218
Pakistan,2011,0.223
Pakistan,2012,0.216
Pakistan,2013,0.247
Pakistan,2014,0.262
Pakistan,2015,0.25
Pakistan,2016,0.252
Pakistan,2017,0.237
Pakistan,2018,0.253
Pakistan,2019,0.232
Pakistan,2020,0.262
Pakistan,2021,0.246
Pakistan,2022,0.219
Pakistan,2023,0.202
Pakistan,2024,0.282
Pakistan,2025,0.261
Peru,1951,0.164
Peru,1952,0.164
Peru,1953,0.167
Peru,1954,0.167
Peru,1955,0.167
Peru,1956,0.213
Peru,1957,0.633
Peru,1958,0.661
Peru,1959,0.661
Peru,1960,0.661
Peru,1961,0.63
Peru,1962,0.614
Peru,1963,0.541
Peru,1964,0.688
Peru,1965,0.688
Peru,1966,0.688
Peru,1967,0.688
Peru,1968,0.536
Peru,1969,0.212
Peru,1970,0.212
Peru,1971,0.212
Peru,1972,0.212
Peru,1973,0.212
Peru,1974,0.212
Peru,1975,0.23
Peru,1976,0.23
Peru,1977,0.23
Peru,1978,0.249
Peru,1979,0.249
Peru,1980,0.428
Peru,1981,0.686
Peru,1982,0.686
Peru,1983,0.701
Peru,1984,0.701
Peru,1985,0.617
Peru,1986,0.567
Peru,1987,0.567
Peru,1988,0.567
Peru,1989,0.567
Peru,1990,0.44
Peru,1991,0.457
Peru,1992,0.298
Peru,1993,0.165
Peru,1994,0.165
Peru,1995,0.165
Peru,1996,0.169
Peru,1997,0.167
Peru,1998,0.166
Peru,1999,0.166
Peru,2000,0.232
Peru,2001,0.742
Peru,2002,0.724
Peru,2003,0.724
Peru,2004,0.724
Peru,2005,0.742
Peru,2006,0.725
Peru,2007,0.715
Peru,2008,0.715
Peru,2009,0.715
Peru,2010,0.713
Peru,2011,0.752
Peru,2012,0.755
Peru,2013,0.731
Peru,2014,0.731
Peru,2015,0.743
Peru,2016,0.741
Peru,2017,0.748
Peru,2018,0.759
Peru,2019,0.753
Peru,2020,0.759
Peru,2021,0.75
Peru,2022,0.647
Peru,2023,0.692
Peru,2024,0.657
Peru,2025,0.592
Senegal,1951,0.417
Senegal,1952,0.417
Senegal,1953,0.417
Senegal,1954,0.417
Senegal,1955,0.417
Senegal,1956,0.417
Senegal,1957,0.417
Senegal,1958,0.417
Senegal,1959,0.428
Senegal,1960,0.579
Senegal,1961,0.578
Senegal,1962,0.62
Senegal,1963,0.626
Senegal,1964,0.626
Senegal,1965,0.626
Senegal,1966,0.626
Senegal,1967,0.626
Senegal,1968,0.626
Senegal,1969,0.626
Senegal,1970,0.636
Senegal,1971,0.636
Senegal,1972,0.636
Senegal,1973,0.636
Senegal,1974,0.646
Senegal,1975,0.646
Senegal,1976,0.652
Senegal,1977,0.652
Senegal,1978,0.652
Senegal,1979,0.652
Senegal,1980,0.66
Senegal,1981,0.669
Senegal,1982,0.669
Senegal,1983,0.669
Senegal,1984,0.669
Senegal,1985,0.669
Senegal,1986,0.669
Senegal,1987,0.669
Senegal,1988,0.669
Senegal,1989,0.669
Senegal,1990,0.669
Senegal,1991,0.669
Senegal,1992,0.669
Senegal,1993,0.669
Senegal,1994,0.669
Senegal,1995,0.669
Senegal,1996,0.669
Senegal,1997,0.669
Senegal,1998,0.669
Senegal,1999,0.669
Senegal,2000,0.666
Senegal,2001,0.681
Senegal,2002,0.681
Senegal,2003,0.681
Senegal,2004,0.681
Senegal,2005,0.681
Senegal,2006,0.681
Senegal,2007,0.681
Senegal,2008,0.681
Senegal,2009,0.681
Senegal,2010,0.688
Senegal,2011,0.688
Senegal,2012,0.706
Senegal,2013,0.777
Senegal,2014,0.777
Senegal,2015,0.77
Senegal,2016,0.764
Senegal,2017,0.739
Senegal,2018,0.725
Senegal,2019,0.716
Senegal,2020,0.735
Senegal,2021,0.738
Senegal,2022,0.735
Senegal,2023,0.721
Senegal,2024,0.688
Senegal,2025,0.691
South Sudan,2011,0.122
South Sudan,2012,0.127
South Sudan,2013,0.078
South Sudan,2014,0.061
South Sudan,2015,0.052
South Sudan,2016,0.048
South Sudan,2017,0.056
South Sudan,2018,0.042
South Sudan,2019,0.052
South Sudan,2020,0.075
South Sudan,2021,0.074
South Sudan,2022,0.089
South Sudan,2023,0.104
South Sudan,2024,0.115
South Sudan,2025,0.076
Sudan,1951,0.612
Sudan,1952,0.612
Sudan,1953,0.63
Sudan,1954,0.63
Sudan,1955,0.63
Sudan,1956,0.612
Sudan,1957,0.577
Sudan,1958,0.569
Sudan,1959,0.475
Sudan,1960,0.475
Sudan,1961,0.475
Sudan,1962,0.475
Sudan,1963,0.475
Sudan,1964,0.544
Sudan,1965,0.581
Sudan,1966,0.581
Sudan,1967,0.581
Sudan,1968,0.587
Sudan,1969,0.44
Sudan,1970,0.362
Sudan,1971,0.354
Sudan,1972,0.346
Sudan,1973,0.35
Sudan,1974,0.35
Sudan,1975,0.35
Sudan,1976,0.35
Sudan,1977,0.35
Sudan,1978,0.35
Sudan,1979,0.35
Sudan,1980,0.35
Sudan,1981,0.337
Sudan,1982,0.325
Sudan,1983,0.326
Sudan,1984,0.336
Sudan,1985,0.466
Sudan,1986,0.477
Sudan,1987,0.477
Sudan,1988,0.477
Sudan,1989,0.162
Sudan,1990,0.046
Sudan,1991,0.046
Sudan,1992,0.046
Sudan,1993,0.046
Sudan,1994,0.046
Sudan,1995,0.046
Sudan,1996,0.046
Sudan,1997,0.046
Sudan,1998,0.046
Sudan,1999,0.046
Sudan,2000,0.049
Sudan,2001,0.049
Sudan,2002,0.049
Sudan,2003,0.049
Sudan,2004,0.049
Sudan,2005,0.12
Sudan,2006,0.12
Sudan,2007,0.125
Sudan,2008,0.125
Sudan,2009,0.123
Sudan,2010,0.124
Sudan,2011,0.083
Sudan,2012,0.083
Sudan,2013,0.082
Sudan,2014,0.079
Sudan,2015,0.079
Sudan,2016,0.081
Sudan,2017,0.141
Sudan,2018,0.123
Sudan,2019,0.229
Sudan,2020,0.222
Sudan,2021,0.218
Sudan,2022,0.208
Sudan,2023,0.147
Sudan,2024,0.09
Sudan,2025,0.174
Vietnam,1951,0.347
Vietnam,1952,0.347
Vietnam,1953,0.336
Vietnam,1954,0.336
Vietnam,1955,0.321
Vietnam,1956,0.327
Vietnam,1957,0.346
Vietnam,1958,0.326
Vietnam,1959,0.326
Vietnam,1960,0.326
Vietnam,1961,0.326
Vietnam,1962,0.326
Vietnam,1963,0.326
Vietnam,1964,0.326
Vietnam,1965,0.326
Vietnam,1966,0.32
Vietnam,1967,0.32
Vietnam,1968,0.32
Vietnam,1969,0.32
Vietnam,1970,0.32
Vietnam,1971,0.32
Vietnam,1972,0.32
Vietnam,1973,0.32
Vietnam,1974,0.32
Vietnam,1975,0.32
Vietnam,1976,0.281
Vietnam,1977,0.281
Vietnam,1978,0.281
Vietnam,1979,0.29
Vietnam,1980,0.268
Vietnam,1981,0.258
Vietnam,1982,0.271
Vietnam,1983,0.271
Vietnam,1984,0.271
Vietnam,1985,0.271
Vietnam,1986,0.233
Vietnam,1987,0.216
Vietnam,1988,0.215
Vietnam,1989,0.215
Vietnam,1990,0.226
Vietnam,1991,0.22
Vietnam,1992,0.21
Vietnam,1993,0.208
Vietnam,1994,0.208
Vietnam,1995,0.208
Vietnam,1996,0.208
Vietnam,1997,0.208
Vietnam,1998,0.209
Vietnam,1999,0.242
Vietnam,2000,0.238
Vietnam,2001,0.238
Vietnam,2002,0.238
Vietnam,2003,0.238
Vietnam,2004,0.233
Vietnam,2005,0.292
Vietnam,2006,0.289
Vietnam,2007,0.288
Vietnam,2008,0.288
Vietnam,2009,0.288
Vietnam,2010,0.291
Vietnam,2011,0.291
Vietnam,2012,0.291
Vietnam,2013,0.336
Vietnam,2014,0.335
Vietnam,2015,0.335
Vietnam,2016,0.35
Vietnam,2017,0.347
Vietnam,2018,0.318
Vietnam,2019,0.318
Vietnam,2020,0.32
Vietnam,2021,0.32
Vietnam,2022,0.308
Vietnam,2023,0.332
Vietnam,2024,0.347
Vietnam,2025,0.319
Republic of Vietnam,1951,0.363
Republic of Vietnam,1952,0.363
Republic of Vietnam,1953,0.363
Republic of Vietnam,1954,0.363
Republic of Vietnam,1955,0.365
Republic of Vietnam,1956,0.338
Republic of Vietnam,1957,0.338
Republic of Vietnam,1958,0.338
Republic of Vietnam,1959,0.338
Republic of Vietnam,1960,0.35
Republic of Vietnam,1961,0.35
Republic of Vietnam,1962,0.35
Republic of Vietnam,1963,0.35
Republic of Vietnam,1964,0.37
Republic of Vietnam,1965,0.371
Republic of Vietnam,1966,0.371
Republic of Vietnam,1967,0.371
Republic of Vietnam,1968,0.419
Republic of Vietnam,1969,0.419
Republic of Vietnam,1970,0.419
Republic of Vietnam,1971,0.419
Republic of Vietnam,1972,0.419
Republic of Vietnam,1973,0.419
Republic of Vietnam,1974,0.419
Republic of Vietnam,1975,0.419
Afghanistan,1951,0.373
Afghanistan,1952,0.373
Afghanistan,1953,0.373
Afghanistan,1954,0.373
Afghanistan,1955,0.373
Afghanistan,1956,0.373
Afghanistan,1957,0.373
Afghanistan,1958,0.373
Afghanistan,1959,0.373
Afghanistan,1960,0.373
Afghanistan,1961,0.373
Afghanistan,1962,0.373
Afghanistan,1963,0.359
Afghanistan,1964,0.392
Afghanistan,1965,0.392
Afghanistan,1966,0.392
Afghanistan,1967,0.392
Afghanistan,1968,0.392
Afghanistan,1969,0.392
Afghanistan,1970,0.392
Afghanistan,1971,0.392
Afghanistan,1972,0.379
Afghanistan,1973,0.368
Afghanistan,1974,0.349
Afghanistan,1975,0.349
Afghanistan,1976,0.349
Afghanistan,1977,0.349
Afghanistan,1978,0.229
Afghanistan,1979,0.217
Afghanistan,1980,0.206
Afghanistan,1981,0.225
Afghanistan,1982,0.226
Afghanistan,1983,0.226
Afghanistan,1984,0.226
Afghanistan,1985,0.226
Afghanistan,1986,0.226
Afghanistan,1987,0.226
Afghanistan,1988,0.225
Afghanistan,1989,0.225
Afghanistan,1990,0.212
Afghanistan,1991,0.179
Afghanistan,1992,0.097
Afghanistan,1993,0.047
Afghanistan,1994,0.047
Afghanistan,1995,0.049
Afghanistan,1996,0.072
Afghanistan,1997,0.102
Afghanistan,1998,0.095
Afghanistan,1999,0.095
Afghanistan,2000,0.095
Afghanistan,2001,0.12
Afghanistan,2002,0.137
Afghanistan,2003,0.127
Afghanistan,2004,0.122
Afghanistan,2005,0.119
Afghanistan,2006,0.116
Afghanistan,2007,0.117
Afghanistan,2008,0.115
Afghanistan,2009,0.116
Afghanistan,2010,0.116
Afghanistan,2011,0.114
Afghanistan,2012,0.112
Afghanistan,2013,0.128
Afghanistan,2014,0.139
Afghanistan,2015,0.16
Afghanistan,2016,0.149
Afghanistan,2017,0.154
Afghanistan,2018,0.158
Afghanistan,2019,0.156
Afghanistan,2020,0.177
Afghanistan,2021,0.143
Afghanistan,2022,0.104
Afghanistan,2023,0.111
Afghanistan,2024,0.089
Afghanistan,2025,0.084
Argentina,1951,0.301
Argentina,1952,0.289
Argentina,1953,0.289
Argentina,1954,0.289
Argentina,1955,0.262
Argentina,1956,0.378
Argentina,1957,0.423
Argentina,1958,0.523
Argentina,1959,0.681
Argentina,1960,0.681
Argentina,1961,0.698
Argentina,1962,0.675
Argentina,1963,0.79
Argentina,1964,0.849
Argentina,1965,0.849
Argentina,1966,0.662
Argentina,1967,0.306
Argentina,1968,0.306
Argentina,1969,0.306
Argentina,1970,0.358
Argentina,1971,0.358
Argentina,1972,0.358
Argentina,1973,0.389
Argentina,1974,0.357
Argentina,1975,0.357
Argentina,1976,0.144
Argentina,1977,0.139
Argentina,1978,0.139
Argentina,1979,0.139
Argentina,1980,0.145
Argentina,1981,0.145
Argentina,1982,0.145
Argentina,1983,0.515
Argentina,1984,0.831
Argentina,1985,0.831
Argentina,1986,0.831
Argentina,1987,0.831
Argentina,1988,0.831
Argentina,1989,0.675
Argentina,1990,0.455
Argentina,1991,0.489
Argentina,1992,0.503
Argentina,1993,0.523
Argentina,1994,0.523
Argentina,1995,0.541
Argentina,1996,0.541
Argentina,1997,0.541
Argentina,1998,0.539
Argentina,1999,0.56
Argentina,2000,0.698
Argentina,2001,0.692
Argentina,2002,0.609
Argentina,2003,0.54
Argentina,2004,0.555
Argentina,2005,0.547
Argentina,2006,0.547
Argentina,2007,0.532
Argentina,2008,0.52
Argentina,2009,0.52
Argentina,2010,0.52
Argentina,2011,0.531
Argentina,2012,0.531
Argentina,2013,0.515
Argentina,2014,0.515
Argentina,2015,0.533
Argentina,2016,0.656
Argentina,2017,0.67
Argentina,2018,0.656
Argentina,2019,0.651
Argentina,2020,0.629
Argentina,2021,0.621
Argentina,2022,0.615
Argentina,2023,0.642
Argentina,2024,0.622
Argentina,2025,0.577
Ethiopia,1951,0.126
Ethiopia,1952,0.126
Ethiopia,1953,0.126
Ethiopia,1954,0.126
Ethiopia,1955,0.122
Ethiopia,1956,0.122
Ethiopia,1957,0.122
Ethiopia,1958,0.122
Ethiopia,1959,0.122
Ethiopia,1960,0.122
Ethiopia,1961,0.124
Ethiopia,1962,0.123
Ethiopia,1963,0.123
Ethiopia,1964,0.123
Ethiopia,1965,0.123
Ethiopia,1966,0.123
Ethiopia,1967,0.123
Ethiopia,1968,0.132
Ethiopia,1969,0.132
Ethiopia,1970,0.128
Ethiopia,1971,0.128
Ethiopia,1972,0.128
Ethiopia,1973,0.129
Ethiopia,1974,0.15
Ethiopia,1975,0.156
Ethiopia,1976,0.164
Ethiopia,1977,0.164
Ethiopia,1978,0.164
Ethiopia,1979,0.164
Ethiopia,1980,0.172
Ethiopia,1981,0.172
Ethiopia,1982,0.172
Ethiopia,1983,0.172
Ethiopia,1984,0.172
Ethiopia,1985,0.172
Ethiopia,1986,0.172
Ethiopia,1987,0.187
Ethiopia,1988,0.187
Ethiopia,1989,0.187
Ethiopia,1990,0.202
Ethiopia,1991,0.313
Ethiopia,1992,0.333
Ethiopia,1993,0.351
Ethiopia,1994,0.351
Ethiopia,1995,0.317
Ethiopia,1996,0.317
Ethiopia,1997,0.317
Ethiopia,1998,0.317
Ethiopia,1999,0.317
Ethiopia,2000,0.317
Ethiopia,2001,0.317
Ethiopia,2002,0.317
Ethiopia,2003,0.317
Ethiopia,2004,0.317
Ethiopia,2005,0.317
Ethiopia,2006,0.318
Ethiopia,2007,0.342
Ethiopia,2008,0.335
Ethiopia,2009,0.325
Ethiopia,2010,0.328
Ethiopia,2011,0.332
Ethiopia,2012,0.335
Ethiopia,2013,0.33
Ethiopia,2014,0.32
Ethiopia,2015,0.318
Ethiopia,2016,0.311
Ethiopia,2017,0.31
Ethiopia,2018,0.342
Ethiopia,2019,0.357
Ethiopia,2020,0.368
Ethiopia,2021,0.35
Ethiopia,2022,0.341
Ethiopia,2023,0.292
Ethiopia,2024,0.319
Ethiopia,2025,0.315
India,1951,0.789
India,1952,0.789
India,1953,0.789
India,1954,0.789
India,1955,0.789
India,1956,0.789
India,1957,0.789
India,1958,0.789
India,1959,0.789
India,1960,0.789
India,1961,0.789
India,1962,0.789
India,1963,0.789
India,1964,0.789
India,1965,0.747
India,1966,0.747
India,1967,0.729
India,1968,0.698
India,1969,0.698
India,1970,0.661
India,1971,0.661
India,1972,0.661
India,1973,0.661
India,1974,0.661
India,1975,0.482
India,1976,0.472
India,1977,0.56
India,1978,0.652
India,1979,0.647
India,1980,0.642
India,1981,0.642
India,1982,0.642
India,1983,0.642
India,1984,0.642
India,1985,0.642
India,1986,0.642
India,1987,0.621
India,1988,0.621
India,1989,0.621
India,1990,0.621
India,1991,0.623
India,1992,0.58
India,1993,0.579
India,1994,0.579
India,1995,0.579
India,1996,0.582
India,1997,0.582
India,1998,0.582
India,1999,0.589
India,2000,0.589
India,2001,0.589
India,2002,0.589
India,2003,0.589
India,2004,0.589
India,2005,0.589
India,2006,0.589
India,2007,0.589
India,2008,0.589
India,2009,0.589
India,2010,0.606
India,2011,0.604
India,2012,0.605
India,2013,0.603
India,2014,0.6
India,2015,0.539
India,2016,0.534
India,2017,0.51
India,2018,0.509
India,2019,0.501
India,2020,0.455
India,2021,0.443
India,2022,0.429
India,2023,0.41
India,2024,0.411
India,2025,0.397
Kenya,1951,0.303
Kenya,1952,0.286
Kenya,1953,0.286
Kenya,1954,0.286
Kenya,1955,0.286
Kenya,1956,0.286
Kenya,1957,0.309
Kenya,1958,0.309
Kenya,1959,0.309
Kenya,1960,0.345
Kenya,1961,0.345
Kenya,1962,0.345
Kenya,1963,0.249
Kenya,1964,0.263
Kenya,1965,0.25
Kenya,1966,0.25
Kenya,1967,0.25
Kenya,1968,0.25
Kenya,1969,0.249
Kenya,1970,0.191
Kenya,1971,0.191
Kenya,1972,0.173
Kenya,1973,0.173
Kenya,1974,0.173
Kenya,1975,0.173
Kenya,1976,0.173
Kenya,1977,0.173
Kenya,1978,0.16
Kenya,1979,0.16
Kenya,1980,0.143
Kenya,1981,0.143
Kenya,1982,0.143
Kenya,1983,0.128
Kenya,1984,0.125
Kenya,1985,0.125
Kenya,1986,0.125
Kenya,1987,0.125
Kenya,1988,0.125
Kenya,1989,0.125
Kenya,1990,0.206
Kenya,1991,0.207
Kenya,1992,0.207
Kenya,1993,0.229
Kenya,1994,0.229
Kenya,1995,0.229
Kenya,1996,0.229
Kenya,1997,0.229
Kenya,1998,0.237
Kenya,1999,0.237
Kenya,2000,0.29
Kenya,2001,0.29
Kenya,2002,0.341
Kenya,2003,0.386
Kenya,2004,0.375
Kenya,2005,0.422
Kenya,2006,0.422
Kenya,2007,0.423
Kenya,2008,0.425
Kenya,2009,0.43
Kenya,2010,0.591
Kenya,2011,0.594
Kenya,2012,0.599
Kenya,2013,0.605
Kenya,2014,0.605
Kenya,2015,0.605
Kenya,2016,0.605
Kenya,2017,0.609
Kenya,2018,0.61
Kenya,2019,0.633
Kenya,2020,0.631
Kenya,2021,0.701
Kenya,2022,0.692
Kenya,2023,0.671
Kenya,2024,0.628
Kenya,2025,0.64
North Korea,1951,0.047
North Korea,1952,0.047
North Korea,1953,0.047
North Korea,1954,0.055
North Korea,1955,0.055
North Korea,1956,0.053
North Korea,1957,0.053
North Korea,1958,0.053
North Korea,1959,0.053
North Korea,1960,0.046
North Korea,1961,0.046
North Korea,1962,0.046
North Korea,1963,0.046
North Korea,1964,0.046
North Korea,1965,0.046
North Korea,1966,0.046
North Korea,1967,0.046
North Korea,1968,0.05
North Korea,1969,0.05
North Korea,1970,0.05
North Korea,1971,0.05
North Korea,1972,0.049
North Korea,1973,0.042
North Korea,1974,0.042
North Korea,1975,0.042
North Korea,1976,0.042
North Korea,1977,0.042
North Korea,1978,0.042
North Korea,1979,0.042
North Korea,1980,0.042
North Korea,1981,0.042
North Korea,1982,0.042
North Korea,1983,0.042
North Korea,1984,0.042
North Korea,1985,0.042
North Korea,1986,0.042
North Korea,1987,0.04
North Korea,1988,0.039
North Korea,1989,0.039
North Korea,1990,0.038
North Korea,1991,0.038
North Korea,1992,0.038
North Korea,1993,0.038
North Korea,1994,0.033
North Korea,1995,0.023
North Korea,1996,0.023
North Korea,1997,0.023
North Korea,1998,0.023
North Korea,1999,0.023
North Korea,2000,0.025
North Korea,2001,0.025
North Korea,2002,0.025
North Korea,2003,0.025
North Korea,2004,0.025
North Korea,2005,0.025
North Korea,2006,0.025
North Korea,2007,0.024
North Korea,2008,0.024
North Korea,2009,0.024
North Korea,2010,0.025
North Korea,2011,0.026
North Korea,2012,0.032
North Korea,2013,0.032
North Korea,2014,0.032
North Korea,2015,0.032
North Korea,2016,0.032
North Korea,2017,0.032
North Korea,2018,0.032
North Korea,2019,0.037
North Korea,2020,0.034
North Korea,2021,0.034
North Korea,2022,0.033
North Korea,2023,0.033
North Korea,2024,0.033
North Korea,2025,0.033
South Korea,1951,0.387
South Korea,1952,0.387
South Korea,1953,0.394
South Korea,1954,0.409
South Korea,1955,0.41
South Korea,1956,0.41
South Korea,1957,0.41
South Korea,1958,0.409
South Korea,1959,0.409
South Korea,1960,0.569
South Korea,1961,0.434
South Korea,1962,0.393
South Korea,1963,0.401
South Korea,1964,0.418
South Korea,1965,0.418
South Korea,1966,0.418
South Korea,1967,0.418
South Korea,1968,0.418
South Korea,1969,0.418
South Korea,1970,0.418
South Korea,1971,0.418
South Korea,1972,0.365
South Korea,1973,0.34
South Korea,1974,0.34
South Korea,1975,0.34
South Korea,1976,0.34
South Korea,1977,0.34
South Korea,1978,0.34
South Korea,1979,0.34
South Korea,1980,0.371
South Korea,1981,0.358
South Korea,1982,0.376
South Korea,1983,0.382
South Korea,1984,0.382
South Korea,1985,0.386
South Korea,1986,0.386
South Korea,1987,0.594
South Korea,1988,0.799
South Korea,1989,0.804
South Korea,1990,0.806
South Korea,1991,0.806
South Korea,1992,0.819
South Korea,1993,0.894
South Korea,1994,0.894
South Korea,1995,0.894
South Korea,1996,0.894
South Korea,1997,0.901
South Korea,1998,0.919
South Korea,1999,0.919
South Korea,2000,0.929
South Korea,2001,0.929
South Korea,2002,0.936
South Korea,2003,0.946
South Korea,2004,0.949
South Korea,2005,0.949
South Korea,2006,0.949
South Korea,2007,0.948
South Korea,2008,0.908
South Korea,2009,0.908
South Korea,2010,0.904
South Korea,2011,0.904
South Korea,2012,0.894
South Korea,2013,0.86
South Korea,2014,0.86
South Korea,2015,0.834
South Korea,2016,0.834
South Korea,2017,0.951
South Korea,2018,0.951
South Korea,2019,0.95
South Korea,2020,0.952
South Korea,2021,0.937
South Korea,2022,0.937
South Korea,2023,0.893
South Korea,2024,0.877
South Korea,2025,0.917
Kosovo,1999,0.44
Kosovo,2000,0.558
Kosovo,2001,0.592
Kosovo,2002,0.631
Kosovo,2003,0.643
Kosovo,2004,0.636
Kosovo,2005,0.586
Kosovo,2006,0.586
Kosovo,2007,0.586
Kosovo,2008,0.561
Kosovo,2009,0.576
Kosovo,2010,0.587
Kosovo,2011,0.591
Kosovo,2012,0.597
Kosovo,2013,0.527
Kosovo,2014,0.552
Kosovo,2015,0.564
Kosovo,2016,0.608
Kosovo,2017,0.661
Kosovo,2018,0.654
Kosovo,2019,0.693
Kosovo,2020,0.7
Kosovo,2021,0.723
Kosovo,2022,0.748
Kosovo,2023,0.716
Kosovo,2024,0.678
Kosovo,2025,0.662
Lebanon,1951,0.27
Lebanon,1952,0.27
Lebanon,1953,0.299
Lebanon,1954,0.299
Lebanon,1955,0.299
Lebanon,1956,0.299
Lebanon,1957,0.299
Lebanon,1958,0.299
Lebanon,1959,0.393
Lebanon,1960,0.393
Lebanon,1961,0.393
Lebanon,1962,0.393
Lebanon,1963,0.393
Lebanon,1964,0.393
Lebanon,1965,0.393
Lebanon,1966,0.393
Lebanon,1967,0.393
Lebanon,1968,0.393
Lebanon,1969,0.393
Lebanon,1970,0.256
Lebanon,1971,0.256
Lebanon,1972,0.246
Lebanon,1973,0.246
Lebanon,1974,0.246
Lebanon,1975,0.225
Lebanon,1976,0.34
Lebanon,1977,0.34
Lebanon,1978,0.34
Lebanon,1979,0.34
Lebanon,1980,0.34
Lebanon,1981,0.34
Lebanon,1982,0.28
Lebanon,1983,0.19
Lebanon,1984,0.19
Lebanon,1985,0.19
Lebanon,1986,0.19
Lebanon,1987,0.19
Lebanon,1988,0.19
Lebanon,1989,0.19
Lebanon,1990,0.212
Lebanon,1991,0.212
Lebanon,1992,0.212
Lebanon,1993,0.228
Lebanon,1994,0.228
Lebanon,1995,0.228
Lebanon,1996,0.228
Lebanon,1997,0.228
Lebanon,1998,0.228
Lebanon,1999,0.228
Lebanon,2000,0.231
Lebanon,2001,0.231
Lebanon,2002,0.231
Lebanon,2003,0.231
Lebanon,2004,0.231
Lebanon,2005,0.263
Lebanon,2006,0.272
Lebanon,2007,0.279
Lebanon,2008,0.279
Lebanon,2009,0.286
Lebanon,2010,0.284
Lebanon,2011,0.284
Lebanon,2012,0.295
Lebanon,2013,0.333
Lebanon,2014,0.333
Lebanon,2015,0.321
Lebanon,2016,0.325
Lebanon,2017,0.327
Lebanon,2018,0.326
Lebanon,2019,0.325
Lebanon,2020,0.306
Lebanon,2021,0.299
Lebanon,2022,0.308
Lebanon,2023,0.308
Lebanon,2024,0.258
Lebanon,2025,0.289
Nigeria,1951,0.156
Nigeria,1952,0.156
Nigeria,1953,0.156
Nigeria,1954,0.156
Nigeria,1955,0.167
Nigeria,1956,0.167
Nigeria,1957,0.167
Nigeria,1958,0.167
Nigeria,1959,0.197
Nigeria,1960,0.227
Nigeria,1961,0.227
Nigeria,1962,0.227
Nigeria,1963,0.227
Nigeria,1964,0.218
Nigeria,1965,0.218
Nigeria,1966,0.21
Nigeria,1967,0.147
Nigeria,1968,0.143
Nigeria,1969,0.143
Nigeria,1970,0.143
Nigeria,1971,0.158
Nigeria,1972,0.168
Nigeria,1973,0.168
Nigeria,1974,0.168
Nigeria,1975,0.167
Nigeria,1976,0.178
Nigeria,1977,0.178
Nigeria,1978,0.183
Nigeria,1979,0.181
Nigeria,1980,0.186
Nigeria,1981,0.186
Nigeria,1982,0.186
Nigeria,1983,0.186
Nigeria,1984,0.178
Nigeria,1985,0.178
Nigeria,1986,0.156
Nigeria,1987,0.156
Nigeria,1988,0.156
Nigeria,1989,0.156
Nigeria,1990,0.156
Nigeria,1991,0.156
Nigeria,1992,0.156
Nigeria,1993,0.156
Nigeria,1994,0.153
Nigeria,1995,0.157
Nigeria,1996,0.157
Nigeria,1997,0.157
Nigeria,1998,0.171
Nigeria,1999,0.229
Nigeria,2000,0.229
Nigeria,2001,0.229
Nigeria,2002,0.229
Nigeria,2003,0.229
Nigeria,2004,0.229
Nigeria,2005,0.229
Nigeria,2006,0.229
Nigeria,2007,0.241
Nigeria,2008,0.248
Nigeria,2009,0.248
Nigeria,2010,0.231
Nigeria,2011,0.231
Nigeria,2012,0.231
Nigeria,2013,0.254
Nigeria,2014,0.259
Nigeria,2015,0.28
Nigeria,2016,0.29
Nigeria,2017,0.299
Nigeria,2018,0.268
Nigeria,2019,0.268
Nigeria,2020,0.255
Nigeria,2021,0.224
Nigeria,2022,0.239
Nigeria,2023,0.25
Nigeria,2024,0.238
Nigeria,2025,0.289
Philippines,1951,0.513
Philippines,1952,0.519
Philippines,1953,0.519
Philippines,1954,0.519
Philippines,1955,0.527
Philippines,1956,0.527
Philippines,1957,0.527
Philippines,1958,0.527
Philippines,1959,0.527
Philippines,1960,0.527
Philippines,1961,0.527
Philippines,1962,0.527
Philippines,1963,0.527
Philippines,1964,0.527
Philippines,1965,0.478
Philippines,1966,0.461
Philippines,1967,0.461
Philippines,1968,0.445
Philippines,1969,0.445
Philippines,1970,0.445
Philippines,1971,0.387
Philippines,1972,0.119
Philippines,1973,0.113
Philippines,1974,0.113
Philippines,1975,0.113
Philippines,1976,0.113
Philippines,1977,0.113
Philippines,1978,0.113
Philippines,1979,0.113
Philippines,1980,0.113
Philippines,1981,0.113
Philippines,1982,0.113
Philippines,1983,0.113
Philippines,1984,0.113
Philippines,1985,0.11
Philippines,1986,0.342
Philippines,1987,0.541
Philippines,1988,0.524
Philippines,1989,0.524
Philippines,1990,0.524
Philippines,1991,0.552
Philippines,1992,0.581
Philippines,1993,0.559
Philippines,1994,0.559
Philippines,1995,0.559
Philippines,1996,0.559
Philippines,1997,0.562
Philippines,1998,0.532
Philippines,1999,0.511
Philippines,2000,0.501
Philippines,2001,0.5
Philippines,2002,0.509
Philippines,2003,0.509
Philippines,2004,0.457
Philippines,2005,0.457
Philippines,2006,0.454
Philippines,2007,0.458
Philippines,2008,0.458
Philippines,2009,0.458
Philippines,2010,0.579
Philippines,2011,0.598
Philippines,2012,0.598
Philippines,2013,0.588
Philippines,2014,0.588
Philippines,2015,0.592
Philippines,2016,0.517
Philippines,2017,0.456
Philippines,2018,0.438
Philippines,2019,0.423
Philippines,2020,0.404
Philippines,2021,0.395
Philippines,2022,0.38
Philippines,2023,0.388
Philippines,2024,0.382
Philippines,2025,0.386
Tanzania,1951,0.351
Tanzania,1952,0.351
Tanzania,1953,0.351
Tanzania,1954,0.351
Tanzania,1955,0.351
Tanzania,1956,0.351
Tanzania,1957,0.351
Tanzania,1958,0.351
Tanzania,1959,0.351
Tanzania,1960,0.363
Tanzania,1961,0.606
Tanzania,1962,0.876
Tanzania,1963,0.876
Tanzania,1964,0.864
Tanzania,1965,0.847
Tanzania,1966,0.847
Tanzania,1967,0.854
Tanzania,1968,0.854
Tanzania,1969,0.854
Tanzania,1970,0.842
Tanzania,1971,0.842
Tanzania,1972,0.842
Tanzania,1973,0.842
Tanzania,1974,0.842
Tanzania,1975,0.842
Tanzania,1976,0.842
Tanzania,1977,0.842
Tanzania,1978,0.842
Tanzania,1979,0.842
Tanzania,1980,0.83
Tanzania,1981,0.83
Tanzania,1982,0.83
Tanzania,1983,0.83
Tanzania,1984,0.83
Tanzania,1985,0.781
Tanzania,1986,0.693
Tanzania,1987,0.706
Tanzania,1988,0.706
Tanzania,1989,0.706
Tanzania,1990,0.662
Tanzania,1991,0.674
Tanzania,1992,0.674
Tanzania,1993,0.667
Tanzania,1994,0.655
Tanzania,1995,0.657
Tanzania,1996,0.646
Tanzania,1997,0.646
Tanzania,1998,0.646
Tanzania,1999,0.646
Tanzania,2000,0.646
Tanzania,2001,0.653
Tanzania,2002,0.653
Tanzania,2003,0.653
Tanzania,2004,0.653
Tanzania,2005,0.658
Tanzania,2006,0.661
Tanzania,2007,0.661
Tanzania,2008,0.661
Tanzania,2009,0.661
Tanzania,2010,0.67
Tanzania,2011,0.67
Tanzania,2012,0.67
Tanzania,2013,0.64
Tanzania,2014,0.643
Tanzania,2015,0.698
Tanzania,2016,0.767
Tanzania,2017,0.781
Tanzania,2018,0.761
Tanzania,2019,0.763
Tanzania,2020,0.8
Tanzania,2021,0.787
Tanzania,2022,0.798
Tanzania,2023,0.786
Tanzania,2024,0.783
Tanzania,2025,0.712
Taiwan,1951,0.244
Taiwan,1952,0.236
Taiwan,1953,0.26
Taiwan,1954,0.268
Taiwan,1955,0.267
Taiwan,1956,0.267
Taiwan,1957,0.267
Taiwan,1958,0.267
Taiwan,1959,0.267
Taiwan,1960,0.29
Taiwan,1961,0.291
Taiwan,1962,0.291
Taiwan,1963,0.291
Taiwan,1964,0.291
Taiwan,1965,0.291
Taiwan,1966,0.291
Taiwan,1967,0.291
Taiwan,1968,0.291
Taiwan,1969,0.291
Taiwan,1970,0.306
Taiwan,1971,0.304
Taiwan,1972,0.301
Taiwan,1973,0.308
Taiwan,1974,0.313
Taiwan,1975,0.344
Taiwan,1976,0.362
Taiwan,1977,0.37
Taiwan,1978,0.347
Taiwan,1979,0.347
Taiwan,1980,0.376
Taiwan,1981,0.376
Taiwan,1982,0.42
Taiwan,1983,0.42
Taiwan,1984,0.428
Taiwan,1985,0.428
Taiwan,1986,0.428
Taiwan,1987,0.43
Taiwan,1988,0.552
Taiwan,1989,0.653
Taiwan,1990,0.687
Taiwan,1991,0.717
Taiwan,1992,0.736
Taiwan,1993,0.736
Taiwan,1994,0.749
Taiwan,1995,0.749
Taiwan,1996,0.749
Taiwan,1997,0.749
Taiwan,1998,0.749
Taiwan,1999,0.749
Taiwan,2000,0.876
Taiwan,2001,0.882
Taiwan,2002,0.882
Taiwan,2003,0.882
Taiwan,2004,0.882
Taiwan,2005,0.878
Taiwan,2006,0.878
Taiwan,2007,0.877
Taiwan,2008,0.874
Taiwan,2009,0.843
Taiwan,2010,0.841
Taiwan,2011,0.84
Taiwan,2012,0.841
Taiwan,2013,0.85
Taiwan,2014,0.85
Taiwan,2015,0.856
Taiwan,2016,0.913
Taiwan,2017,0.923
Taiwan,2018,0.923
Taiwan,2019,0.923
Taiwan,2020,0.928
Taiwan,2021,0.924
Taiwan,2022,0.927
Taiwan,2023,0.934
Taiwan,2024,0.929
Taiwan,2025,0.917
Thailand,1951,0.247
Thailand,1952,0.247
Thailand,1953,0.247
Thailand,1954,0.247
Thailand,1955,0.247
Thailand,1956,0.247
Thailand,1957,0.247
Thailand,1958,0.247
Thailand,1959,0.247
Thailand,1960,0.247
Thailand,1961,0.247
Thailand,1962,0.247
Thailand,1963,0.247
Thailand,1964,0.247
Thailand,1965,0.247
Thailand,1966,0.247
Thailand,1967,0.247
Thailand,1968,0.247
Thailand,1969,0.248
Thailand,1970,0.27
Thailand,1971,0.27
Thailand,1972,0.265
Thailand,1973,0.281
Thailand,1974,0.281
Thailand,1975,0.281
Thailand,1976,0.281
Thailand,1977,0.268
Thailand,1978,0.268
Thailand,1979,0.278
Thailand,1980,0.381
Thailand,1981,0.383
Thailand,1982,0.382
Thailand,1983,0.4
Thailand,1984,0.4
Thailand,1985,0.409
Thailand,1986,0.409
Thailand,1987,0.408
Thailand,1988,0.431
Thailand,1989,0.431
Thailand,1990,0.431
Thailand,1991,0.423
Thailand,1992,0.429
Thailand,1993,0.436
Thailand,1994,0.44
Thailand,1995,0.44
Thailand,1996,0.44
Thailand,1997,0.482
Thailand,1998,0.492
Thailand,1999,0.492
Thailand,2000,0.522
Thailand,2001,0.522
Thailand,2002,0.522
Thailand,2003,0.522
Thailand,2004,0.522
Thailand,2005,0.499
Thailand,2006,0.462
Thailand,2007,0.479
Thailand,2008,0.536
Thailand,2009,0.515
Thailand,2010,0.496
Thailand,2011,0.521
Thailand,2012,0.535
Thailand,2013,0.534
Thailand,2014,0.325
Thailand,2015,0.305
Thailand,2016,0.312
Thailand,2017,0.311
Thailand,2018,0.337
Thailand,2019,0.355
Thailand,2020,0.365
Thailand,2021,0.38
Thailand,2022,0.38
Thailand,2023,0.418
Thailand,2024,0.435
Thailand,2025,0.416
Uganda,1951,0.517
Uganda,1952,0.549
Uganda,1953,0.542
Uganda,1954,0.537
Uganda,1955,0.537
Uganda,1956,0.537
Uganda,1957,0.537
Uganda,1958,0.522
Uganda,1959,0.522
Uganda,1960,0.522
Uganda,1961,0.531
Uganda,1962,0.457
Uganda,1963,0.446
Uganda,1964,0.446
Uganda,1965,0.446
Uganda,1966,0.304
Uganda,1967,0.193
Uganda,1968,0.196
Uganda,1969,0.196
Uganda,1970,0.192
Uganda,1971,0.057
Uganda,1972,0.037
Uganda,1973,0.028
Uganda,1974,0.028
Uganda,1975,0.028
Uganda,1976,0.028
Uganda,1977,0.028
Uganda,1978,0.028
Uganda,1979,0.028
Uganda,1980,0.124
Uganda,1981,0.128
Uganda,1982,0.128
Uganda,1983,0.11
Uganda,1984,0.11
Uganda,1985,0.126
Uganda,1986,0.312
Uganda,1987,0.444
Uganda,1988,0.465
Uganda,1989,0.457
Uganda,1990,0.492
Uganda,1991,0.492
Uganda,1992,0.492
Uganda,1993,0.486
Uganda,1994,0.474
Uganda,1995,0.492
Uganda,1996,0.453
Uganda,1997,0.422
Uganda,1998,0.422
Uganda,1999,0.418
Uganda,2000,0.383
Uganda,2001,0.373
Uganda,2002,0.373
Uganda,2003,0.377
Uganda,2004,0.362
Uganda,2005,0.385
Uganda,2006,0.387
Uganda,2007,0.386
Uganda,2008,0.38
Uganda,2009,0.369
Uganda,2010,0.358
Uganda,2011,0.36
Uganda,2012,0.352
Uganda,2013,0.344
Uganda,2014,0.346
Uganda,2015,0.331
Uganda,2016,0.303
Uganda,2017,0.309
Uganda,2018,0.297
Uganda,2019,0.286
Uganda,2020,0.278
Uganda,2021,0.257
Uganda,2022,0.278
Uganda,2023,0.285
Uganda,2024,0.266
Uganda,2025,0.214
Venezuela,1951,0.325
Venezuela,1952,0.316
Venezuela,1953,0.267
Venezuela,1954,0.267
Venezuela,1955,0.267
Venezuela,1956,0.267
Venezuela,1957,0.267
Venezuela,1958,0.588
Venezuela,1959,0.696
Venezuela,1960,0.695
Venezuela,1961,0.695
Venezuela,1962,0.695
Venezuela,1963,0.695
Venezuela,1964,0.693
Venezuela,1965,0.693
Venezuela,1966,0.693
Venezuela,1967,0.693
Venezuela,1968,0.693
Venezuela,1969,0.693
Venezuela,1970,0.672
Venezuela,1971,0.672
Venezuela,1972,0.662
Venezuela,1973,0.597
Venezuela,1974,0.581
Venezuela,1975,0.563
Venezuela,1976,0.566
Venezuela,1977,0.568
Venezuela,1978,0.568
Venezuela,1979,0.568
Venezuela,1980,0.563
Venezuela,1981,0.563
Venezuela,1982,0.563
Venezuela,1983,0.563
Venezuela,1984,0.55
Venezuela,1985,0.55
Venezuela,1986,0.55
Venezuela,1987,0.55
Venezuela,1988,0.551
Venezuela,1989,0.538
Venezuela,1990,0.536
Venezuela,1991,0.569
Venezuela,1992,0.567
Venezuela,1993,0.576
Venezuela,1994,0.543
Venezuela,1995,0.553
Venezuela,1996,0.553
Venezuela,1997,0.548
Venezuela,1998,0.514
Venezuela,1999,0.431
Venezuela,2000,0.211
Venezuela,2001,0.204
Venezuela,2002,0.191
Venezuela,2003,0.187
Venezuela,2004,0.145
Venezuela,2005,0.081
Venezuela,2006,0.075
Venezuela,2007,0.065
Venezuela,2008,0.069
Venezuela,2009,0.063
Venezuela,2010,0.057
Venezuela,2011,0.056
Venezuela,2012,0.055
Venezuela,2013,0.033
Venezuela,2014,0.031
Venezuela,2015,0.029
Venezuela,2016,0.024
Venezuela,2017,0.015
Venezuela,2018,0.012
Venezuela,2019,0.011
Venezuela,2020,0.01
Venezuela,2021,0.012
Venezuela,2022,0.013
Venezuela,2023,0.012
Venezuela,2024,0.009
Venezuela,2025,0.009
Benin,1951,0.381
Benin,1952,0.39
Benin,1953,0.39
Benin,1954,0.39
Benin,1955,0.39
Benin,1956,0.39
Benin,1957,0.39
Benin,1958,0.39
Benin,1959,0.39
Benin,1960,0.431
Benin,1961,0.44
Benin,1962,0.44
Benin,1963,0.44
Benin,1964,0.437
Benin,1965,0.437
Benin,1966,0.437
Benin,1967,0.437
Benin,1968,0.437
Benin,1969,0.437
Benin,1970,0.437
Benin,1971,0.441
Benin,1972,0.374
Benin,1973,0.326
Benin,1974,0.326
Benin,1975,0.326
Benin,1976,0.326
Benin,1977,0.326
Benin,1978,0.326
Benin,1979,0.326
Benin,1980,0.403
Benin,1981,0.403
Benin,1982,0.403
Benin,1983,0.403
Benin,1984,0.403
Benin,1985,0.403
Benin,1986,0.403
Benin,1987,0.391
Benin,1988,0.391
Benin,1989,0.391
Benin,1990,0.514
Benin,1991,0.539
Benin,1992,0.579
Benin,1993,0.579
Benin,1994,0.579
Benin,1995,0.579
Benin,1996,0.565
Benin,1997,0.535
Benin,1998,0.535
Benin,1999,0.535
Benin,2000,0.527
Benin,2001,0.527
Benin,2002,0.527
Benin,2003,0.527
Benin,2004,0.527
Benin,2005,0.561
Benin,2006,0.564
Benin,2007,0.564
Benin,2008,0.563
Benin,2009,0.563
Benin,2010,0.563
Benin,2011,0.563
Benin,2012,0.563
Benin,2013,0.634
Benin,2014,0.634
Benin,2015,0.582
Benin,2016,0.709
Benin,2017,0.779
Benin,2018,0.743
Benin,2019,0.668
Benin,2020,0.778
Benin,2021,0.767
Benin,2022,0.767
Benin,2023,0.747
Benin,2024,0.778
Benin,2025,0.77
Bhutan,1951,0.634
Bhutan,1952,0.67
Bhutan,1953,0.699
Bhutan,1954,0.699
Bhutan,1955,0.707
Bhutan,1956,0.717
Bhutan,1957,0.732
Bhutan,1958,0.752
Bhutan,1959,0.74
Bhutan,1960,0.75
Bhutan,1961,0.748
Bhutan,1962,0.748
Bhutan,1963,0.748
Bhutan,1964,0.748
Bhutan,1965,0.748
Bhutan,1966,0.748
Bhutan,1967,0.748
Bhutan,1968,0.759
Bhutan,1969,0.759
Bhutan,1970,0.763
Bhutan,1971,0.763
Bhutan,1972,0.762
Bhutan,1973,0.762
Bhutan,1974,0.762
Bhutan,1975,0.762
Bhutan,1976,0.762
Bhutan,1977,0.762
Bhutan,1978,0.762
Bhutan,1979,0.767
Bhutan,1980,0.771
Bhutan,1981,0.771
Bhutan,1982,0.771
Bhutan,1983,0.771
Bhutan,1984,0.771
Bhutan,1985,0.765
Bhutan,1986,0.765
Bhutan,1987,0.765
Bhutan,1988,0.765
Bhutan,1989,0.765
Bhutan,1990,0.765
Bhutan,1991,0.765
Bhutan,1992,0.774
Bhutan,1993,0.788
Bhutan,1994,0.788
Bhutan,1995,0.788
Bhutan,1996,0.788
Bhutan,1997,0.788
Bhutan,1998,0.778
Bhutan,1999,0.774
Bhutan,2000,0.788
Bhutan,2001,0.788
Bhutan,2002,0.816
Bhutan,2003,0.821
Bhutan,2004,0.822
Bhutan,2005,0.822
Bhutan,2006,0.842
Bhutan,2007,0.842
Bhutan,2008,0.928
Bhutan,2009,0.932
Bhutan,2010,0.932
Bhutan,2011,0.93
Bhutan,2012,0.933
Bhutan,2013,0.916
Bhutan,2014,0.916
Bhutan,2015,0.916
Bhutan,2016,0.912
Bhutan,2017,0.919
Bhutan,2018,0.911
Bhutan,2019,0.926
Bhutan,2020,0.924
Bhutan,2021,0.921
Bhutan,2022,0.911
Bhutan,2023,0.91
Bhutan,2024,0.871
Bhutan,2025,0.871
Burkina Faso,1951,0.634
Burkina Faso,1952,0.634
Burkina Faso,1953,0.634
Burkina Faso,1954,0.634
Burkina Faso,1955,0.634
Burkina Faso,1956,0.634
Burkina Faso,1957,0.634
Burkina Faso,1958,0.647
Burkina Faso,1959,0.662
Burkina Faso,1960,0.502
Burkina Faso,1961,0.505
Burkina Faso,1962,0.509
Burkina Faso,1963,0.509
Burkina Faso,1964,0.509
Burkina Faso,1965,0.509
Burkina Faso,1966,0.5
Burkina Faso,1967,0.454
Burkina Faso,1968,0.457
Burkina Faso,1969,0.457
Burkina Faso,1970,0.512
Burkina Faso,1971,0.512
Burkina Faso,1972,0.512
Burkina Faso,1973,0.512
Burkina Faso,1974,0.48
Burkina Faso,1975,0.44
Burkina Faso,1976,0.44
Burkina Faso,1977,0.44
Burkina Faso,1978,0.468
Burkina Faso,1979,0.456
Burkina Faso,1980,0.46
Burkina Faso,1981,0.45
Burkina Faso,1982,0.45
Burkina Faso,1983,0.623
Burkina Faso,1984,0.646
Burkina Faso,1985,0.647
Burkina Faso,1986,0.649
Burkina Faso,1987,0.649
Burkina Faso,1988,0.345
Burkina Faso,1989,0.338
Burkina Faso,1990,0.351
Burkina Faso,1991,0.365
Burkina Faso,1992,0.454
Burkina Faso,1993,0.472
Burkina Faso,1994,0.472
Burkina Faso,1995,0.472
Burkina Faso,1996,0.472
Burkina Faso,1997,0.472
Burkina Faso,1998,0.472
Burkina Faso,1999,0.554
Burkina Faso,2000,0.573
Burkina Faso,2001,0.573
Burkina Faso,2002,0.573
Burkina Faso,2003,0.555
Burkina Faso,2004,0.555
Burkina Faso,2005,0.555
Burkina Faso,2006,0.559
Burkina Faso,2007,0.559
Burkina Faso,2008,0.559
Burkina Faso,2009,0.559
Burkina Faso,2010,0.565
Burkina Faso,2011,0.561
Burkina Faso,2012,0.557
Burkina Faso,2013,0.619
Burkina Faso,2014,0.686
Burkina Faso,2015,0.715
Burkina Faso,2016,0.714
Burkina Faso,2017,0.72
Burkina Faso,2018,0.726
Burkina Faso,2019,0.706
Burkina Faso,2020,0.711
Burkina Faso,2021,0.69
Burkina Faso,2022,0.715
Burkina Faso,2023,0.714
Burkina Faso,2024,0.536
Burkina Faso,2025,0.482
Cambodia,1951,0.313
Cambodia,1952,0.313
Cambodia,1953,0.314
Cambodia,1954,0.513
Cambodia,1955,0.513
Cambodia,1956,0.513
Cambodia,1957,0.516
Cambodia,1958,0.516
Cambodia,1959,0.516
Cambodia,1960,0.503
Cambodia,1961,0.503
Cambodia,1962,0.503
Cambodia,1963,0.503
Cambodia,1964,0.494
Cambodia,1965,0.494
Cambodia,1966,0.494
Cambodia,1967,0.494
Cambodia,1968,0.494
Cambodia,1969,0.494
Cambodia,1970,0.374
Cambodia,1971,0.353
Cambodia,1972,0.353
Cambodia,1973,0.353
Cambodia,1974,0.353
Cambodia,1975,0.143
Cambodia,1976,0.143
Cambodia,1977,0.143
Cambodia,1978,0.143
Cambodia,1979,0.192
Cambodia,1980,0.144
Cambodia,1981,0.144
Cambodia,1982,0.144
Cambodia,1983,0.148
Cambodia,1984,0.148
Cambodia,1985,0.148
Cambodia,1986,0.148
Cambodia,1987,0.148
Cambodia,1988,0.148
Cambodia,1989,0.143
Cambodia,1990,0.127
Cambodia,1991,0.138
Cambodia,1992,0.161
Cambodia,1993,0.103
Cambodia,1994,0.107
Cambodia,1995,0.107
Cambodia,1996,0.107
Cambodia,1997,0.107
Cambodia,1998,0.1
Cambodia,1999,0.099
Cambodia,2000,0.099
Cambodia,2001,0.099
Cambodia,2002,0.099
Cambodia,2003,0.099
Cambodia,2004,0.099
Cambodia,2005,0.099
Cambodia,2006,0.099
Cambodia,2007,0.099
Cambodia,2008,0.099
Cambodia,2009,0.099
Cambodia,2010,0.099
Cambodia,2011,0.099
Cambodia,2012,0.096
Cambodia,2013,0.094
Cambodia,2014,0.114
Cambodia,2015,0.114
Cambodia,2016,0.103
Cambodia,2017,0.085
Cambodia,2018,0.079
Cambodia,2019,0.079
Cambodia,2020,0.087
Cambodia,2021,0.075
Cambodia,2022,0.075
Cambodia,2023,0.069
Cambodia,2024,0.065
Cambodia,2025,0.068
Indonesia,1951,0.332
Indonesia,1952,0.332
Indonesia,1953,0.332
Indonesia,1954,0.332
Indonesia,1955,0.329
Indonesia,1956,0.331
Indonesia,1957,0.313
Indonesia,1958,0.287
Indonesia,1959,0.255
Indonesia,1960,0.244
Indonesia,1961,0.244
Indonesia,1962,0.244
Indonesia,1963,0.231
Indonesia,1964,0.231
Indonesia,1965,0.194
Indonesia,1966,0.127
Indonesia,1967,0.095
Indonesia,1968,0.085
Indonesia,1969,0.085
Indonesia,1970,0.079
Indonesia,1971,0.073
Indonesia,1972,0.073
Indonesia,1973,0.073
Indonesia,1974,0.073
Indonesia,1975,0.073
Indonesia,1976,0.073
Indonesia,1977,0.07
Indonesia,1978,0.066
Indonesia,1979,0.063
Indonesia,1980,0.061
Indonesia,1981,0.061
Indonesia,1982,0.051
Indonesia,1983,0.051
Indonesia,1984,0.051
Indonesia,1985,0.051
Indonesia,1986,0.051
Indonesia,1987,0.051
Indonesia,1988,0.051
Indonesia,1989,0.051
Indonesia,1990,0.051
Indonesia,1991,0.051
Indonesia,1992,0.05
Indonesia,1993,0.05
Indonesia,1994,0.05
Indonesia,1995,0.05
Indonesia,1996,0.05
Indonesia,1997,0.05
Indonesia,1998,0.123
Indonesia,1999,0.514
Indonesia,2000,0.528
Indonesia,2001,0.528
Indonesia,2002,0.525
Indonesia,2003,0.534
Indonesia,2004,0.538
Indonesia,2005,0.546
Indonesia,2006,0.545
Indonesia,2007,0.55
Indonesia,2008,0.547
Indonesia,2009,0.552
Indonesia,2010,0.576
Indonesia,2011,0.566
Indonesia,2012,0.568
Indonesia,2013,0.542
Indonesia,2014,0.531
Indonesia,2015,0.595
Indonesia,2016,0.582
Indonesia,2017,0.573
Indonesia,2018,0.561
Indonesia,2019,0.531
Indonesia,2020,0.465
Indonesia,2021,0.464
Indonesia,2022,0.447
Indonesia,2023,0.385
Indonesia,2024,0.398
Indonesia,2025,0.338
Mozambique,1951,0.398
Mozambique,1952,0.398
Mozambique,1953,0.398
Mozambique,1954,0.398
Mozambique,1955,0.398
Mozambique,1956,0.398
Mozambique,1957,0.398
Mozambique,1958,0.398
Mozambique,1959,0.398
Mozambique,1960,0.407
Mozambique,1961,0.401
Mozambique,1962,0.401
Mozambique,1963,0.401
Mozambique,1964,0.401
Mozambique,1965,0.401
Mozambique,1966,0.401
Mozambique,1967,0.401
Mozambique,1968,0.401
Mozambique,1969,0.401
Mozambique,1970,0.401
Mozambique,1971,0.407
Mozambique,1972,0.401
Mozambique,1973,0.401
Mozambique,1974,0.325
Mozambique,1975,0.518
Mozambique,1976,0.525
Mozambique,1977,0.525
Mozambique,1978,0.525
Mozambique,1979,0.525
Mozambique,1980,0.516
Mozambique,1981,0.516
Mozambique,1982,0.516
Mozambique,1983,0.516
Mozambique,1984,0.516
Mozambique,1985,0.516
Mozambique,1986,0.516
Mozambique,1987,0.484
Mozambique,1988,0.484
Mozambique,1989,0.484
Mozambique,1990,0.489
Mozambique,1991,0.527
Mozambique,1992,0.529
Mozambique,1993,0.528
Mozambique,1994,0.485
Mozambique,1995,0.476
Mozambique,1996,0.476
Mozambique,1997,0.458
Mozambique,1998,0.458
Mozambique,1999,0.458
Mozambique,2000,0.488
Mozambique,2001,0.488
Mozambique,2002,0.487
Mozambique,2003,0.485
Mozambique,2004,0.483
Mozambique,2005,0.471
Mozambique,2006,0.471
Mozambique,2007,0.471
Mozambique,2008,0.476
Mozambique,2009,0.458
Mozambique,2010,0.471
Mozambique,2011,0.471
Mozambique,2012,0.471
Mozambique,2013,0.472
Mozambique,2014,0.472
Mozambique,2015,0.465
Mozambique,2016,0.458
Mozambique,2017,0.45
Mozambique,2018,0.428
Mozambique,2019,0.401
Mozambique,2020,0.422
Mozambique,2021,0.402
Mozambique,2022,0.385
Mozambique,2023,0.332
Mozambique,2024,0.295
Mozambique,2025,0.29
Nepal,1951,0.202
Nepal,1952,0.214
Nepal,1953,0.226
Nepal,1954,0.226
Nepal,1955,0.226
Nepal,1956,0.228
Nepal,1957,0.225
Nepal,1958,0.225
Nepal,1959,0.225
Nepal,1960,0.211
Nepal,1961,0.193
Nepal,1962,0.172
Nepal,1963,0.184
Nepal,1964,0.202
Nepal,1965,0.202
Nepal,1966,0.202
Nepal,1967,0.202
Nepal,1968,0.202
Nepal,1969,0.202
Nepal,1970,0.207
Nepal,1971,0.212
Nepal,1972,0.205
Nepal,1973,0.205
Nepal,1974,0.205
Nepal,1975,0.205
Nepal,1976,0.205
Nepal,1977,0.205
Nepal,1978,0.205
Nepal,1979,0.205
Nepal,1980,0.225
Nepal,1981,0.226
Nepal,1982,0.226
Nepal,1983,0.226
Nepal,1984,0.226
Nepal,1985,0.226
Nepal,1986,0.226
Nepal,1987,0.226
Nepal,1988,0.226
Nepal,1989,0.226
Nepal,1990,0.382
Nepal,1991,0.486
Nepal,1992,0.495
Nepal,1993,0.509
Nepal,1994,0.509
Nepal,1995,0.501
Nepal,1996,0.506
Nepal,1997,0.51
Nepal,1998,0.51
Nepal,1999,0.534
Nepal,2000,0.49
Nepal,2001,0.458
Nepal,2002,0.434
Nepal,2003,0.434
Nepal,2004,0.438
Nepal,2005,0.467
Nepal,2006,0.501
Nepal,2007,0.576
Nepal,2008,0.592
Nepal,2009,0.581
Nepal,2010,0.581
Nepal,2011,0.608
Nepal,2012,0.591
Nepal,2013,0.576
Nepal,2014,0.586
Nepal,2015,0.612
Nepal,2016,0.613
Nepal,2017,0.609
Nepal,2018,0.632
Nepal,2019,0.572
Nepal,2020,0.566
Nepal,2021,0.601
Nepal,2022,0.618
Nepal,2023,0.628
Nepal,2024,0.613
Nepal,2025,0.662
Nicaragua,1951,0.019
Nicaragua,1952,0.019
Nicaragua,1953,0.019
Nicaragua,1954,0.019
Nicaragua,1955,0.018
Nicaragua,1956,0.018
Nicaragua,1957,0.018
Nicaragua,1958,0.018
Nicaragua,1959,0.018
Nicaragua,1960,0.018
Nicaragua,1961,0.018
Nicaragua,1962,0.018
Nicaragua,1963,0.018
Nicaragua,1964,0.018
Nicaragua,1965,0.018
Nicaragua,1966,0.018
Nicaragua,1967,0.018
Nicaragua,1968,0.018
Nicaragua,1969,0.018
Nicaragua,1970,0.018
Nicaragua,1971,0.018
Nicaragua,1972,0.018
Nicaragua,1973,0.018
Nicaragua,1974,0.018
Nicaragua,1975,0.018
Nicaragua,1976,0.018
Nicaragua,1977,0.018
Nicaragua,1978,0.018
Nicaragua,1979,0.063
Nicaragua,1980,0.35
Nicaragua,1981,0.35
Nicaragua,1982,0.319
Nicaragua,1983,0.319
Nicaragua,1984,0.413
Nicaragua,1985,0.358
Nicaragua,1986,0.358
Nicaragua,1987,0.315
Nicaragua,1988,0.31
Nicaragua,1989,0.31
Nicaragua,1990,0.48
Nicaragua,1991,0.531
Nicaragua,1992,0.538
Nicaragua,1993,0.555
Nicaragua,1994,0.555
Nicaragua,1995,0.56
Nicaragua,1996,0.4
Nicaragua,1997,0.272
Nicaragua,1998,0.272
Nicaragua,1999,0.25
Nicaragua,2000,0.251
Nicaragua,2001,0.299
Nicaragua,2002,0.313
Nicaragua,2003,0.313
Nicaragua,2004,0.314
Nicaragua,2005,0.314
Nicaragua,2006,0.227
Nicaragua,2007,0.141
Nicaragua,2008,0.121
Nicaragua,2009,0.121
Nicaragua,2010,0.117
Nicaragua,2011,0.117
Nicaragua,2012,0.111
Nicaragua,2013,0.092
Nicaragua,2014,0.091
Nicaragua,2015,0.091
Nicaragua,2016,0.096
Nicaragua,2017,0.083
Nicaragua,2018,0.037
Nicaragua,2019,0.032
Nicaragua,2020,0.019
Nicaragua,2021,0.015
Nicaragua,2022,0.01
Nicaragua,2023,0.013
Nicaragua,2024,0.007
Nicaragua,2025,0.008
Niger,1951,0.392
Niger,1952,0.392
Niger,1953,0.392
Niger,1954,0.392
Niger,1955,0.392
Niger,1956,0.392
Niger,1957,0.392
Niger,1958,0.403
Niger,1959,0.418
Niger,1960,0.459
Niger,1961,0.459
Niger,1962,0.459
Niger,1963,0.459
Niger,1964,0.459
Niger,1965,0.459
Niger,1966,0.459
Niger,1967,0.459
Niger,1968,0.459
Niger,1969,0.459
Niger,1970,0.46
Niger,1971,0.46
Niger,1972,0.46
Niger,1973,0.46
Niger,1974,0.708
Niger,1975,0.667
Niger,1976,0.667
Niger,1977,0.667
Niger,1978,0.667
Niger,1979,0.667
Niger,1980,0.652
Niger,1981,0.652
Niger,1982,0.652
Niger,1983,0.652
Niger,1984,0.652
Niger,1985,0.652
Niger,1986,0.652
Niger,1987,0.498
Niger,1988,0.472
Niger,1989,0.486
Niger,1990,0.54
Niger,1991,0.638
Niger,1992,0.63
Niger,1993,0.637
Niger,1994,0.637
Niger,1995,0.637
Niger,1996,0.576
Niger,1997,0.534
Niger,1998,0.534
Niger,1999,0.571
Niger,2000,0.574
Niger,2001,0.574
Niger,2002,0.574
Niger,2003,0.574
Niger,2004,0.574
Niger,2005,0.574
Niger,2006,0.574
Niger,2007,0.576
Niger,2008,0.576
Niger,2009,0.545
Niger,2010,0.655
Niger,2011,0.649
Niger,2012,0.658
Niger,2013,0.652
Niger,2014,0.655
Niger,2015,0.646
Niger,2016,0.646
Niger,2017,0.608
Niger,2018,0.606
Niger,2019,0.576
Niger,2020,0.555
Niger,2021,0.61
Niger,2022,0.581
Niger,2023,0.619
Niger,2024,0.625
Niger,2025,0.578
Zambia,1951,0.732
Zambia,1952,0.755
Zambia,1953,0.759
Zambia,1954,0.759
Zambia,1955,0.759
Zambia,1956,0.759
Zambia,1957,0.759
Zambia,1958,0.759
Zambia,1959,0.759
Zambia,1960,0.759
Zambia,1961,0.759
Zambia,1962,0.759
Zambia,1963,0.774
Zambia,1964,0.669
Zambia,1965,0.696
Zambia,1966,0.696
Zambia,1967,0.699
Zambia,1968,0.699
Zambia,1969,0.699
Zambia,1970,0.699
Zambia,1971,0.699
Zambia,1972,0.699
Zambia,1973,0.691
Zambia,1974,0.683
Zambia,1975,0.683
Zambia,1976,0.683
Zambia,1977,0.683
Zambia,1978,0.683
Zambia,1979,0.683
Zambia,1980,0.683
Zambia,1981,0.683
Zambia,1982,0.683
Zambia,1983,0.683
Zambia,1984,0.683
Zambia,1985,0.683
Zambia,1986,0.683
Zambia,1987,0.683
Zambia,1988,0.683
Zambia,1989,0.683
Zambia,1990,0.682
Zambia,1991,0.647
Zambia,1992,0.607
Zambia,1993,0.607
Zambia,1994,0.607
Zambia,1995,0.607
Zambia,1996,0.607
Zambia,1997,0.607
Zambia,1998,0.61
Zambia,1999,0.61
Zambia,2000,0.61
Zambia,2001,0.645
Zambia,2002,0.768
Zambia,2003,0.768
Zambia,2004,0.768
Zambia,2005,0.824
Zambia,2006,0.824
Zambia,2007,0.827
Zambia,2008,0.714
Zambia,2009,0.692
Zambia,2010,0.699
Zambia,2011,0.722
Zambia,2012,0.815
Zambia,2013,0.723
Zambia,2014,0.723
Zambia,2015,0.691
Zambia,2016,0.646
Zambia,2017,0.585
Zambia,2018,0.541
Zambia,2019,0.493
Zambia,2020,0.457
Zambia,2021,0.549
Zambia,2022,0.762
Zambia,2023,0.791
Zambia,2024,0.682
Zambia,2025,0.654
Zimbabwe,1951,0.669
Zimbabwe,1952,0.669
Zimbabwe,1953,0.675
Zimbabwe,1954,0.697
Zimbabwe,1955,0.697
Zimbabwe,1956,0.697
Zimbabwe,1957,0.697
Zimbabwe,1958,0.697
Zimbabwe,1959,0.689
Zimbabwe,1960,0.67
Zimbabwe,1961,0.67
Zimbabwe,1962,0.67
Zimbabwe,1963,0.67
Zimbabwe,1964,0.531
Zimbabwe,1965,0.517
Zimbabwe,1966,0.517
Zimbabwe,1967,0.517
Zimbabwe,1968,0.517
Zimbabwe,1969,0.51
Zimbabwe,1970,0.51
Zimbabwe,1971,0.51
Zimbabwe,1972,0.51
Zimbabwe,1973,0.51
Zimbabwe,1974,0.51
Zimbabwe,1975,0.51
Zimbabwe,1976,0.51
Zimbabwe,1977,0.51
Zimbabwe,1978,0.51
Zimbabwe,1979,0.51
Zimbabwe,1980,0.646
Zimbabwe,1981,0.652
Zimbabwe,1982,0.652
Zimbabwe,1983,0.652
Zimbabwe,1984,0.652
Zimbabwe,1985,0.652
Zimbabwe,1986,0.652
Zimbabwe,1987,0.647
Zimbabwe,1988,0.656
Zimbabwe,1989,0.665
Zimbabwe,1990,0.629
Zimbabwe,1991,0.629
Zimbabwe,1992,0.629
Zimbabwe,1993,0.629
Zimbabwe,1994,0.629
Zimbabwe,1995,0.629
Zimbabwe,1996,0.629
Zimbabwe,1997,0.629
Zimbabwe,1998,0.585
Zimbabwe,1999,0.585
Zimbabwe,2000,0.274
Zimbabwe,2001,0.225
Zimbabwe,2002,0.225
Zimbabwe,2003,0.188
Zimbabwe,2004,0.188
Zimbabwe,2005,0.188
Zimbabwe,2006,0.188
Zimbabwe,2007,0.188
Zimbabwe,2008,0.188
Zimbabwe,2009,0.247
Zimbabwe,2010,0.325
Zimbabwe,2011,0.325
Zimbabwe,2012,0.329
Zimbabwe,2013,0.348
Zimbabwe,2014,0.315
Zimbabwe,2015,0.311
Zimbabwe,2016,0.292
Zimbabwe,2017,0.281
Zimbabwe,2018,0.263
Zimbabwe,2019,0.241
Zimbabwe,2020,0.238
Zimbabwe,2021,0.223
Zimbabwe,2022,0.218
Zimbabwe,2023,0.177
Zimbabwe,2024,0.195
Zimbabwe,2025,0.177
Guinea,1951,0.208
Guinea,1952,0.208
Guinea,1953,0.208
Guinea,1954,0.208
Guinea,1955,0.208
Guinea,1956,0.208
Guinea,1957,0.195
Guinea,1958,0.231
Guinea,1959,0.182
Guinea,1960,0.144
Guinea,1961,0.134
Guinea,1962,0.145
Guinea,1963,0.145
Guinea,1964,0.141
Guinea,1965,0.148
Guinea,1966,0.148
Guinea,1967,0.148
Guinea,1968,0.148
Guinea,1969,0.148
Guinea,1970,0.148
Guinea,1971,0.148
Guinea,1972,0.148
Guinea,1973,0.148
Guinea,1974,0.148
Guinea,1975,0.148
Guinea,1976,0.148
Guinea,1977,0.148
Guinea,1978,0.148
Guinea,1979,0.148
Guinea,1980,0.148
Guinea,1981,0.148
Guinea,1982,0.148
Guinea,1983,0.148
Guinea,1984,0.15
Guinea,1985,0.093
Guinea,1986,0.078
Guinea,1987,0.078
Guinea,1988,0.078
Guinea,1989,0.078
Guinea,1990,0.093
Guinea,1991,0.116
Guinea,1992,0.118
Guinea,1993,0.118
Guinea,1994,0.094
Guinea,1995,0.086
Guinea,1996,0.084
Guinea,1997,0.084
Guinea,1998,0.084
Guinea,1999,0.084
Guinea,2000,0.08
Guinea,2001,0.08
Guinea,2002,0.08
Guinea,2003,0.08
Guinea,2004,0.08
Guinea,2005,0.082
Guinea,2006,0.082
Guinea,2007,0.084
Guinea,2008,0.061
Guinea,2009,0.066
Guinea,2010,0.112
Guinea,2011,0.15
Guinea,2012,0.152
Guinea,2013,0.176
Guinea,2014,0.176
Guinea,2015,0.173
Guinea,2016,0.175
Guinea,2017,0.164
Guinea,2018,0.137
Guinea,2019,0.133
Guinea,2020,0.123
Guinea,2021,0.124
Guinea,2022,0.126
Guinea,2023,0.128
Guinea,2024,0.121
Guinea,2025,0.106
Ivory Coast,1951,0.372
Ivory Coast,1952,0.372
Ivory Coast,1953,0.372
Ivory Coast,1954,0.372
Ivory Coast,1955,0.372
Ivory Coast,1956,0.372
Ivory Coast,1957,0.372
Ivory Coast,1958,0.372
Ivory Coast,1959,0.372
Ivory Coast,1960,0.364
Ivory Coast,1961,0.367
Ivory Coast,1962,0.367
Ivory Coast,1963,0.367
Ivory Coast,1964,0.367
Ivory Coast,1965,0.367
Ivory Coast,1966,0.367
Ivory Coast,1967,0.367
Ivory Coast,1968,0.367
Ivory Coast,1969,0.367
Ivory Coast,1970,0.378
Ivory Coast,1971,0.378
Ivory Coast,1972,0.378
Ivory Coast,1973,0.378
Ivory Coast,1974,0.378
Ivory Coast,1975,0.378
Ivory Coast,1976,0.378
Ivory Coast,1977,0.378
Ivory Coast,1978,0.378
Ivory Coast,1979,0.378
Ivory Coast,1980,0.378
Ivory Coast,1981,0.378
Ivory Coast,1982,0.378
Ivory Coast,1983,0.378
Ivory Coast,1984,0.378
Ivory Coast,1985,0.378
Ivory Coast,1986,0.378
Ivory Coast,1987,0.378
Ivory Coast,1988,0.378
Ivory Coast,1989,0.378
Ivory Coast,1990,0.485
Ivory Coast,1991,0.491
Ivory Coast,1992,0.496
Ivory Coast,1993,0.485
Ivory Coast,1994,0.446
Ivory Coast,1995,0.448
Ivory Coast,1996,0.453
Ivory Coast,1997,0.453
Ivory Coast,1998,0.459
Ivory Coast,1999,0.452
Ivory Coast,2000,0.509
Ivory Coast,2001,0.506
Ivory Coast,2002,0.45
Ivory Coast,2003,0.472
Ivory Coast,2004,0.472
Ivory Coast,2005,0.472
Ivory Coast,2006,0.472
Ivory Coast,2007,0.472
Ivory Coast,2008,0.471
Ivory Coast,2009,0.477
Ivory Coast,2010,0.474
Ivory Coast,2011,0.519
Ivory Coast,2012,0.566
Ivory Coast,2013,0.572
Ivory Coast,2014,0.574
Ivory Coast,2015,0.573
Ivory Coast,2016,0.577
Ivory Coast,2017,0.545
Ivory Coast,2018,0.544
Ivory Coast,2019,0.485
Ivory Coast,2020,0.405
Ivory Coast,2021,0.398
Ivory Coast,2022,0.408
Ivory Coast,2023,0.412
Ivory Coast,2024,0.411
Ivory Coast,2025,0.395
Mauritania,1951,0.443
Mauritania,1952,0.443
Mauritania,1953,0.443
Mauritania,1954,0.443
Mauritania,1955,0.443
Mauritania,1956,0.443
Mauritania,1957,0.443
Mauritania,1958,0.495
Mauritania,1959,0.513
Mauritania,1960,0.603
Mauritania,1961,0.408
Mauritania,1962,0.408
Mauritania,1963,0.408
Mauritania,1964,0.408
Mauritania,1965,0.408
Mauritania,1966,0.408
Mauritania,1967,0.408
Mauritania,1968,0.408
Mauritania,1969,0.408
Mauritania,1970,0.408
Mauritania,1971,0.408
Mauritania,1972,0.408
Mauritania,1973,0.403
Mauritania,1974,0.403
Mauritania,1975,0.403
Mauritania,1976,0.403
Mauritania,1977,0.403
Mauritania,1978,0.36
Mauritania,1979,0.192
Mauritania,1980,0.192
Mauritania,1981,0.195
Mauritania,1982,0.195
Mauritania,1983,0.195
Mauritania,1984,0.195
Mauritania,1985,0.119
Mauritania,1986,0.119
Mauritania,1987,0.119
Mauritania,1988,0.119
Mauritania,1989,0.119
Mauritania,1990,0.119
Mauritania,1991,0.119
Mauritania,1992,0.143
Mauritania,1993,0.151
Mauritania,1994,0.151
Mauritania,1995,0.151
Mauritania,1996,0.174
Mauritania,1997,0.174
Mauritania,1998,0.174
Mauritania,1999,0.174
Mauritania,2000,0.188
Mauritania,2001,0.188
Mauritania,2002,0.193
Mauritania,2003,0.189
Mauritania,2004,0.189
Mauritania,2005,0.204
Mauritania,2006,0.327
Mauritania,2007,0.331
Mauritania,2008,0.324
Mauritania,2009,0.308
Mauritania,2010,0.308
Mauritania,2011,0.308
Mauritania,2012,0.308
Mauritania,2013,0.198
Mauritania,2014,0.198
Mauritania,2015,0.196
Mauritania,2016,0.196
Mauritania,2017,0.216
Mauritania,2018,0.251
Mauritania,2019,0.293
Mauritania,2020,0.236
Mauritania,2021,0.217
Mauritania,2022,0.213
Mauritania,2023,0.244
Mauritania,2024,0.147
Mauritania,2025,0.117
Canada,1951,0.956
Canada,1952,0.956
Canada,1953,0.956
Canada,1954,0.956
Canada,1955,0.956
Canada,1956,0.956
Canada,1957,0.956
Canada,1958,0.956
Canada,1959,0.956
Canada,1960,0.962
Canada,1961,0.961
Canada,1962,0.961
Canada,1963,0.961
Canada,1964,0.961
Canada,1965,0.961
Canada,1966,0.966
Canada,1967,0.972
Canada,1968,0.972
Canada,1969,0.97
Canada,1970,0.966
Canada,1971,0.97
Canada,1972,0.97
Canada,1973,0.97
Canada,1974,0.97
Canada,1975,0.97
Canada,1976,0.971
Canada,1977,0.971
Canada,1978,0.971
Canada,1979,0.971
Canada,1980,0.973
Canada,1981,0.973
Canada,1982,0.971
Canada,1983,0.975
Canada,1984,0.975
Canada,1985,0.977
Canada,1986,0.977
Canada,1987,0.979
Canada,1988,0.979
Canada,1989,0.975
Canada,1990,0.977
Canada,1991,0.977
Canada,1992,0.977
Canada,1993,0.977
Canada,1994,0.977
Canada,1995,0.977
Canada,1996,0.977
Canada,1997,0.977
Canada,1998,0.977
Canada,1999,0.977
Canada,2000,0.977
Canada,2001,0.977
Canada,2002,0.977
Canada,2003,0.977
Canada,2004,0.977
Canada,2005,0.977
Canada,2006,0.977
Canada,2007,0.979
Canada,2008,0.979
Canada,2009,0.979
Canada,2010,0.98
Canada,2011,0.98
Canada,2012,0.98
Canada,2013,0.98
Canada,2014,0.981
Canada,2015,0.981
Canada,2016,0.982
Canada,2017,0.982
Canada,2018,0.982
Canada,2019,0.977
Canada,2020,0.965
Canada,2021,0.967
Canada,2022,0.961
Canada,2023,0.963
Canada,2024,0.964
Canada,2025,0.963
Australia,1951,0.99
Australia,1952,0.99
Australia,1953,0.99
Australia,1954,0.99
Australia,1955,0.99
Australia,1956,0.99
Australia,1957,0.99
Australia,1958,0.99
Australia,1959,0.99
Australia,1960,0.99
Australia,1961,0.99
Australia,1962,0.99
Australia,1963,0.99
Australia,1964,0.99
Australia,1965,0.99
Australia,1966,0.99
Australia,1967,0.99
Australia,1968,0.99
Australia,1969,0.99
Australia,1970,0.99
Australia,1971,0.99
Australia,1972,0.99
Australia,1973,0.99
Australia,1974,0.99
Australia,1975,0.991
Australia,1976,0.991
Australia,1977,0.991
Australia,1978,0.991
Australia,1979,0.991
Australia,1980,0.993
Australia,1981,0.993
Australia,1982,0.993
Australia,1983,0.993
Australia,1984,0.993
Australia,1985,0.993
Australia,1986,0.993
Australia,1987,0.993
Australia,1988,0.993
Australia,1989,0.993
Australia,1990,0.993
Australia,1991,0.993
Australia,1992,0.993
Australia,1993,0.993
Australia,1994,0.993
Australia,1995,0.993
Australia,1996,0.993
Australia,1997,0.993
Australia,1998,0.993
Australia,1999,0.993
Australia,2000,0.993
Australia,2001,0.993
Australia,2002,0.993
Australia,2003,0.993
Australia,2004,0.993
Australia,2005,0.993
Australia,2006,0.993
Australia,2007,0.993
Australia,2008,0.993
Australia,2009,0.993
Australia,2010,0.993
Australia,2011,0.993
Australia,2012,0.993
Australia,2013,0.988
Australia,2014,0.988
Australia,2015,0.987
Australia,2016,0.989
Australia,2017,0.99
Australia,2018,0.988
Australia,2019,0.989
Australia,2020,0.989
Australia,2021,0.989
Australia,2022,0.99
Australia,2023,0.99
Australia,2024,0.99
Australia,2025,0.99
Botswana,1951,0.866
Botswana,1952,0.866
Botswana,1953,0.866
Botswana,1954,0.866
Botswana,1955,0.866
Botswana,1956,0.866
Botswana,1957,0.866
Botswana,1958,0.866
Botswana,1959,0.866
Botswana,1960,0.858
Botswana,1961,0.868
Botswana,1962,0.868
Botswana,1963,0.868
Botswana,1964,0.868
Botswana,1965,0.868
Botswana,1966,0.888
Botswana,1967,0.898
Botswana,1968,0.898
Botswana,1969,0.898
Botswana,1970,0.898
Botswana,1971,0.899
Botswana,1972,0.899
Botswana,1973,0.899
Botswana,1974,0.899
Botswana,1975,0.899
Botswana,1976,0.899
Botswana,1977,0.899
Botswana,1978,0.899
Botswana,1979,0.899
Botswana,1980,0.899
Botswana,1981,0.902
Botswana,1982,0.902
Botswana,1983,0.902
Botswana,1984,0.902
Botswana,1985,0.902
Botswana,1986,0.905
Botswana,1987,0.905
Botswana,1988,0.905
Botswana,1989,0.905
Botswana,1990,0.905
Botswana,1991,0.905
Botswana,1992,0.905
Botswana,1993,0.905
Botswana,1994,0.905
Botswana,1995,0.907
Botswana,1996,0.907
Botswana,1997,0.907
Botswana,1998,0.908
Botswana,1999,0.912
Botswana,2000,0.909
Botswana,2001,0.909
Botswana,2002,0.909
Botswana,2003,0.909
Botswana,2004,0.909
Botswana,2005,0.909
Botswana,2006,0.909
Botswana,2007,0.905
Botswana,2008,0.906
Botswana,2009,0.901
Botswana,2010,0.91
Botswana,2011,0.91
Botswana,2012,0.897
Botswana,2013,0.891
Botswana,2014,0.885
Botswana,2015,0.87
Botswana,2016,0.87
Botswana,2017,0.866
Botswana,2018,0.876
Botswana,2019,0.884
Botswana,2020,0.9
Botswana,2021,0.852
Botswana,2022,0.825
Botswana,2023,0.788
Botswana,2024,0.794
Botswana,2025,0.822
Burundi,1951,0.365
Burundi,1952,0.365
Burundi,1953,0.365
Burundi,1954,0.365
Burundi,1955,0.365
Burundi,1956,0.365
Burundi,1957,0.365
Burundi,1958,0.365
Burundi,1959,0.365
Burundi,1960,0.365
Burundi,1961,0.365
Burundi,1962,0.434
Burundi,1963,0.417
Burundi,1964,0.403
Burundi,1965,0.403
Burundi,1966,0.382
Burundi,1967,0.382
Burundi,1968,0.382
Burundi,1969,0.382
Burundi,1970,0.395
Burundi,1971,0.395
Burundi,1972,0.389
Burundi,1973,0.389
Burundi,1974,0.389
Burundi,1975,0.389
Burundi,1976,0.498
Burundi,1977,0.556
Burundi,1978,0.565
Burundi,1979,0.565
Burundi,1980,0.565
Burundi,1981,0.565
Burundi,1982,0.565
Burundi,1983,0.578
Burundi,1984,0.578
Burundi,1985,0.578
Burundi,1986,0.578
Burundi,1987,0.592
Burundi,1988,0.57
Burundi,1989,0.57
Burundi,1990,0.571
Burundi,1991,0.571
Burundi,1992,0.561
Burundi,1993,0.493
Burundi,1994,0.457
Burundi,1995,0.457
Burundi,1996,0.457
Burundi,1997,0.457
Burundi,1998,0.457
Burundi,1999,0.457
Burundi,2000,0.456
Burundi,2001,0.456
Burundi,2002,0.456
Burundi,2003,0.456
Burundi,2004,0.44
Burundi,2005,0.181
Burundi,2006,0.161
Burundi,2007,0.16
Burundi,2008,0.155
Burundi,2009,0.154
Burundi,2010,0.133
Burundi,2011,0.135
Burundi,2012,0.136
Burundi,2013,0.09
Burundi,2014,0.083
Burundi,2015,0.071
Burundi,2016,0.041
Burundi,2017,0.043
Burundi,2018,0.035
Burundi,2019,0.067
Burundi,2020,0.073
Burundi,2021,0.163
Burundi,2022,0.192
Burundi,2023,0.116
Burundi,2024,0.103
Burundi,2025,0.083
Cape Verde,1951,0.138
Cape Verde,1952,0.138
Cape Verde,1953,0.138
Cape Verde,1954,0.138
Cape Verde,1955,0.138
Cape Verde,1956,0.138
Cape Verde,1957,0.138
Cape Verde,1958,0.138
Cape Verde,1959,0.138
Cape Verde,1960,0.138
Cape Verde,1961,0.138
Cape Verde,1962,0.138
Cape Verde,1963,0.138
Cape Verde,1964,0.138
Cape Verde,1965,0.138
Cape Verde,1966,0.138
Cape Verde,1967,0.138
Cape Verde,1968,0.138
Cape Verde,1969,0.138
Cape Verde,1970,0.138
Cape Verde,1971,0.138
Cape Verde,1972,0.138
Cape Verde,1973,0.138
Cape Verde,1974,0.145
Cape Verde,1975,0.625
Cape Verde,1976,0.779
Cape Verde,1977,0.779
Cape Verde,1978,0.779
Cape Verde,1979,0.779
Cape Verde,1980,0.779
Cape Verde,1981,0.779
Cape Verde,1982,0.779
Cape Verde,1983,0.779
Cape Verde,1984,0.779
Cape Verde,1985,0.779
Cape Verde,1986,0.779
Cape Verde,1987,0.779
Cape Verde,1988,0.786
Cape Verde,1989,0.786
Cape Verde,1990,0.795
Cape Verde,1991,0.849
Cape Verde,1992,0.857
Cape Verde,1993,0.857
Cape Verde,1994,0.857
Cape Verde,1995,0.857
Cape Verde,1996,0.857
Cape Verde,1997,0.857
Cape Verde,1998,0.857
Cape Verde,1999,0.857
Cape Verde,2000,0.857
Cape Verde,2001,0.86
Cape Verde,2002,0.86
Cape Verde,2003,0.86
Cape Verde,2004,0.86
Cape Verde,2005,0.859
Cape Verde,2006,0.859
Cape Verde,2007,0.859
Cape Verde,2008,0.859
Cape Verde,2009,0.859
Cape Verde,2010,0.859
Cape Verde,2011,0.859
Cape Verde,2012,0.859
Cape Verde,2013,0.862
Cape Verde,2014,0.852
Cape Verde,2015,0.853
Cape Verde,2016,0.856
Cape Verde,2017,0.841
Cape Verde,2018,0.836
Cape Verde,2019,0.835
Cape Verde,2020,0.834
Cape Verde,2021,0.826
Cape Verde,2022,0.822
Cape Verde,2023,0.808
Cape Verde,2024,0.808
Cape Verde,2025,0.798
Central African Republic,1951,0.49
Central African Republic,1952,0.49
Central African Republic,1953,0.49
Central African Republic,1954,0.49
Central African Republic,1955,0.49
Central African Republic,1956,0.49
Central African Republic,1957,0.499
Central African Republic,1958,0.412
Central African Republic,1959,0.407
Central African Republic,1960,0.189
Central African Republic,1961,0.191
Central African Republic,1962,0.195
Central African Republic,1963,0.195
Central African Republic,1964,0.195
Central African Republic,1965,0.182
Central African Republic,1966,0.107
Central African Republic,1967,0.107
Central African Republic,1968,0.107
Central African Republic,1969,0.107
Central African Republic,1970,0.105
Central African Republic,1971,0.105
Central African Republic,1972,0.099
Central African Republic,1973,0.09
Central African Republic,1974,0.09
Central African Republic,1975,0.09
Central African Republic,1976,0.09
Central African Republic,1977,0.075
Central African Republic,1978,0.072
Central African Republic,1979,0.089
Central African Republic,1980,0.167
Central African Republic,1981,0.18
Central African Republic,1982,0.162
Central African Republic,1983,0.161
Central African Republic,1984,0.161
Central African Republic,1985,0.161
Central African Republic,1986,0.167
Central African Republic,1987,0.167
Central African Republic,1988,0.167
Central African Republic,1989,0.167
Central African Republic,1990,0.167
Central African Republic,1991,0.167
Central African Republic,1992,0.167
Central African Republic,1993,0.219
Central African Republic,1994,0.229
Central African Republic,1995,0.229
Central African Republic,1996,0.229
Central African Republic,1997,0.229
Central African Republic,1998,0.229
Central African Republic,1999,0.229
Central African Republic,2000,0.229
Central African Republic,2001,0.229
Central African Republic,2002,0.229
Central African Republic,2003,0.205
Central African Republic,2004,0.157
Central African Republic,2005,0.159
Central African Republic,2006,0.161
Central African Republic,2007,0.161
Central African Republic,2008,0.161
Central African Republic,2009,0.161
Central African Republic,2010,0.159
Central African Republic,2011,0.153
Central African Republic,2012,0.15
Central African Republic,2013,0.109
Central African Republic,2014,0.181
Central African Republic,2015,0.189
Central African Republic,2016,0.227
Central African Republic,2017,0.241
Central African Republic,2018,0.257
Central African Republic,2019,0.255
Central African Republic,2020,0.175
Central African Republic,2021,0.189
Central African Republic,2022,0.167
Central African Republic,2023,0.105
Central African Republic,2024,0.099
Central African Republic,2025,0.118
Chile,1951,0.744
Chile,1952,0.747
Chile,1953,0.747
Chile,1954,0.747
Chile,1955,0.747
Chile,1956,0.747
Chile,1957,0.752
Chile,1958,0.769
Chile,1959,0.816
Chile,1960,0.853
Chile,1961,0.853
Chile,1962,0.853
Chile,1963,0.864
Chile,1964,0.869
Chile,1965,0.869
Chile,1966,0.869
Chile,1967,0.869
Chile,1968,0.869
Chile,1969,0.869
Chile,1970,0.842
Chile,1971,0.842
Chile,1972,0.842
Chile,1973,0.607
Chile,1974,0.296
Chile,1975,0.305
Chile,1976,0.305
Chile,1977,0.305
Chile,1978,0.305
Chile,1979,0.305
Chile,1980,0.375
Chile,1981,0.375
Chile,1982,0.384
Chile,1983,0.384
Chile,1984,0.384
Chile,1985,0.389
Chile,1986,0.389
Chile,1987,0.389
Chile,1988,0.389
Chile,1989,0.442
Chile,1990,0.94
Chile,1991,0.957
Chile,1992,0.957
Chile,1993,0.957
Chile,1994,0.957
Chile,1995,0.957
Chile,1996,0.957
Chile,1997,0.957
Chile,1998,0.957
Chile,1999,0.957
Chile,2000,0.958
Chile,2001,0.958
Chile,2002,0.958
Chile,2003,0.958
Chile,2004,0.958
Chile,2005,0.958
Chile,2006,0.958
Chile,2007,0.958
Chile,2008,0.96
Chile,2009,0.96
Chile,2010,0.96
Chile,2011,0.96
Chile,2012,0.96
Chile,2013,0.958
Chile,2014,0.957
Chile,2015,0.95
Chile,2016,0.95
Chile,2017,0.95
Chile,2018,0.946
Chile,2019,0.942
Chile,2020,0.944
Chile,2021,0.95
Chile,2022,0.953
Chile,2023,0.953
Chile,2024,0.948
Chile,2025,0.951
Costa Rica,1951,0.893
Costa Rica,1952,0.893
Costa Rica,1953,0.893
Costa Rica,1954,0.895
Costa Rica,1955,0.895
Costa Rica,1956,0.895
Costa Rica,1957,0.895
Costa Rica,1958,0.895
Costa Rica,1959,0.895
Costa Rica,1960,0.903
Costa Rica,1961,0.903
Costa Rica,1962,0.903
Costa Rica,1963,0.903
Costa Rica,1964,0.903
Costa Rica,1965,0.903
Costa Rica,1966,0.903
Costa Rica,1967,0.912
Costa Rica,1968,0.912
Costa Rica,1969,0.912
Costa Rica,1970,0.912
Costa Rica,1971,0.912
Costa Rica,1972,0.912
Costa Rica,1973,0.915
Costa Rica,1974,0.915
Costa Rica,1975,0.911
Costa Rica,1976,0.911
Costa Rica,1977,0.911
Costa Rica,1978,0.911
Costa Rica,1979,0.911
Costa Rica,1980,0.919
Costa Rica,1981,0.919
Costa Rica,1982,0.92
Costa Rica,1983,0.92
Costa Rica,1984,0.92
Costa Rica,1985,0.92
Costa Rica,1986,0.92
Costa Rica,1987,0.931
Costa Rica,1988,0.931
Costa Rica,1989,0.939
Costa Rica,1990,0.949
Costa Rica,1991,0.951
Costa Rica,1992,0.951
Costa Rica,1993,0.951
Costa Rica,1994,0.951
Costa Rica,1995,0.953
Costa Rica,1996,0.953
Costa Rica,1997,0.947
Costa Rica,1998,0.95
Costa Rica,1999,0.95
Costa Rica,2000,0.95
Costa Rica,2001,0.95
Costa Rica,2002,0.95
Costa Rica,2003,0.95
Costa Rica,2004,0.95
Costa Rica,2005,0.944
Costa Rica,2006,0.935
Costa Rica,2007,0.935
Costa Rica,2008,0.935
Costa Rica,2009,0.938
Costa Rica,2010,0.94
Costa Rica,2011,0.941
Costa Rica,2012,0.941
Costa Rica,2013,0.935
Costa Rica,2014,0.943
Costa Rica,2015,0.942
Costa Rica,2016,0.943
Costa Rica,2017,0.938
Costa Rica,2018,0.94
Costa Rica,2019,0.942
Costa Rica,2020,0.942
Costa Rica,2021,0.942
Costa Rica,2022,0.942
Costa Rica,2023,0.942
Costa Rica,2024,0.935
Costa Rica,2025,0.935
Timor-Leste,1951,
Timor-Leste,1952,
Timor-Leste,1953,
Timor-Leste,1954,
Timor-Leste,1955,
Timor-Leste,1956,
Timor-Leste,1957,
Timor-Leste,1958,
Timor-Leste,1959,
Timor-Leste,1960,
Timor-Leste,1961,
Timor-Leste,1962,
Timor-Leste,1963,
Timor-Leste,1964,
Timor-Leste,1965,
Timor-Leste,1966,
Timor-Leste,1967,
Timor-Leste,1968,
Timor-Leste,1969,
Timor-Leste,1970,
Timor-Leste,1971,
Timor-Leste,1972,
Timor-Leste,1973,
Timor-Leste,1974,
Timor-Leste,1975,
Timor-Leste,1976,0.263
Timor-Leste,1977,0.263
Timor-Leste,1978,0.263
Timor-Leste,1979,0.263
Timor-Leste,1980,0.263
Timor-Leste,1981,0.263
Timor-Leste,1982,0.263
Timor-Leste,1983,0.263
Timor-Leste,1984,0.263
Timor-Leste,1985,0.263
Timor-Leste,1986,0.263
Timor-Leste,1987,0.263
Timor-Leste,1988,0.263
Timor-Leste,1989,0.293
Timor-Leste,1990,0.293
Timor-Leste,1991,0.293
Timor-Leste,1992,0.293
Timor-Leste,1993,0.293
Timor-Leste,1994,0.293
Timor-Leste,1995,0.293
Timor-Leste,1996,0.293
Timor-Leste,1997,0.293
Timor-Leste,1998,0.293
Timor-Leste,1999,0.476
Timor-Leste,2000,0.822
Timor-Leste,2001,0.725
Timor-Leste,2002,0.683
Timor-Leste,2003,0.651
Timor-Leste,2004,0.651
Timor-Leste,2005,0.697
Timor-Leste,2006,0.676
Timor-Leste,2007,0.709
Timor-Leste,2008,0.706
Timor-Leste,2009,0.7
Timor-Leste,2010,0.7
Timor-Leste,2011,0.7
Timor-Leste,2012,0.701
Timor-Leste,2013,0.706
Timor-Leste,2014,0.668
Timor-Leste,2015,0.653
Timor-Leste,2016,0.678
Timor-Leste,2017,0.683
Timor-Leste,2018,0.684
Timor-Leste,2019,0.698
Timor-Leste,2020,0.709
Timor-Leste,2021,0.717
Timor-Leste,2022,0.706
Timor-Leste,2023,0.731
Timor-Leste,2024,0.725
Timor-Leste,2025,0.717
Ecuador,1951,0.208
Ecuador,1952,0.186
Ecuador,1953,0.186
Ecuador,1954,0.186
Ecuador,1955,0.186
Ecuador,1956,0.206
Ecuador,1957,0.208
Ecuador,1958,0.217
Ecuador,1959,0.217
Ecuador,1960,0.197
Ecuador,1961,0.177
Ecuador,1962,0.193
Ecuador,1963,0.132
Ecuador,1964,0.132
Ecuador,1965,0.14
Ecuador,1966,0.149
Ecuador,1967,0.176
Ecuador,1968,0.176
Ecuador,1969,0.164
Ecuador,1970,0.158
Ecuador,1971,0.155
Ecuador,1972,0.158
Ecuador,1973,0.14
Ecuador,1974,0.133
Ecuador,1975,0.133
Ecuador,1976,0.138
Ecuador,1977,0.148
Ecuador,1978,0.174
Ecuador,1979,0.401
Ecuador,1980,0.471
Ecuador,1981,0.476
Ecuador,1982,0.476
Ecuador,1983,0.476
Ecuador,1984,0.459
Ecuador,1985,0.363
Ecuador,1986,0.363
Ecuador,1987,0.363
Ecuador,1988,0.362
Ecuador,1989,0.446
Ecuador,1990,0.444
Ecuador,1991,0.444
Ecuador,1992,0.444
Ecuador,1993,0.42
Ecuador,1994,0.422
Ecuador,1995,0.411
Ecuador,1996,0.389
Ecuador,1997,0.356
Ecuador,1998,0.4
Ecuador,1999,0.388
Ecuador,2000,0.378
Ecuador,2001,0.378
Ecuador,2002,0.378
Ecuador,2003,0.371
Ecuador,2004,0.365
Ecuador,2005,0.368
Ecuador,2006,0.378
Ecuador,2007,0.407
Ecuador,2008,0.387
Ecuador,2009,0.399
Ecuador,2010,0.38
Ecuador,2011,0.379
Ecuador,2012,0.374
Ecuador,2013,0.354
Ecuador,2014,0.346
Ecuador,2015,0.346
Ecuador,2016,0.331
Ecuador,2017,0.432
Ecuador,2018,0.5
Ecuador,2019,0.516
Ecuador,2020,0.539
Ecuador,2021,0.53
Ecuador,2022,0.526
Ecuador,2023,0.466
Ecuador,2024,0.43
Ecuador,2025,0.372
France,1951,0.923
France,1952,0.923
France,1953,0.923
France,1954,0.923
France,1955,0.923
France,1956,0.923
France,1957,0.923
France,1958,0.923
France,1959,0.939
France,1960,0.939
France,1961,0.939
France,1962,0.939
France,1963,0.939
France,1964,0.939
France,1965,0.939
France,1966,0.939
France,1967,0.939
France,1968,0.939
France,1969,0.956
France,1970,0.957
France,1971,0.959
France,1972,0.959
France,1973,0.959
France,1974,0.959
France,1975,0.959
France,1976,0.961
France,1977,0.961
France,1978,0.961
France,1979,0.961
France,1980,0.961
France,1981,0.964
France,1982,0.964
France,1983,0.964
France,1984,0.964
France,1985,0.964
France,1986,0.964
France,1987,0.964
France,1988,0.964
France,1989,0.964
France,1990,0.964
France,1991,0.964
France,1992,0.965
France,1993,0.961
France,1994,0.965
France,1995,0.965
France,1996,0.965
France,1997,0.965
France,1998,0.965
France,1999,0.965
France,2000,0.965
France,2001,0.965
France,2002,0.965
France,2003,0.965
France,2004,0.965
France,2005,0.969
France,2006,0.967
France,2007,0.967
France,2008,0.967
France,2009,0.967
France,2010,0.967
France,2011,0.967
France,2012,0.967
France,2013,0.969
France,2014,0.969
France,2015,0.969
France,2016,0.969
France,2017,0.969
France,2018,0.962
France,2019,0.962
France,2020,0.962
France,2021,0.96
France,2022,0.961
France,2023,0.966
France,2024,0.967
France,2025,0.967
Germany,1951,0.988
Germany,1952,0.988
Germany,1953,0.988
Germany,1954,0.988
Germany,1955,0.989
Germany,1956,0.989
Germany,1957,0.99
Germany,1958,0.991
Germany,1959,0.991
Germany,1960,0.991
Germany,1961,0.991
Germany,1962,0.99
Germany,1963,0.991
Germany,1964,0.991
Germany,1965,0.991
Germany,1966,0.991
Germany,1967,0.991
Germany,1968,0.992
Germany,1969,0.992
Germany,1970,0.992
Germany,1971,0.992
Germany,1972,0.992
Germany,1973,0.992
Germany,1974,0.992
Germany,1975,0.992
Germany,1976,0.992
Germany,1977,0.992
Germany,1978,0.992
Germany,1979,0.992
Germany,1980,0.993
Germany,1981,0.993
Germany,1982,0.993
Germany,1983,0.993
Germany,1984,0.993
Germany,1985,0.993
Germany,1986,0.993
Germany,1987,0.993
Germany,1988,0.993
Germany,1989,0.993
Germany,1990,0.994
Germany,1991,0.994
Germany,1992,0.994
Germany,1993,0.994
Germany,1994,0.994
Germany,1995,0.994
Germany,1996,0.994
Germany,1997,0.994
Germany,1998,0.993
Germany,1999,0.993
Germany,2000,0.993
Germany,2001,0.993
Germany,2002,0.993
Germany,2003,0.993
Germany,2004,0.993
Germany,2005,0.993
Germany,2006,0.993
Germany,2007,0.993
Germany,2008,0.993
Germany,2009,0.993
Germany,2010,0.993
Germany,2011,0.993
Germany,2012,0.993
Germany,2013,0.994
Germany,2014,0.994
Germany,2015,0.994
Germany,2016,0.994
Germany,2017,0.992
Germany,2018,0.991
Germany,2019,0.991
Germany,2020,0.991
Germany,2021,0.991
Germany,2022,0.99
Germany,2023,0.992
Germany,2024,0.991
Germany,2025,0.991
Guatemala,1951,0.496
Guatemala,1952,0.48
Guatemala,1953,0.471
Guatemala,1954,0.353
Guatemala,1955,0.122
Guatemala,1956,0.127
Guatemala,1957,0.122
Guatemala,1958,0.129
Guatemala,1959,0.13
Guatemala,1960,0.123
Guatemala,1961,0.123
Guatemala,1962,0.121
Guatemala,1963,0.136
Guatemala,1964,0.138
Guatemala,1965,0.138
Guatemala,1966,0.145
Guatemala,1967,0.166
Guatemala,1968,0.163
Guatemala,1969,0.163
Guatemala,1970,0.14
Guatemala,1971,0.134
Guatemala,1972,0.134
Guatemala,1973,0.134
Guatemala,1974,0.127
Guatemala,1975,0.139
Guatemala,1976,0.139
Guatemala,1977,0.128
Guatemala,1978,0.092
Guatemala,1979,0.089
Guatemala,1980,0.085
Guatemala,1981,0.095
Guatemala,1982,0.085
Guatemala,1983,0.118
Guatemala,1984,0.123
Guatemala,1985,0.157
Guatemala,1986,0.202
Guatemala,1987,0.245
Guatemala,1988,0.245
Guatemala,1989,0.245
Guatemala,1990,0.251
Guatemala,1991,0.242
Guatemala,1992,0.242
Guatemala,1993,0.27
Guatemala,1994,0.285
Guatemala,1995,0.296
Guatemala,1996,0.348
Guatemala,1997,0.359
Guatemala,1998,0.358
Guatemala,1999,0.35
Guatemala,2000,0.328
Guatemala,2001,0.333
Guatemala,2002,0.336
Guatemala,2003,0.336
Guatemala,2004,0.362
Guatemala,2005,0.362
Guatemala,2006,0.362
Guatemala,2007,0.362
Guatemala,2008,0.369
Guatemala,2009,0.372
Guatemala,2010,0.372
Guatemala,2011,0.378
Guatemala,2012,0.375
Guatemala,2013,0.382
Guatemala,2014,0.396
Guatemala,2015,0.427
Guatemala,2016,0.451
Guatemala,2017,0.448
Guatemala,2018,0.366
Guatemala,2019,0.371
Guatemala,2020,0.373
Guatemala,2021,0.351
Guatemala,2022,0.294
Guatemala,2023,0.33
Guatemala,2024,0.657
Guatemala,2025,0.695
Iran,1951,0.472
Iran,1952,0.472
Iran,1953,0.452
Iran,1954,0.38
Iran,1955,0.373
Iran,1956,0.373
Iran,1957,0.373
Iran,1958,0.373
Iran,1959,0.373
Iran,1960,0.381
Iran,1961,0.381
Iran,1962,0.402
Iran,1963,0.417
Iran,1964,0.425
Iran,1965,0.425
Iran,1966,0.425
Iran,1967,0.425
Iran,1968,0.438
Iran,1969,0.438
Iran,1970,0.438
Iran,1971,0.438
Iran,1972,0.438
Iran,1973,0.438
Iran,1974,0.438
Iran,1975,0.438
Iran,1976,0.438
Iran,1977,0.44
Iran,1978,0.44
Iran,1979,0.359
Iran,1980,0.246
Iran,1981,0.225
Iran,1982,0.225
Iran,1983,0.202
Iran,1984,0.227
Iran,1985,0.237
Iran,1986,0.237
Iran,1987,0.233
Iran,1988,0.233
Iran,1989,0.243
Iran,1990,0.278
Iran,1991,0.278
Iran,1992,0.278
Iran,1993,0.278
Iran,1994,0.292
Iran,1995,0.292
Iran,1996,0.299
Iran,1997,0.351
Iran,1998,0.379
Iran,1999,0.372
Iran,2000,0.351
Iran,2001,0.351
Iran,2002,0.351
Iran,2003,0.351
Iran,2004,0.342
Iran,2005,0.267
Iran,2006,0.258
Iran,2007,0.258
Iran,2008,0.258
Iran,2009,0.242
Iran,2010,0.233
Iran,2011,0.235
Iran,2012,0.235
Iran,2013,0.251
Iran,2014,0.253
Iran,2015,0.268
Iran,2016,0.27
Iran,2017,0.253
Iran,2018,0.245
Iran,2019,0.241
Iran,2020,0.236
Iran,2021,0.213
Iran,2022,0.196
Iran,2023,0.185
Iran,2024,0.209
Iran,2025,0.209
Iraq,1951,0.452
Iraq,1952,0.452
Iraq,1953,0.452
Iraq,1954,0.442
Iraq,1955,0.442
Iraq,1956,0.442
Iraq,1957,0.442
Iraq,1958,0.345
Iraq,1959,0.343
Iraq,1960,0.347
Iraq,1961,0.341
Iraq,1962,0.341
Iraq,1963,0.24
Iraq,1964,0.27
Iraq,1965,0.28
Iraq,1966,0.28
Iraq,1967,0.287
Iraq,1968,0.299
Iraq,1969,0.282
Iraq,1970,0.271
Iraq,1971,0.272
Iraq,1972,0.272
Iraq,1973,0.272
Iraq,1974,0.272
Iraq,1975,0.272
Iraq,1976,0.272
Iraq,1977,0.261
Iraq,1978,0.261
Iraq,1979,0.245
Iraq,1980,0.198
Iraq,1981,0.198
Iraq,1982,0.198
Iraq,1983,0.198
Iraq,1984,0.198
Iraq,1985,0.198
Iraq,1986,0.198
Iraq,1987,0.198
Iraq,1988,0.198
Iraq,1989,0.198
Iraq,1990,0.179
Iraq,1991,0.134
Iraq,1992,0.134
Iraq,1993,0.134
Iraq,1994,0.134
Iraq,1995,0.134
Iraq,1996,0.134
Iraq,1997,0.134
Iraq,1998,0.134
Iraq,1999,0.134
Iraq,2000,0.136
Iraq,2001,0.136
Iraq,2002,0.139
Iraq,2003,0.22
Iraq,2004,0.261
Iraq,2005,0.224
Iraq,2006,0.223
Iraq,2007,0.223
Iraq,2008,0.221
Iraq,2009,0.219
Iraq,2010,0.218
Iraq,2011,0.211
Iraq,2012,0.211
Iraq,2013,0.166
Iraq,2014,0.174
Iraq,2015,0.182
Iraq,2016,0.197
Iraq,2017,0.195
Iraq,2018,0.215
Iraq,2019,0.182
Iraq,2020,0.166
Iraq,2021,0.204
Iraq,2022,0.194
Iraq,2023,0.223
Iraq,2024,0.223
Iraq,2025,0.199
Ireland,1951,0.959
Ireland,1952,0.962
Ireland,1953,0.962
Ireland,1954,0.962
Ireland,1955,0.962
Ireland,1956,0.962
Ireland,1957,0.962
Ireland,1958,0.962
Ireland,1959,0.961
Ireland,1960,0.961
Ireland,1961,0.961
Ireland,1962,0.961
Ireland,1963,0.961
Ireland,1964,0.96
Ireland,1965,0.96
Ireland,1966,0.958
Ireland,1967,0.956
Ireland,1968,0.956
Ireland,1969,0.956
Ireland,1970,0.956
Ireland,1971,0.956
Ireland,1972,0.956
Ireland,1973,0.956
Ireland,1974,0.956
Ireland,1975,0.956
Ireland,1976,0.956
Ireland,1977,0.956
Ireland,1978,0.956
Ireland,1979,0.953
Ireland,1980,0.95
Ireland,1981,0.954
Ireland,1982,0.948
Ireland,1983,0.95
Ireland,1984,0.95
Ireland,1985,0.95
Ireland,1986,0.95
Ireland,1987,0.951
Ireland,1988,0.953
Ireland,1989,0.953
Ireland,1990,0.95
Ireland,1991,0.951
Ireland,1992,0.955
Ireland,1993,0.955
Ireland,1994,0.955
Ireland,1995,0.955
Ireland,1996,0.962
Ireland,1997,0.962
Ireland,1998,0.966
Ireland,1999,0.967
Ireland,2000,0.968
Ireland,2001,0.968
Ireland,2002,0.968
Ireland,2003,0.968
Ireland,2004,0.968
Ireland,2005,0.968
Ireland,2006,0.968
Ireland,2007,0.968
Ireland,2008,0.969
Ireland,2009,0.972
Ireland,2010,0.972
Ireland,2011,0.976
Ireland,2012,0.977
Ireland,2013,0.978
Ireland,2014,0.978
Ireland,2015,0.978
Ireland,2016,0.978
Ireland,2017,0.982
Ireland,2018,0.984
Ireland,2019,0.982
Ireland,2020,0.982
Ireland,2021,0.981
Ireland,2022,0.982
Ireland,2023,0.983
Ireland,2024,0.983
Ireland,2025,0.983
Italy,1951,0.816
Italy,1952,0.816
Italy,1953,0.816
Italy,1954,0.816
Italy,1955,0.816
Italy,1956,0.843
Italy,1957,0.843
Italy,1958,0.843
Italy,1959,0.84
Italy,1960,0.844
Italy,1961,0.844
Italy,1962,0.844
Italy,1963,0.847
Italy,1964,0.847
Italy,1965,0.847
Italy,1966,0.847
Italy,1967,0.847
Italy,1968,0.849
Italy,1969,0.849
Italy,1970,0.858
Italy,1971,0.859
Italy,1972,0.859
Italy,1973,0.859
Italy,1974,0.859
Italy,1975,0.855
Italy,1976,0.86
Italy,1977,0.86
Italy,1978,0.86
Italy,1979,0.862
Italy,1980,0.85
Italy,1981,0.856
Italy,1982,0.857
Italy,1983,0.857
Italy,1984,0.857
Italy,1985,0.857
Italy,1986,0.857
Italy,1987,0.865
Italy,1988,0.865
Italy,1989,0.859
Italy,1990,0.865
Italy,1991,0.866
Italy,1992,0.878
Italy,1993,0.882
Italy,1994,0.862
Italy,1995,0.872
Italy,1996,0.889
Italy,1997,0.889
Italy,1998,0.889
Italy,1999,0.889
Italy,2000,0.888
Italy,2001,0.865
Italy,2002,0.868
Italy,2003,0.873
Italy,2004,0.873
Italy,2005,0.873
Italy,2006,0.905
Italy,2007,0.903
Italy,2008,0.863
Italy,2009,0.868
Italy,2010,0.884
Italy,2011,0.905
Italy,2012,0.903
Italy,2013,0.899
Italy,2014,0.896
Italy,2015,0.896
Italy,2016,0.901
Italy,2017,0.912
Italy,2018,0.906
Italy,2019,0.906
Italy,2020,0.903
Italy,2021,0.905
Italy,2022,0.905
Italy,2023,0.886
Italy,2024,0.874
Italy,2025,0.865
Jordan,1951,0.616
Jordan,1952,0.616
Jordan,1953,0.634
Jordan,1954,0.634
Jordan,1955,0.634
Jordan,1956,0.634
Jordan,1957,0.637
Jordan,1958,0.547
Jordan,1959,0.547
Jordan,1960,0.547
Jordan,1961,0.547
Jordan,1962,0.629
Jordan,1963,0.629
Jordan,1964,0.618
Jordan,1965,0.632
Jordan,1966,0.632
Jordan,1967,0.584
Jordan,1968,0.583
Jordan,1969,0.583
Jordan,1970,0.598
Jordan,1971,0.634
Jordan,1972,0.564
Jordan,1973,0.564
Jordan,1974,0.564
Jordan,1975,0.564
Jordan,1976,0.564
Jordan,1977,0.564
Jordan,1978,0.564
Jordan,1979,0.564
Jordan,1980,0.608
Jordan,1981,0.608
Jordan,1982,0.608
Jordan,1983,0.608
Jordan,1984,0.608
Jordan,1985,0.608
Jordan,1986,0.608
Jordan,1987,0.608
Jordan,1988,0.608
Jordan,1989,0.608
Jordan,1990,0.612
Jordan,1991,0.612
Jordan,1992,0.612
Jordan,1993,0.612
Jordan,1994,0.612
Jordan,1995,0.612
Jordan,1996,0.612
Jordan,1997,0.612
Jordan,1998,0.612
Jordan,1999,0.616
Jordan,2000,0.612
Jordan,2001,0.582
Jordan,2002,0.582
Jordan,2003,0.582
Jordan,2004,0.582
Jordan,2005,0.571
Jordan,2006,0.571
Jordan,2007,0.571
Jordan,2008,0.571
Jordan,2009,0.571
Jordan,2010,0.592
Jordan,2011,0.594
Jordan,2012,0.595
Jordan,2013,0.586
Jordan,2014,0.591
Jordan,2015,0.591
Jordan,2016,0.621
Jordan,2017,0.644
Jordan,2018,0.662
Jordan,2019,0.658
Jordan,2020,0.664
Jordan,2021,0.712
Jordan,2022,0.7
Jordan,2023,0.692
Jordan,2024,0.764
Jordan,2025,0.774
Latvia,1990,0.8
Latvia,1991,0.837
Latvia,1992,0.839
Latvia,1993,0.85
Latvia,1994,0.846
Latvia,1995,0.852
Latvia,1996,0.871
Latvia,1997,0.878
Latvia,1998,0.88
Latvia,1999,0.886
Latvia,2000,0.891
Latvia,2001,0.891
Latvia,2002,0.897
Latvia,2003,0.899
Latvia,2004,0.908
Latvia,2005,0.916
Latvia,2006,0.91
Latvia,2007,0.915
Latvia,2008,0.925
Latvia,2009,0.931
Latvia,2010,0.948
Latvia,2011,0.948
Latvia,2012,0.954
Latvia,2013,0.955
Latvia,2014,0.956
Latvia,2015,0.956
Latvia,2016,0.944
Latvia,2017,0.947
Latvia,2018,0.951
Latvia,2019,0.955
Latvia,2020,0.955
Latvia,2021,0.968
Latvia,2022,0.968
Latvia,2023,0.967
Latvia,2024,0.972
Latvia,2025,0.973
Lesotho,1951,0.688
Lesotho,1952,0.688
Lesotho,1953,0.688
Lesotho,1954,0.688
Lesotho,1955,0.688
Lesotho,1956,0.688
Lesotho,1957,0.688
Lesotho,1958,0.688
Lesotho,1959,0.688
Lesotho,1960,0.685
Lesotho,1961,0.684
Lesotho,1962,0.684
Lesotho,1963,0.684
Lesotho,1964,0.684
Lesotho,1965,0.684
Lesotho,1966,0.701
Lesotho,1967,0.685
Lesotho,1968,0.685
Lesotho,1969,0.691
Lesotho,1970,0.416
Lesotho,1971,0.398
Lesotho,1972,0.398
Lesotho,1973,0.398
Lesotho,1974,0.398
Lesotho,1975,0.398
Lesotho,1976,0.398
Lesotho,1977,0.398
Lesotho,1978,0.398
Lesotho,1979,0.398
Lesotho,1980,0.419
Lesotho,1981,0.419
Lesotho,1982,0.411
Lesotho,1983,0.42
Lesotho,1984,0.42
Lesotho,1985,0.42
Lesotho,1986,0.397
Lesotho,1987,0.464
Lesotho,1988,0.464
Lesotho,1989,0.464
Lesotho,1990,0.457
Lesotho,1991,0.461
Lesotho,1992,0.461
Lesotho,1993,0.682
Lesotho,1994,0.663
Lesotho,1995,0.684
Lesotho,1996,0.69
Lesotho,1997,0.69
Lesotho,1998,0.591
Lesotho,1999,0.591
Lesotho,2000,0.586
Lesotho,2001,0.586
Lesotho,2002,0.587
Lesotho,2003,0.594
Lesotho,2004,0.594
Lesotho,2005,0.6
Lesotho,2006,0.6
Lesotho,2007,0.6
Lesotho,2008,0.603
Lesotho,2009,0.603
Lesotho,2010,0.608
Lesotho,2011,0.607
Lesotho,2012,0.594
Lesotho,2013,0.661
Lesotho,2014,0.665
Lesotho,2015,0.601
Lesotho,2016,0.606
Lesotho,2017,0.639
Lesotho,2018,0.579
Lesotho,2019,0.643
Lesotho,2020,0.663
Lesotho,2021,0.686
Lesotho,2022,0.695
Lesotho,2023,0.669
Lesotho,2024,0.672
Lesotho,2025,0.716
Liberia,1951,0.2
Liberia,1952,0.2
Liberia,1953,0.2
Liberia,1954,0.2
Liberia,1955,0.2
Liberia,1956,0.2
Liberia,1957,0.2
Liberia,1958,0.2
Liberia,1959,0.2
Liberia,1960,0.2
Liberia,1961,0.2
Liberia,1962,0.2
Liberia,1963,0.2
Liberia,1964,0.2
Liberia,1965,0.2
Liberia,1966,0.2
Liberia,1967,0.2
Liberia,1968,0.2
Liberia,1969,0.2
Liberia,1970,0.2
Liberia,1971,0.211
Liberia,1972,0.211
Liberia,1973,0.211
Liberia,1974,0.211
Liberia,1975,0.211
Liberia,1976,0.211
Liberia,1977,0.211
Liberia,1978,0.211
Liberia,1979,0.208
Liberia,1980,0.108
Liberia,1981,0.112
Liberia,1982,0.112
Liberia,1983,0.112
Liberia,1984,0.112
Liberia,1985,0.121
Liberia,1986,0.122
Liberia,1987,0.122
Liberia,1988,0.122
Liberia,1989,0.104
Liberia,1990,0.073
Liberia,1991,0.164
Liberia,1992,0.164
Liberia,1993,0.164
Liberia,1994,0.149
Liberia,1995,0.134
Liberia,1996,0.085
Liberia,1997,0.068
Liberia,1998,0.068
Liberia,1999,0.068
Liberia,2000,0.077
Liberia,2001,0.077
Liberia,2002,0.077
Liberia,2003,0.077
Liberia,2004,0.292
Liberia,2005,0.372
Liberia,2006,0.425
Liberia,2007,0.425
Liberia,2008,0.425
Liberia,2009,0.425
Liberia,2010,0.408
Liberia,2011,0.408
Liberia,2012,0.38
Liberia,2013,0.375
Liberia,2014,0.375
Liberia,2015,0.375
Liberia,2016,0.375
Liberia,2017,0.415
Liberia,2018,0.344
Liberia,2019,0.315
Liberia,2020,0.326
Liberia,2021,0.319
Liberia,2022,0.319
Liberia,2023,0.35
Liberia,2024,0.35
Liberia,2025,0.36
Malawi,1951,0.348
Malawi,1952,0.348
Malawi,1953,0.348
Malawi,1954,0.358
Malawi,1955,0.356
Malawi,1956,0.356
Malawi,1957,0.356
Malawi,1958,0.356
Malawi,1959,0.356
Malawi,1960,0.356
Malawi,1961,0.343
Malawi,1962,0.343
Malawi,1963,0.364
Malawi,1964,0.58
Malawi,1965,0.626
Malawi,1966,0.628
Malawi,1967,0.601
Malawi,1968,0.601
Malawi,1969,0.606
Malawi,1970,0.606
Malawi,1971,0.603
Malawi,1972,0.603
Malawi,1973,0.603
Malawi,1974,0.603
Malawi,1975,0.603
Malawi,1976,0.603
Malawi,1977,0.603
Malawi,1978,0.603
Malawi,1979,0.603
Malawi,1980,0.603
Malawi,1981,0.603
Malawi,1982,0.603
Malawi,1983,0.603
Malawi,1984,0.603
Malawi,1985,0.603
Malawi,1986,0.603
Malawi,1987,0.603
Malawi,1988,0.603
Malawi,1989,0.603
Malawi,1990,0.603
Malawi,1991,0.586
Malawi,1992,0.592
Malawi,1993,0.619
Malawi,1994,0.43
Malawi,1995,0.53
Malawi,1996,0.53
Malawi,1997,0.525
Malawi,1998,0.525
Malawi,1999,0.525
Malawi,2000,0.533
Malawi,2001,0.535
Malawi,2002,0.541
Malawi,2003,0.541
Malawi,2004,0.541
Malawi,2005,0.539
Malawi,2006,0.551
Malawi,2007,0.539
Malawi,2008,0.553
Malawi,2009,0.541
Malawi,2010,0.508
Malawi,2011,0.508
Malawi,2012,0.504
Malawi,2013,0.505
Malawi,2014,0.516
Malawi,2015,0.56
Malawi,2016,0.538
Malawi,2017,0.582
Malawi,2018,0.556
Malawi,2019,0.521
Malawi,2020,0.626
Malawi,2021,0.656
Malawi,2022,0.608
Malawi,2023,0.618
Malawi,2024,0.571
Malawi,2025,0.567
Maldives,1951,0.139
Maldives,1952,0.139
Maldives,1953,0.148
Maldives,1954,0.146
Maldives,1955,0.146
Maldives,1956,0.146
Maldives,1957,0.146
Maldives,1958,0.146
Maldives,1959,0.146
Maldives,1960,0.154
Maldives,1961,0.154
Maldives,1962,0.154
Maldives,1963,0.154
Maldives,1964,0.154
Maldives,1965,0.154
Maldives,1966,0.145
Maldives,1967,0.145
Maldives,1968,0.15
Maldives,1969,0.152
Maldives,1970,0.152
Maldives,1971,0.152
Maldives,1972,0.152
Maldives,1973,0.152
Maldives,1974,0.154
Maldives,1975,0.148
Maldives,1976,0.148
Maldives,1977,0.148
Maldives,1978,0.117
Maldives,1979,0.105
Maldives,1980,0.105
Maldives,1981,0.105
Maldives,1982,0.105
Maldives,1983,0.105
Maldives,1984,0.105
Maldives,1985,0.105
Maldives,1986,0.105
Maldives,1987,0.105
Maldives,1988,0.105
Maldives,1989,0.105
Maldives,1990,0.101
Maldives,1991,0.101
Maldives,1992,0.101
Maldives,1993,0.101
Maldives,1994,0.101
Maldives,1995,0.1
Maldives,1996,0.1
Maldives,1997,0.1
Maldives,1998,0.099
Maldives,1999,0.099
Maldives,2000,0.092
Maldives,2001,0.092
Maldives,2002,0.092
Maldives,2003,0.101
Maldives,2004,0.098
Maldives,2005,0.147
Maldives,2006,0.167
Maldives,2007,0.167
Maldives,2008,0.306
Maldives,2009,0.487
Maldives,2010,0.477
Maldives,2011,0.482
Maldives,2012,0.365
Maldives,2013,0.276
Maldives,2014,0.271
Maldives,2015,0.224
Maldives,2016,0.259
Maldives,2017,0.247
Maldives,2018,0.251
Maldives,2019,0.62
Maldives,2020,0.665
Maldives,2021,0.681
Maldives,2022,0.703
Maldives,2023,0.728
Maldives,2024,0.713
Maldives,2025,0.763
Mongolia,1951,0.469
Mongolia,1952,0.476
Mongolia,1953,0.476
Mongolia,1954,0.476
Mongolia,1955,0.476
Mongolia,1956,0.476
Mongolia,1957,0.476
Mongolia,1958,0.476
Mongolia,1959,0.476
Mongolia,1960,0.45
Mongolia,1961,0.482
Mongolia,1962,0.482
Mongolia,1963,0.482
Mongolia,1964,0.482
Mongolia,1965,0.482
Mongolia,1966,0.482
Mongolia,1967,0.482
Mongolia,1968,0.482
Mongolia,1969,0.482
Mongolia,1970,0.482
Mongolia,1971,0.482
Mongolia,1972,0.482
Mongolia,1973,0.482
Mongolia,1974,0.482
Mongolia,1975,0.482
Mongolia,1976,0.482
Mongolia,1977,0.482
Mongolia,1978,0.482
Mongolia,1979,0.491
Mongolia,1980,0.491
Mongolia,1981,0.491
Mongolia,1982,0.491
Mongolia,1983,0.491
Mongolia,1984,0.491
Mongolia,1985,0.491
Mongolia,1986,0.491
Mongolia,1987,0.491
Mongolia,1988,0.491
Mongolia,1989,0.486
Mongolia,1990,0.616
Mongolia,1991,0.655
Mongolia,1992,0.723
Mongolia,1993,0.732
Mongolia,1994,0.752
Mongolia,1995,0.752
Mongolia,1996,0.755
Mongolia,1997,0.755
Mongolia,1998,0.755
Mongolia,1999,0.755
Mongolia,2000,0.615
Mongolia,2001,0.615
Mongolia,2002,0.617
Mongolia,2003,0.628
Mongolia,2004,0.619
Mongolia,2005,0.598
Mongolia,2006,0.594
Mongolia,2007,0.594
Mongolia,2008,0.592
Mongolia,2009,0.602
Mongolia,2010,0.607
Mongolia,2011,0.609
Mongolia,2012,0.598
Mongolia,2013,0.59
Mongolia,2014,0.58
Mongolia,2015,0.592
Mongolia,2016,0.588
Mongolia,2017,0.592
Mongolia,2018,0.592
Mongolia,2019,0.56
Mongolia,2020,0.592
Mongolia,2021,0.566
Mongolia,2022,0.545
Mongolia,2023,0.49
Mongolia,2024,0.516
Mongolia,2025,0.483
Morocco,1951,0.206
Morocco,1952,0.206
Morocco,1953,0.205
Morocco,1954,0.205
Morocco,1955,0.206
Morocco,1956,0.257
Morocco,1957,0.229
Morocco,1958,0.229
Morocco,1959,0.229
Morocco,1960,0.229
Morocco,1961,0.255
Morocco,1962,0.307
Morocco,1963,0.306
Morocco,1964,0.29
Morocco,1965,0.29
Morocco,1966,0.29
Morocco,1967,0.29
Morocco,1968,0.29
Morocco,1969,0.284
Morocco,1970,0.284
Morocco,1971,0.284
Morocco,1972,0.284
Morocco,1973,0.284
Morocco,1974,0.284
Morocco,1975,0.284
Morocco,1976,0.284
Morocco,1977,0.284
Morocco,1978,0.284
Morocco,1979,0.284
Morocco,1980,0.311
Morocco,1981,0.311
Morocco,1982,0.311
Morocco,1983,0.311
Morocco,1984,0.311
Morocco,1985,0.311
Morocco,1986,0.311
Morocco,1987,0.311
Morocco,1988,0.311
Morocco,1989,0.311
Morocco,1990,0.32
Morocco,1991,0.331
Morocco,1992,0.337
Morocco,1993,0.355
Morocco,1994,0.361
Morocco,1995,0.361
Morocco,1996,0.361
Morocco,1997,0.365
Morocco,1998,0.383
Morocco,1999,0.383
Morocco,2000,0.368
Morocco,2001,0.368
Morocco,2002,0.368
Morocco,2003,0.375
Morocco,2004,0.375
Morocco,2005,0.411
Morocco,2006,0.411
Morocco,2007,0.411
Morocco,2008,0.411
Morocco,2009,0.411
Morocco,2010,0.418
Morocco,2011,0.443
Morocco,2012,0.446
Morocco,2013,0.432
Morocco,2014,0.435
Morocco,2015,0.43
Morocco,2016,0.429
Morocco,2017,0.467
Morocco,2018,0.473
Morocco,2019,0.484
Morocco,2020,0.482
Morocco,2021,0.482
Morocco,2022,0.517
Morocco,2023,0.529
Morocco,2024,0.535
Morocco,2025,0.526
Netherlands,1951,0.983
Netherlands,1952,0.983
Netherlands,1953,0.983
Netherlands,1954,0.983
Netherlands,1955,0.983
Netherlands,1956,0.983
Netherlands,1957,0.983
Netherlands,1958,0.983
Netherlands,1959,0.981
Netherlands,1960,0.985
Netherlands,1961,0.985
Netherlands,1962,0.985
Netherlands,1963,0.985
Netherlands,1964,0.985
Netherlands,1965,0.985
Netherlands,1966,0.985
Netherlands,1967,0.985
Netherlands,1968,0.985
Netherlands,1969,0.985
Netherlands,1970,0.985
Netherlands,1971,0.985
Netherlands,1972,0.985
Netherlands,1973,0.983
Netherlands,1974,0.985
Netherlands,1975,0.985
Netherlands,1976,0.985
Netherlands,1977,0.985
Netherlands,1978,0.985
Netherlands,1979,0.985
Netherlands,1980,0.984
Netherlands,1981,0.984
Netherlands,1982,0.984
Netherlands,1983,0.984
Netherlands,1984,0.984
Netherlands,1985,0.984
Netherlands,1986,0.984
Netherlands,1987,0.984
Netherlands,1988,0.984
Netherlands,1989,0.984
Netherlands,1990,0.984
Netherlands,1991,0.984
Netherlands,1992,0.984
Netherlands,1993,0.984
Netherlands,1994,0.984
Netherlands,1995,0.984
Netherlands,1996,0.984
Netherlands,1997,0.984
Netherlands,1998,0.984
Netherlands,1999,0.984
Netherlands,2000,0.984
Netherlands,2001,0.984
Netherlands,2002,0.982
Netherlands,2003,0.985
Netherlands,2004,0.985
Netherlands,2005,0.985
Netherlands,2006,0.985
Netherlands,2007,0.985
Netherlands,2008,0.985
Netherlands,2009,0.985
Netherlands,2010,0.985
Netherlands,2011,0.985
Netherlands,2012,0.985
Netherlands,2013,0.98
Netherlands,2014,0.98
Netherlands,2015,0.982
Netherlands,2016,0.982
Netherlands,2017,0.984
Netherlands,2018,0.982
Netherlands,2019,0.986
Netherlands,2020,0.983
Netherlands,2021,0.981
Netherlands,2022,0.978
Netherlands,2023,0.978
Netherlands,2024,0.978
Netherlands,2025,0.969
Panama,1951,0.396
Panama,1952,0.415
Panama,1953,0.415
Panama,1954,0.415
Panama,1955,0.415
Panama,1956,0.415
Panama,1957,0.415
Panama,1958,0.415
Panama,1959,0.415
Panama,1960,0.415
Panama,1961,0.415
Panama,1962,0.415
Panama,1963,0.415
Panama,1964,0.415
Panama,1965,0.415
Panama,1966,0.415
Panama,1967,0.415
Panama,1968,0.327
Panama,1969,0.272
Panama,1970,0.272
Panama,1971,0.272
Panama,1972,0.272
Panama,1973,0.272
Panama,1974,0.272
Panama,1975,0.272
Panama,1976,0.272
Panama,1977,0.272
Panama,1978,0.272
Panama,1979,0.272
Panama,1980,0.258
Panama,1981,0.214
Panama,1982,0.136
Panama,1983,0.162
Panama,1984,0.176
Panama,1985,0.176
Panama,1986,0.158
Panama,1987,0.158
Panama,1988,0.158
Panama,1989,0.158
Panama,1990,0.482
Panama,1991,0.573
Panama,1992,0.573
Panama,1993,0.573
Panama,1994,0.591
Panama,1995,0.591
Panama,1996,0.591
Panama,1997,0.591
Panama,1998,0.591
Panama,1999,0.591
Panama,2000,0.591
Panama,2001,0.591
Panama,2002,0.591
Panama,2003,0.591
Panama,2004,0.6
Panama,2005,0.591
Panama,2006,0.591
Panama,2007,0.591
Panama,2008,0.591
Panama,2009,0.591
Panama,2010,0.591
Panama,2011,0.591
Panama,2012,0.591
Panama,2013,0.601
Panama,2014,0.601
Panama,2015,0.601
Panama,2016,0.601
Panama,2017,0.616
Panama,2018,0.607
Panama,2019,0.607
Panama,2020,0.609
Panama,2021,0.629
Panama,2022,0.643
Panama,2023,0.635
Panama,2024,0.669
Panama,2025,0.692
Papua New Guinea,1951,0.528
Papua New Guinea,1952,0.528
Papua New Guinea,1953,0.528
Papua New Guinea,1954,0.528
Papua New Guinea,1955,0.528
Papua New Guinea,1956,0.528
Papua New Guinea,1957,0.528
Papua New Guinea,1958,0.528
Papua New Guinea,1959,0.528
Papua New Guinea,1960,0.528
Papua New Guinea,1961,0.528
Papua New Guinea,1962,0.528
Papua New Guinea,1963,0.528
Papua New Guinea,1964,0.528
Papua New Guinea,1965,0.528
Papua New Guinea,1966,0.528
Papua New Guinea,1967,0.528
Papua New Guinea,1968,0.528
Papua New Guinea,1969,0.528
Papua New Guinea,1970,0.528
Papua New Guinea,1971,0.528
Papua New Guinea,1972,0.528
Papua New Guinea,1973,0.528
Papua New Guinea,1974,0.528
Papua New Guinea,1975,0.557
Papua New Guinea,1976,0.557
Papua New Guinea,1977,0.557
Papua New Guinea,1978,0.557
Papua New Guinea,1979,0.557
Papua New Guinea,1980,0.557
Papua New Guinea,1981,0.557
Papua New Guinea,1982,0.557
Papua New Guinea,1983,0.557
Papua New Guinea,1984,0.557
Papua New Guinea,1985,0.557
Papua New Guinea,1986,0.557
Papua New Guinea,1987,0.557
Papua New Guinea,1988,0.557
Papua New Guinea,1989,0.557
Papua New Guinea,1990,0.557
Papua New Guinea,1991,0.557
Papua New Guinea,1992,0.557
Papua New Guinea,1993,0.557
Papua New Guinea,1994,0.557
Papua New Guinea,1995,0.557
Papua New Guinea,1996,0.557
Papua New Guinea,1997,0.557
Papua New Guinea,1998,0.557
Papua New Guinea,1999,0.557
Papua New Guinea,2000,0.557
Papua New Guinea,2001,0.557
Papua New Guinea,2002,0.557
Papua New Guinea,2003,0.557
Papua New Guinea,2004,0.557
Papua New Guinea,2005,0.557
Papua New Guinea,2006,0.557
Papua New Guinea,2007,0.557
Papua New Guinea,2008,0.557
Papua New Guinea,2009,0.557
Papua New Guinea,2010,0.527
Papua New Guinea,2011,0.494
Papua New Guinea,2012,0.48
Papua New Guinea,2013,0.48
Papua New Guinea,2014,0.471
Papua New Guinea,2015,0.471
Papua New Guinea,2016,0.471
Papua New Guinea,2017,0.466
Papua New Guinea,2018,0.471
Papua New Guinea,2019,0.477
Papua New Guinea,2020,0.526
Papua New Guinea,2021,0.47
Papua New Guinea,2022,0.466
Papua New Guinea,2023,0.449
Papua New Guinea,2024,0.494
Papua New Guinea,2025,0.511
Qatar,1951,0.152
Qatar,1952,0.152
Qatar,1953,0.152
Qatar,1954,0.152
Qatar,1955,0.157
Qatar,1956,0.157
Qatar,1957,0.157
Qatar,1958,0.157
Qatar,1959,0.157
Qatar,1960,0.168
Qatar,1961,0.189
Qatar,1962,0.189
Qatar,1963,0.189
Qatar,1964,0.189
Qatar,1965,0.189
Qatar,1966,0.189
Qatar,1967,0.189
Qatar,1968,0.189
Qatar,1969,0.189
Qatar,1970,0.296
Qatar,1971,0.334
Qatar,1972,0.349
Qatar,1973,0.398
Qatar,1974,0.398
Qatar,1975,0.398
Qatar,1976,0.398
Qatar,1977,0.398
Qatar,1978,0.398
Qatar,1979,0.398
Qatar,1980,0.41
Qatar,1981,0.41
Qatar,1982,0.414
Qatar,1983,0.414
Qatar,1984,0.414
Qatar,1985,0.414
Qatar,1986,0.414
Qatar,1987,0.414
Qatar,1988,0.414
Qatar,1989,0.416
Qatar,1990,0.471
Qatar,1991,0.471
Qatar,1992,0.471
Qatar,1993,0.471
Qatar,1994,0.471
Qatar,1995,0.483
Qatar,1996,0.511
Qatar,1997,0.512
Qatar,1998,0.512
Qatar,1999,0.512
Qatar,2000,0.507
Qatar,2001,0.504
Qatar,2002,0.504
Qatar,2003,0.532
Qatar,2004,0.552
Qatar,2005,0.552
Qatar,2006,0.553
Qatar,2007,0.553
Qatar,2008,0.553
Qatar,2009,0.547
Qatar,2010,0.553
Qatar,2011,0.553
Qatar,2012,0.549
Qatar,2013,0.526
Qatar,2014,0.526
Qatar,2015,0.526
Qatar,2016,0.526
Qatar,2017,0.526
Qatar,2018,0.536
Qatar,2019,0.51
Qatar,2020,0.511
Qatar,2021,0.493
Qatar,2022,0.498
Qatar,2023,0.506
Qatar,2024,0.565
Qatar,2025,0.573
Sierra Leone,1951,0.468
Sierra Leone,1952,0.478
Sierra Leone,1953,0.482
Sierra Leone,1954,0.482
Sierra Leone,1955,0.482
Sierra Leone,1956,0.482
Sierra Leone,1957,0.482
Sierra Leone,1958,0.462
Sierra Leone,1959,0.462
Sierra Leone,1960,0.465
Sierra Leone,1961,0.388
Sierra Leone,1962,0.413
Sierra Leone,1963,0.413
Sierra Leone,1964,0.413
Sierra Leone,1965,0.41
Sierra Leone,1966,0.404
Sierra Leone,1967,0.346
Sierra Leone,1968,0.321
Sierra Leone,1969,0.287
Sierra Leone,1970,0.268
Sierra Leone,1971,0.248
Sierra Leone,1972,0.238
Sierra Leone,1973,0.238
Sierra Leone,1974,0.238
Sierra Leone,1975,0.238
Sierra Leone,1976,0.238
Sierra Leone,1977,0.238
Sierra Leone,1978,0.227
Sierra Leone,1979,0.18
Sierra Leone,1980,0.18
Sierra Leone,1981,0.18
Sierra Leone,1982,0.18
Sierra Leone,1983,0.18
Sierra Leone,1984,0.18
Sierra Leone,1985,0.18
Sierra Leone,1986,0.17
Sierra Leone,1987,0.17
Sierra Leone,1988,0.17
Sierra Leone,1989,0.17
Sierra Leone,1990,0.16
Sierra Leone,1991,0.08
Sierra Leone,1992,0.081
Sierra Leone,1993,0.09
Sierra Leone,1994,0.09
Sierra Leone,1995,0.09
Sierra Leone,1996,0.23
Sierra Leone,1997,0.16
Sierra Leone,1998,0.228
Sierra Leone,1999,0.24
Sierra Leone,2000,0.246
Sierra Leone,2001,0.246
Sierra Leone,2002,0.41
Sierra Leone,2003,0.428
Sierra Leone,2004,0.436
Sierra Leone,2005,0.4
Sierra Leone,2006,0.363
Sierra Leone,2007,0.378
Sierra Leone,2008,0.354
Sierra Leone,2009,0.362
Sierra Leone,2010,0.371
Sierra Leone,2011,0.371
Sierra Leone,2012,0.371
Sierra Leone,2013,0.305
Sierra Leone,2014,0.305
Sierra Leone,2015,0.305
Sierra Leone,2016,0.301
Sierra Leone,2017,0.327
Sierra Leone,2018,0.446
Sierra Leone,2019,0.436
Sierra Leone,2020,0.539
Sierra Leone,2021,0.564
Sierra Leone,2022,0.567
Sierra Leone,2023,0.553
Sierra Leone,2024,0.558
Sierra Leone,2025,0.535
Spain,1951,0.435
Spain,1952,0.435
Spain,1953,0.435
Spain,1954,0.435
Spain,1955,0.435
Spain,1956,0.435
Spain,1957,0.435
Spain,1958,0.435
Spain,1959,0.435
Spain,1960,0.455
Spain,1961,0.455
Spain,1962,0.455
Spain,1963,0.455
Spain,1964,0.455
Spain,1965,0.455
Spain,1966,0.455
Spain,1967,0.455
Spain,1968,0.455
Spain,1969,0.455
Spain,1970,0.458
Spain,1971,0.458
Spain,1972,0.458
Spain,1973,0.475
Spain,1974,0.485
Spain,1975,0.536
Spain,1976,0.579
Spain,1977,0.784
Spain,1978,0.975
Spain,1979,0.987
Spain,1980,0.987
Spain,1981,0.987
Spain,1982,0.987
Spain,1983,0.987
Spain,1984,0.987
Spain,1985,0.987
Spain,1986,0.987
Spain,1987,0.987
Spain,1988,0.987
Spain,1989,0.987
Spain,1990,0.987
Spain,1991,0.987
Spain,1992,0.987
Spain,1993,0.987
Spain,1994,0.987
Spain,1995,0.987
Spain,1996,0.987
Spain,1997,0.987
Spain,1998,0.987
Spain,1999,0.987
Spain,2000,0.987
Spain,2001,0.987
Spain,2002,0.987
Spain,2003,0.987
Spain,2004,0.987
Spain,2005,0.987
Spain,2006,0.988
Spain,2007,0.988
Spain,2008,0.988
Spain,2009,0.988
Spain,2010,0.988
Spain,2011,0.985
Spain,2012,0.974
Spain,2013,0.969
Spain,2014,0.968
Spain,2015,0.967
Spain,2016,0.973
Spain,2017,0.97
Spain,2018,0.977
Spain,2019,0.983
Spain,2020,0.985
Spain,2021,0.981
Spain,2022,0.974
Spain,2023,0.966
Spain,2024,0.956
Spain,2025,0.947
Syria,1951,0.672
Syria,1952,0.559
Syria,1953,0.56
Syria,1954,0.598
Syria,1955,0.741
Syria,1956,0.741
Syria,1957,0.732
Syria,1958,0.642
Syria,1959,0.518
Syria,1960,0.508
Syria,1961,0.515
Syria,1962,0.645
Syria,1963,0.491
Syria,1964,0.336
Syria,1965,0.336
Syria,1966,0.336
Syria,1967,0.336
Syria,1968,0.336
Syria,1969,0.336
Syria,1970,0.115
Syria,1971,0.114
Syria,1972,0.117
Syria,1973,0.117
Syria,1974,0.117
Syria,1975,0.116
Syria,1976,0.117
Syria,1977,0.121
Syria,1978,0.12
Syria,1979,0.113
Syria,1980,0.081
Syria,1981,0.081
Syria,1982,0.087
Syria,1983,0.085
Syria,1984,0.085
Syria,1985,0.085
Syria,1986,0.085
Syria,1987,0.078
Syria,1988,0.078
Syria,1989,0.078
Syria,1990,0.088
Syria,1991,0.088
Syria,1992,0.088
Syria,1993,0.093
Syria,1994,0.089
Syria,1995,0.089
Syria,1996,0.089
Syria,1997,0.089
Syria,1998,0.089
Syria,1999,0.089
Syria,2000,0.093
Syria,2001,0.093
Syria,2002,0.093
Syria,2003,0.093
Syria,2004,0.093
Syria,2005,0.09
Syria,2006,0.096
Syria,2007,0.09
Syria,2008,0.09
Syria,2009,0.09
Syria,2010,0.094
Syria,2011,0.071
Syria,2012,0.045
Syria,2013,0.03
Syria,2014,0.03
Syria,2015,0.03
Syria,2016,0.028
Syria,2017,0.029
Syria,2018,0.03
Syria,2019,0.036
Syria,2020,0.044
Syria,2021,0.049
Syria,2022,0.047
Syria,2023,0.054
Syria,2024,0.144
Syria,2025,0.282
Tunisia,1951,0.207
Tunisia,1952,0.19
Tunisia,1953,0.19
Tunisia,1954,0.209
Tunisia,1955,0.214
Tunisia,1956,0.333
Tunisia,1957,0.342
Tunisia,1958,0.537
Tunisia,1959,0.548
Tunisia,1960,0.548
Tunisia,1961,0.548
Tunisia,1962,0.548
Tunisia,1963,0.54
Tunisia,1964,0.54
Tunisia,1965,0.54
Tunisia,1966,0.54
Tunisia,1967,0.54
Tunisia,1968,0.54
Tunisia,1969,0.535
Tunisia,1970,0.523
Tunisia,1971,0.523
Tunisia,1972,0.523
Tunisia,1973,0.523
Tunisia,1974,0.523
Tunisia,1975,0.523
Tunisia,1976,0.537
Tunisia,1977,0.537
Tunisia,1978,0.537
Tunisia,1979,0.537
Tunisia,1980,0.539
Tunisia,1981,0.539
Tunisia,1982,0.539
Tunisia,1983,0.539
Tunisia,1984,0.539
Tunisia,1985,0.539
Tunisia,1986,0.539
Tunisia,1987,0.512
Tunisia,1988,0.153
Tunisia,1989,0.153
Tunisia,1990,0.153
Tunisia,1991,0.153
Tunisia,1992,0.153
Tunisia,1993,0.153
Tunisia,1994,0.153
Tunisia,1995,0.153
Tunisia,1996,0.153
Tunisia,1997,0.153
Tunisia,1998,0.153
Tunisia,1999,0.153
Tunisia,2000,0.153
Tunisia,2001,0.153
Tunisia,2002,0.153
Tunisia,2003,0.153
Tunisia,2004,0.153
Tunisia,2005,0.153
Tunisia,2006,0.153
Tunisia,2007,0.153
Tunisia,2008,0.153
Tunisia,2009,0.153
Tunisia,2010,0.195
Tunisia,2011,0.765
Tunisia,2012,0.768
Tunisia,2013,0.762
Tunisia,2014,0.759
Tunisia,2015,0.786
Tunisia,2016,0.78
Tunisia,2017,0.807
Tunisia,2018,0.81
Tunisia,2019,0.82
Tunisia,2020,0.821
Tunisia,2021,0.768
Tunisia,2022,0.639
Tunisia,2023,0.57
Tunisia,2024,0.557
Tunisia,2025,0.596
Türkiye,1951,0.512
Türkiye,1952,0.512
Türkiye,1953,0.523
Türkiye,1954,0.535
Türkiye,1955,0.477
Türkiye,1956,0.477
Türkiye,1957,0.477
Türkiye,1958,0.477
Türkiye,1959,0.477
Türkiye,1960,0.518
Türkiye,1961,0.524
Türkiye,1962,0.67
Türkiye,1963,0.72
Türkiye,1964,0.717
Türkiye,1965,0.732
Türkiye,1966,0.705
Türkiye,1967,0.705
Türkiye,1968,0.705
Türkiye,1969,0.705
Türkiye,1970,0.675
Türkiye,1971,0.589
Türkiye,1972,0.574
Türkiye,1973,0.62
Türkiye,1974,0.682
Türkiye,1975,0.682
Türkiye,1976,0.688
Türkiye,1977,0.688
Türkiye,1978,0.678
Türkiye,1979,0.678
Türkiye,1980,0.603
Türkiye,1981,0.433
Türkiye,1982,0.433
Türkiye,1983,0.461
Türkiye,1984,0.636
Türkiye,1985,0.636
Türkiye,1986,0.617
Türkiye,1987,0.603
Türkiye,1988,0.603
Türkiye,1989,0.603
Türkiye,1990,0.648
Türkiye,1991,0.652
Türkiye,1992,0.652
Türkiye,1993,0.657
Türkiye,1994,0.657
Türkiye,1995,0.657
Türkiye,1996,0.66
Türkiye,1997,0.691
Türkiye,1998,0.686
Türkiye,1999,0.676
Türkiye,2000,0.686
Türkiye,2001,0.692
Türkiye,2002,0.738
Türkiye,2003,0.726
Türkiye,2004,0.712
Türkiye,2005,0.703
Türkiye,2006,0.698
Türkiye,2007,0.681
Türkiye,2008,0.647
Türkiye,2009,0.641
Türkiye,2010,0.528
Türkiye,2011,0.507
Türkiye,2012,0.493
Türkiye,2013,0.44
Türkiye,2014,0.386
Türkiye,2015,0.371
Türkiye,2016,0.234
Türkiye,2017,0.141
Türkiye,2018,0.133
Türkiye,2019,0.137
Türkiye,2020,0.132
Türkiye,2021,0.135
Türkiye,2022,0.13
Türkiye,2023,0.144
Türkiye,2024,0.169
Türkiye,2025,0.157
Ukraine,1990,0.454
Ukraine,1991,0.45
Ukraine,1992,0.303
Ukraine,1993,0.297
Ukraine,1994,0.266
Ukraine,1995,0.226
Ukraine,1996,0.209
Ukraine,1997,0.2
Ukraine,1998,0.182
Ukraine,1999,0.189
Ukraine,2000,0.217
Ukraine,2001,0.216
Ukraine,2002,0.227
Ukraine,2003,0.214
Ukraine,2004,0.239
Ukraine,2005,0.235
Ukraine,2006,0.25
Ukraine,2007,0.28
Ukraine,2008,0.274
Ukraine,2009,0.25
Ukraine,2010,0.186
Ukraine,2011,0.195
Ukraine,2012,0.193
Ukraine,2013,0.202
Ukraine,2014,0.194
Ukraine,2015,0.223
Ukraine,2016,0.251
Ukraine,2017,0.277
Ukraine,2018,0.306
Ukraine,2019,0.351
Ukraine,2020,0.334
Ukraine,2021,0.358
Ukraine,2022,0.384
Ukraine,2023,0.411
Ukraine,2024,0.389
Ukraine,2025,0.387
United Kingdom,1951,0.974
United Kingdom,1952,0.974
United Kingdom,1953,0.974
United Kingdom,1954,0.974
United Kingdom,1955,0.974
United Kingdom,1956,0.974
United Kingdom,1957,0.974
United Kingdom,1958,0.974
United Kingdom,1959,0.974
United Kingdom,1960,0.975
United Kingdom,1961,0.975
United Kingdom,1962,0.975
United Kingdom,1963,0.975
United Kingdom,1964,0.975
United Kingdom,1965,0.975
United Kingdom,1966,0.975
United Kingdom,1967,0.975
United Kingdom,1968,0.975
United Kingdom,1969,0.978
United Kingdom,1970,0.979
United Kingdom,1971,0.979
United Kingdom,1972,0.979
United Kingdom,1973,0.979
United Kingdom,1974,0.979
United Kingdom,1975,0.979
United Kingdom,1976,0.979
United Kingdom,1977,0.979
United Kingdom,1978,0.979
United Kingdom,1979,0.979
United Kingdom,1980,0.979
United Kingdom,1981,0.979
United Kingdom,1982,0.979
United Kingdom,1983,0.979
United Kingdom,1984,0.979
United Kingdom,1985,0.979
United Kingdom,1986,0.979
United Kingdom,1987,0.979
United Kingdom,1988,0.979
United Kingdom,1989,0.979
United Kingdom,1990,0.979
United Kingdom,1991,0.979
United Kingdom,1992,0.979
United Kingdom,1993,0.979
United Kingdom,1994,0.982
United Kingdom,1995,0.982
United Kingdom,1996,0.982
United Kingdom,1997,0.982
United Kingdom,1998,0.98
United Kingdom,1999,0.98
United Kingdom,2000,0.98
United Kingdom,2001,0.977
United Kingdom,2002,0.977
United Kingdom,2003,0.977
United Kingdom,2004,0.977
United Kingdom,2005,0.977
United Kingdom,2006,0.977
United Kingdom,2007,0.976
United Kingdom,2008,0.976
United Kingdom,2009,0.976
United Kingdom,2010,0.976
United Kingdom,2011,0.976
United Kingdom,2012,0.976
United Kingdom,2013,0.977
United Kingdom,2014,0.977
United Kingdom,2015,0.977
United Kingdom,2016,0.977
United Kingdom,2017,0.981
United Kingdom,2018,0.98
United Kingdom,2019,0.974
United Kingdom,2020,0.969
United Kingdom,2021,0.962
United Kingdom,2022,0.963
United Kingdom,2023,0.956
United Kingdom,2024,0.957
United Kingdom,2025,0.955
Uruguay,1951,0.883
Uruguay,1952,0.883
Uruguay,1953,0.889
Uruguay,1954,0.889
Uruguay,1955,0.889
Uruguay,1956,0.889
Uruguay,1957,0.889
Uruguay,1958,0.889
Uruguay,1959,0.889
Uruguay,1960,0.883
Uruguay,1961,0.883
Uruguay,1962,0.883
Uruguay,1963,0.883
Uruguay,1964,0.883
Uruguay,1965,0.883
Uruguay,1966,0.883
Uruguay,1967,0.871
Uruguay,1968,0.807
Uruguay,1969,0.807
Uruguay,1970,0.774
Uruguay,1971,0.774
Uruguay,1972,0.723
Uruguay,1973,0.426
Uruguay,1974,0.325
Uruguay,1975,0.325
Uruguay,1976,0.325
Uruguay,1977,0.32
Uruguay,1978,0.32
Uruguay,1979,0.32
Uruguay,1980,0.32
Uruguay,1981,0.32
Uruguay,1982,0.32
Uruguay,1983,0.32
Uruguay,1984,0.326
Uruguay,1985,0.921
Uruguay,1986,0.937
Uruguay,1987,0.952
Uruguay,1988,0.952
Uruguay,1989,0.952
Uruguay,1990,0.955
Uruguay,1991,0.955
Uruguay,1992,0.955
Uruguay,1993,0.955
Uruguay,1994,0.955
Uruguay,1995,0.959
Uruguay,1996,0.959
Uruguay,1997,0.956
Uruguay,1998,0.96
Uruguay,1999,0.96
Uruguay,2000,0.955
Uruguay,2001,0.961
Uruguay,2002,0.961
Uruguay,2003,0.949
Uruguay,2004,0.962
Uruguay,2005,0.965
Uruguay,2006,0.965
Uruguay,2007,0.965
Uruguay,2008,0.964
Uruguay,2009,0.964
Uruguay,2010,0.963
Uruguay,2011,0.963
Uruguay,2012,0.963
Uruguay,2013,0.957
Uruguay,2014,0.96
Uruguay,2015,0.965
Uruguay,2016,0.965
Uruguay,2017,0.965
Uruguay,2018,0.967
Uruguay,2019,0.967
Uruguay,2020,0.961
Uruguay,2021,0.948
Uruguay,2022,0.934
Uruguay,2023,0.938
Uruguay,2024,0.945
Uruguay,2025,0.945
Algeria,1951,0.329
Algeria,1952,0.329
Algeria,1953,0.329
Algeria,1954,0.329
Algeria,1955,0.319
Algeria,1956,0.319
Algeria,1957,0.319
Algeria,1958,0.319
Algeria,1959,0.319
Algeria,1960,0.319
Algeria,1961,0.319
Algeria,1962,0.354
Algeria,1963,0.438
Algeria,1964,0.455
Algeria,1965,0.464
Algeria,1966,0.464
Algeria,1967,0.464
Algeria,1968,0.464
Algeria,1969,0.464
Algeria,1970,0.464
Algeria,1971,0.464
Algeria,1972,0.464
Algeria,1973,0.464
Algeria,1974,0.464
Algeria,1975,0.464
Algeria,1976,0.464
Algeria,1977,0.464
Algeria,1978,0.427
Algeria,1979,0.392
Algeria,1980,0.362
Algeria,1981,0.362
Algeria,1982,0.362
Algeria,1983,0.362
Algeria,1984,0.362
Algeria,1985,0.362
Algeria,1986,0.362
Algeria,1987,0.362
Algeria,1988,0.38
Algeria,1989,0.385
Algeria,1990,0.389
Algeria,1991,0.357
Algeria,1992,0.333
Algeria,1993,0.326
Algeria,1994,0.326
Algeria,1995,0.326
Algeria,1996,0.326
Algeria,1997,0.326
Algeria,1998,0.326
Algeria,1999,0.312
Algeria,2000,0.255
Algeria,2001,0.255
Algeria,2002,0.255
Algeria,2003,0.255
Algeria,2004,0.255
Algeria,2005,0.25
Algeria,2006,0.25
Algeria,2007,0.25
Algeria,2008,0.25
Algeria,2009,0.25
Algeria,2010,0.252
Algeria,2011,0.252
Algeria,2012,0.265
Algeria,2013,0.265
Algeria,2014,0.271
Algeria,2015,0.271
Algeria,2016,0.294
Algeria,2017,0.252
Algeria,2018,0.256
Algeria,2019,0.229
Algeria,2020,0.252
Algeria,2021,0.245
Algeria,2022,0.236
Algeria,2023,0.245
Algeria,2024,0.249
Algeria,2025,0.25
Angola,1951,0.28
Angola,1952,0.28
Angola,1953,0.28
Angola,1954,0.28
Angola,1955,0.28
Angola,1956,0.28
Angola,1957,0.28
Angola,1958,0.28
Angola,1959,0.28
Angola,1960,0.28
Angola,1961,0.28
Angola,1962,0.28
Angola,1963,0.28
Angola,1964,0.28
Angola,1965,0.28
Angola,1966,0.28
Angola,1967,0.28
Angola,1968,0.28
Angola,1969,0.298
Angola,1970,0.298
Angola,1971,0.298
Angola,1972,0.298
Angola,1973,0.298
Angola,1974,0.298
Angola,1975,0.224
Angola,1976,0.237
Angola,1977,0.237
Angola,1978,0.231
Angola,1979,0.228
Angola,1980,0.203
Angola,1981,0.203
Angola,1982,0.202
Angola,1983,0.202
Angola,1984,0.202
Angola,1985,0.202
Angola,1986,0.202
Angola,1987,0.189
Angola,1988,0.182
Angola,1989,0.182
Angola,1990,0.208
Angola,1991,0.215
Angola,1992,0.186
Angola,1993,0.173
Angola,1994,0.173
Angola,1995,0.173
Angola,1996,0.173
Angola,1997,0.173
Angola,1998,0.173
Angola,1999,0.173
Angola,2000,0.175
Angola,2001,0.175
Angola,2002,0.147
Angola,2003,0.124
Angola,2004,0.124
Angola,2005,0.124
Angola,2006,0.124
Angola,2007,0.124
Angola,2008,0.125
Angola,2009,0.128
Angola,2010,0.129
Angola,2011,0.129
Angola,2012,0.129
Angola,2013,0.128
Angola,2014,0.128
Angola,2015,0.128
Angola,2016,0.128
Angola,2017,0.25
Angola,2018,0.324
Angola,2019,0.336
Angola,2020,0.339
Angola,2021,0.363
Angola,2022,0.376
Angola,2023,0.392
Angola,2024,0.392
Angola,2025,0.381
Armenia,1990,0.584
Armenia,1991,0.508
Armenia,1992,0.501
Armenia,1993,0.476
Armenia,1994,0.476
Armenia,1995,0.454
Armenia,1996,0.367
Armenia,1997,0.355
Armenia,1998,0.263
Armenia,1999,0.282
Armenia,2000,0.26
Armenia,2001,0.217
Armenia,2002,0.218
Armenia,2003,0.234
Armenia,2004,0.224
Armenia,2005,0.221
Armenia,2006,0.221
Armenia,2007,0.221
Armenia,2008,0.225
Armenia,2009,0.23
Armenia,2010,0.228
Armenia,2011,0.226
Armenia,2012,0.234
Armenia,2013,0.248
Armenia,2014,0.239
Armenia,2015,0.237
Armenia,2016,0.247
Armenia,2017,0.266
Armenia,2018,0.677
Armenia,2019,0.774
Armenia,2020,0.699
Armenia,2021,0.718
Armenia,2022,0.631
Armenia,2023,0.621
Armenia,2024,0.597
Armenia,2025,0.453
Azerbaijan,1990,0.255
Azerbaijan,1991,0.255
Azerbaijan,1992,0.422
Azerbaijan,1993,0.176
Azerbaijan,1994,0.048
Azerbaijan,1995,0.048
Azerbaijan,1996,0.048
Azerbaijan,1997,0.048
Azerbaijan,1998,0.044
Azerbaijan,1999,0.044
Azerbaijan,2000,0.041
Azerbaijan,2001,0.041
Azerbaijan,2002,0.041
Azerbaijan,2003,0.041
Azerbaijan,2004,0.042
Azerbaijan,2005,0.042
Azerbaijan,2006,0.042
Azerbaijan,2007,0.042
Azerbaijan,2008,0.044
Azerbaijan,2009,0.043
Azerbaijan,2010,0.043
Azerbaijan,2011,0.043
Azerbaijan,2012,0.045
Azerbaijan,2013,0.031
Azerbaijan,2014,0.031
Azerbaijan,2015,0.031
Azerbaijan,2016,0.032
Azerbaijan,2017,0.038
Azerbaijan,2018,0.029
Azerbaijan,2019,0.04
Azerbaijan,2020,0.042
Azerbaijan,2021,0.057
Azerbaijan,2022,0.063
Azerbaijan,2023,0.056
Azerbaijan,2024,0.047
Azerbaijan,2025,0.053
Belarus,1990,0.58
Belarus,1991,0.576
Belarus,1992,0.632
Belarus,1993,0.634
Belarus,1994,0.524
Belarus,1995,0.491
Belarus,1996,0.298
Belarus,1997,0.25
Belarus,1998,0.253
Belarus,1999,0.266
Belarus,2000,0.262
Belarus,2001,0.278
Belarus,2002,0.272
Belarus,2003,0.272
Belarus,2004,0.251
Belarus,2005,0.251
Belarus,2006,0.251
Belarus,2007,0.261
Belarus,2008,0.261
Belarus,2009,0.261
Belarus,2010,0.261
Belarus,2011,0.26
Belarus,2012,0.27
Belarus,2013,0.251
Belarus,2014,0.251
Belarus,2015,0.251
Belarus,2016,0.275
Belarus,2017,0.272
Belarus,2018,0.279
Belarus,2019,0.288
Belarus,2020,0.133
Belarus,2021,0.095
Belarus,2022,0.1
Belarus,2023,0.086
Belarus,2024,0.095
Belarus,2025,0.116
Cameroon,1961,0.242
Cameroon,1962,0.242
Cameroon,1963,0.242
Cameroon,1964,0.242
Cameroon,1965,0.242
Cameroon,1966,0.242
Cameroon,1967,0.242
Cameroon,1968,0.242
Cameroon,1969,0.242
Cameroon,1970,0.242
Cameroon,1971,0.242
Cameroon,1972,0.24
Cameroon,1973,0.231
Cameroon,1974,0.227
Cameroon,1975,0.227
Cameroon,1976,0.227
Cameroon,1977,0.227
Cameroon,1978,0.227
Cameroon,1979,0.224
Cameroon,1980,0.197
Cameroon,1981,0.188
Cameroon,1982,0.181
Cameroon,1983,0.179
Cameroon,1984,0.185
Cameroon,1985,0.168
Cameroon,1986,0.161
Cameroon,1987,0.158
Cameroon,1988,0.158
Cameroon,1989,0.158
Cameroon,1990,0.139
Cameroon,1991,0.127
Cameroon,1992,0.127
Cameroon,1993,0.103
Cameroon,1994,0.103
Cameroon,1995,0.104
Cameroon,1996,0.102
Cameroon,1997,0.105
Cameroon,1998,0.104
Cameroon,1999,0.104
Cameroon,2000,0.104
Cameroon,2001,0.104
Cameroon,2002,0.104
Cameroon,2003,0.104
Cameroon,2004,0.104
Cameroon,2005,0.102
Cameroon,2006,0.102
Cameroon,2007,0.1
Cameroon,2008,0.1
Cameroon,2009,0.099
Cameroon,2010,0.099
Cameroon,2011,0.104
Cameroon,2012,0.102
Cameroon,2013,0.098
Cameroon,2014,0.098
Cameroon,2015,0.097
Cameroon,2016,0.08
Cameroon,2017,0.082
Cameroon,2018,0.077
Cameroon,2019,0.072
Cameroon,2020,0.087
Cameroon,2021,0.095
Cameroon,2022,0.113
Cameroon,2023,0.077
Cameroon,2024,0.094
Cameroon,2025,0.086
Chad,1951,0.391
Chad,1952,0.391
Chad,1953,0.391
Chad,1954,0.391
Chad,1955,0.391
Chad,1956,0.391
Chad,1957,0.391
Chad,1958,0.391
Chad,1959,0.391
Chad,1960,0.276
Chad,1961,0.276
Chad,1962,0.276
Chad,1963,0.276
Chad,1964,0.274
Chad,1965,0.274
Chad,1966,0.274
Chad,1967,0.274
Chad,1968,0.274
Chad,1969,0.274
Chad,1970,0.27
Chad,1971,0.27
Chad,1972,0.27
Chad,1973,0.27
Chad,1974,0.27
Chad,1975,0.219
Chad,1976,0.203
Chad,1977,0.203
Chad,1978,0.203
Chad,1979,0.203
Chad,1980,0.119
Chad,1981,0.119
Chad,1982,0.105
Chad,1983,0.111
Chad,1984,0.111
Chad,1985,0.111
Chad,1986,0.111
Chad,1987,0.111
Chad,1988,0.111
Chad,1989,0.111
Chad,1990,0.092
Chad,1991,0.061
Chad,1992,0.061
Chad,1993,0.061
Chad,1994,0.061
Chad,1995,0.061
Chad,1996,0.061
Chad,1997,0.061
Chad,1998,0.061
Chad,1999,0.061
Chad,2000,0.061
Chad,2001,0.061
Chad,2002,0.061
Chad,2003,0.061
Chad,2004,0.061
Chad,2005,0.061
Chad,2006,0.062
Chad,2007,0.063
Chad,2008,0.063
Chad,2009,0.06
Chad,2010,0.059
Chad,2011,0.059
Chad,2012,0.059
Chad,2013,0.047
Chad,2014,0.048
Chad,2015,0.048
Chad,2016,0.048
Chad,2017,0.053
Chad,2018,0.05
Chad,2019,0.051
Chad,2020,0.055
Chad,2021,0.033
Chad,2022,0.032
Chad,2023,0.032
Chad,2024,0.016
Chad,2025,0.016
China,1951,0.352
China,1952,0.352
China,1953,0.352
China,1954,0.352
China,1955,0.355
China,1956,0.351
China,1957,0.313
China,1958,0.302
China,1959,0.302
China,1960,0.296
China,1961,0.296
China,1962,0.312
China,1963,0.312
China,1964,0.312
China,1965,0.305
China,1966,0.281
China,1967,0.268
China,1968,0.268
China,1969,0.268
China,1970,0.268
China,1971,0.268
China,1972,0.268
China,1973,0.268
China,1974,0.268
China,1975,0.268
China,1976,0.268
China,1977,0.289
China,1978,0.318
China,1979,0.359
China,1980,0.349
China,1981,0.337
China,1982,0.337
China,1983,0.329
China,1984,0.329
China,1985,0.329
China,1986,0.327
China,1987,0.327
China,1988,0.327
China,1989,0.327
China,1990,0.318
China,1991,0.318
China,1992,0.316
China,1993,0.309
China,1994,0.304
China,1995,0.304
China,1996,0.301
China,1997,0.304
China,1998,0.304
China,1999,0.304
China,2000,0.304
China,2001,0.305
China,2002,0.311
China,2003,0.311
China,2004,0.312
China,2005,0.243
China,2006,0.243
China,2007,0.243
China,2008,0.244
China,2009,0.246
China,2010,0.244
China,2011,0.246
China,2012,0.249
China,2013,0.263
China,2014,0.272
China,2015,0.261
China,2016,0.261
China,2017,0.253
China,2018,0.261
China,2019,0.264
China,2020,0.238
China,2021,0.236
China,2022,0.234
China,2023,0.232
China,2024,0.212
China,2025,0.209
Democratic Republic of the Congo,1951,0.345
Democratic Republic of the Congo,1952,0.345
Democratic Republic of the Congo,1953,0.345
Democratic Republic of the Congo,1954,0.345
Democratic Republic of the Congo,1955,0.345
Democratic Republic of the Congo,1956,0.345
Democratic Republic of the Congo,1957,0.345
Democratic Republic of the Congo,1958,0.345
Democratic Republic of the Congo,1959,0.345
Democratic Republic of the Congo,1960,0.267
Democratic Republic of the Congo,1961,0.28
Democratic Republic of the Congo,1962,0.286
Democratic Republic of the Congo,1963,0.286
Democratic Republic of the Congo,1964,0.288
Democratic Republic of the Congo,1965,0.224
Democratic Republic of the Congo,1966,0.149
Democratic Republic of the Congo,1967,0.116
Democratic Republic of the Congo,1968,0.112
Democratic Republic of the Congo,1969,0.112
Democratic Republic of the Congo,1970,0.081
Democratic Republic of the Congo,1971,0.072
Democratic Republic of the Congo,1972,0.071
Democratic Republic of the Congo,1973,0.071
Democratic Republic of the Congo,1974,0.05
Democratic Republic of the Congo,1975,0.045
Democratic Republic of the Congo,1976,0.045
Democratic Republic of the Congo,1977,0.037
Democratic Republic of the Congo,1978,0.037
Democratic Republic of the Congo,1979,0.037
Democratic Republic of the Congo,1980,0.032
Democratic Republic of the Congo,1981,0.032
Democratic Republic of the Congo,1982,0.032
Democratic Republic of the Congo,1983,0.032
Democratic Republic of the Congo,1984,0.032
Democratic Republic of the Congo,1985,0.032
Democratic Republic of the Congo,1986,0.032
Democratic Republic of the Congo,1987,0.032
Democratic Republic of the Congo,1988,0.032
Democratic Republic of the Congo,1989,0.032
Democratic Republic of the Congo,1990,0.048
Democratic Republic of the Congo,1991,0.048
Democratic Republic of the Congo,1992,0.048
Democratic Republic of the Congo,1993,0.048
Democratic Republic of the Congo,1994,0.048
Democratic Republic of the Congo,1995,0.048
Democratic Republic of the Congo,1996,0.047
Democratic Republic of the Congo,1997,0.038
Democratic Republic of the Congo,1998,0.049
Democratic Republic of the Congo,1999,0.057
Democratic Republic of the Congo,2000,0.084
Democratic Republic of the Congo,2001,0.083
Democratic Republic of the Congo,2002,0.083
Democratic Republic of the Congo,2003,0.089
Democratic Republic of the Congo,2004,0.088
Democratic Republic of the Congo,2005,0.088
Democratic Republic of the Congo,2006,0.097
Democratic Republic of the Congo,2007,0.094
Democratic Republic of the Congo,2008,0.094
Democratic Republic of the Congo,2009,0.101
Democratic Republic of the Congo,2010,0.101
Democratic Republic of the Congo,2011,0.101
Democratic Republic of the Congo,2012,0.106
Democratic Republic of the Congo,2013,0.084
Democratic Republic of the Congo,2014,0.084
Democratic Republic of the Congo,2015,0.073
Democratic Republic of the Congo,2016,0.073
Democratic Republic of the Congo,2017,0.062
Democratic Republic of the Congo,2018,0.075
Democratic Republic of the Congo,2019,0.114
Democratic Republic of the Congo,2020,0.157
Democratic Republic of the Congo,2021,0.111
Democratic Republic of the Congo,2022,0.104
Democratic Republic of the Congo,2023,0.113
Democratic Republic of the Congo,2024,0.133
Democratic Republic of the Congo,2025,0.108
Republic of the Congo,1951,0.281
Republic of the Congo,1952,0.281
Republic of the Congo,1953,0.281
Republic of the Congo,1954,0.281
Republic of the Congo,1955,0.281
Republic of the Congo,1956,0.273
Republic of the Congo,1957,0.278
Republic of the Congo,1958,0.283
Republic of the Congo,1959,0.283
Republic of the Congo,1960,0.416
Republic of the Congo,1961,0.415
Republic of the Congo,1962,0.415
Republic of the Congo,1963,0.373
Republic of the Congo,1964,0.366
Republic of the Congo,1965,0.366
Republic of the Congo,1966,0.366
Republic of the Congo,1967,0.366
Republic of the Congo,1968,0.078
Republic of the Congo,1969,0.076
Republic of the Congo,1970,0.076
Republic of the Congo,1971,0.076
Republic of the Congo,1972,0.076
Republic of the Congo,1973,0.074
Republic of the Congo,1974,0.074
Republic of the Congo,1975,0.073
Republic of the Congo,1976,0.073
Republic of the Congo,1977,0.073
Republic of the Congo,1978,0.062
Republic of the Congo,1979,0.056
Republic of the Congo,1980,0.056
Republic of the Congo,1981,0.056
Republic of the Congo,1982,0.059
Republic of the Congo,1983,0.059
Republic of the Congo,1984,0.059
Republic of the Congo,1985,0.059
Republic of the Congo,1986,0.059
Republic of the Congo,1987,0.059
Republic of the Congo,1988,0.059
Republic of the Congo,1989,0.059
Republic of the Congo,1990,0.084
Republic of the Congo,1991,0.425
Republic of the Congo,1992,0.461
Republic of the Congo,1993,0.463
Republic of the Congo,1994,0.463
Republic of the Congo,1995,0.463
Republic of the Congo,1996,0.463
Republic of the Congo,1997,0.134
Republic of the Congo,1998,0.137
Republic of the Congo,1999,0.146
Republic of the Congo,2000,0.146
Republic of the Congo,2001,0.146
Republic of the Congo,2002,0.146
Republic of the Congo,2003,0.146
Republic of the Congo,2004,0.146
Republic of the Congo,2005,0.146
Republic of the Congo,2006,0.146
Republic of the Congo,2007,0.146
Republic of the Congo,2008,0.146
Republic of the Congo,2009,0.144
Republic of the Congo,2010,0.14
Republic of the Congo,2011,0.14
Republic of the Congo,2012,0.14
Republic of the Congo,2013,0.152
Republic of the Congo,2014,0.152
Republic of the Congo,2015,0.152
Republic of the Congo,2016,0.152
Republic of the Congo,2017,0.151
Republic of the Congo,2018,0.168
Republic of the Congo,2019,0.154
Republic of the Congo,2020,0.194
Republic of the Congo,2021,0.192
Republic of the Congo,2022,0.184
Republic of the Congo,2023,0.199
Republic of the Congo,2024,0.192
Republic of the Congo,2025,0.182
Djibouti,1951,0.149
Djibouti,1952,0.149
Djibouti,1953,0.149
Djibouti,1954,0.149
Djibouti,1955,0.149
Djibouti,1956,0.149
Djibouti,1957,0.149
Djibouti,1958,0.146
Djibouti,1959,0.146
Djibouti,1960,0.146
Djibouti,1961,0.146
Djibouti,1962,0.146
Djibouti,1963,0.146
Djibouti,1964,0.146
Djibouti,1965,0.146
Djibouti,1966,0.146
Djibouti,1967,0.146
Djibouti,1968,0.145
Djibouti,1969,0.145
Djibouti,1970,0.159
Djibouti,1971,0.12
Djibouti,1972,0.12
Djibouti,1973,0.12
Djibouti,1974,0.117
Djibouti,1975,0.117
Djibouti,1976,0.117
Djibouti,1977,0.231
Djibouti,1978,0.219
Djibouti,1979,0.219
Djibouti,1980,0.219
Djibouti,1981,0.219
Djibouti,1982,0.219
Djibouti,1983,0.219
Djibouti,1984,0.219
Djibouti,1985,0.219
Djibouti,1986,0.219
Djibouti,1987,0.219
Djibouti,1988,0.219
Djibouti,1989,0.219
Djibouti,1990,0.222
Djibouti,1991,0.213
Djibouti,1992,0.265
Djibouti,1993,0.265
Djibouti,1994,0.265
Djibouti,1995,0.265
Djibouti,1996,0.265
Djibouti,1997,0.266
Djibouti,1998,0.287
Djibouti,1999,0.287
Djibouti,2000,0.29
Djibouti,2001,0.29
Djibouti,2002,0.29
Djibouti,2003,0.297
Djibouti,2004,0.297
Djibouti,2005,0.297
Djibouti,2006,0.297
Djibouti,2007,0.297
Djibouti,2008,0.297
Djibouti,2009,0.297
Djibouti,2010,0.297
Djibouti,2011,0.297
Djibouti,2012,0.297
Djibouti,2013,0.297
Djibouti,2014,0.297
Djibouti,2015,0.297
Djibouti,2016,0.297
Djibouti,2017,0.297
Djibouti,2018,0.291
Djibouti,2019,0.321
Djibouti,2020,0.321
Djibouti,2021,0.309
Djibouti,2022,0.309
Djibouti,2023,0.309
Djibouti,2024,0.309
Djibouti,2025,0.295
Dominican Republic,1951,0.051
Dominican Republic,1952,0.051
Dominican Republic,1953,0.051
Dominican Republic,1954,0.051
Dominican Republic,1955,0.051
Dominican Republic,1956,0.051
Dominican Republic,1957,0.051
Dominican Republic,1958,0.051
Dominican Republic,1959,0.051
Dominican Republic,1960,0.054
Dominican Republic,1961,0.054
Dominican Republic,1962,0.134
Dominican Republic,1963,0.4
Dominican Republic,1964,0.131
Dominican Republic,1965,0.131
Dominican Republic,1966,0.111
Dominican Republic,1967,0.121
Dominican Republic,1968,0.121
Dominican Republic,1969,0.121
Dominican Republic,1970,0.118
Dominican Republic,1971,0.118
Dominican Republic,1972,0.118
Dominican Republic,1973,0.124
Dominican Republic,1974,0.119
Dominican Republic,1975,0.119
Dominican Republic,1976,0.119
Dominican Republic,1977,0.123
Dominican Republic,1978,0.176
Dominican Republic,1979,0.323
Dominican Republic,1980,0.307
Dominican Republic,1981,0.307
Dominican Republic,1982,0.307
Dominican Republic,1983,0.277
Dominican Republic,1984,0.277
Dominican Republic,1985,0.277
Dominican Republic,1986,0.277
Dominican Republic,1987,0.243
Dominican Republic,1988,0.232
Dominican Republic,1989,0.232
Dominican Republic,1990,0.229
Dominican Republic,1991,0.229
Dominican Republic,1992,0.229
Dominican Republic,1993,0.209
Dominican Republic,1994,0.202
Dominican Republic,1995,0.202
Dominican Republic,1996,0.288
Dominican Republic,1997,0.392
Dominican Republic,1998,0.394
Dominican Republic,1999,0.394
Dominican Republic,2000,0.387
Dominican Republic,2001,0.387
Dominican Republic,2002,0.38
Dominican Republic,2003,0.357
Dominican Republic,2004,0.362
Dominican Republic,2005,0.362
Dominican Republic,2006,0.362
Dominican Republic,2007,0.362
Dominican Republic,2008,0.362
Dominican Republic,2009,0.362
Dominican Republic,2010,0.359
Dominican Republic,2011,0.362
Dominican Republic,2012,0.369
Dominican Republic,2013,0.377
Dominican Republic,2014,0.373
Dominican Republic,2015,0.374
Dominican Republic,2016,0.375
Dominican Republic,2017,0.364
Dominican Republic,2018,0.342
Dominican Republic,2019,0.325
Dominican Republic,2020,0.588
Dominican Republic,2021,0.597
Dominican Republic,2022,0.587
Dominican Republic,2023,0.566
Dominican Republic,2024,0.587
Dominican Republic,2025,0.564
Eritrea,1951,0.51
Eritrea,1952,0.327
Eritrea,1953,0.237
Eritrea,1954,0.237
Eritrea,1955,0.237
Eritrea,1956,0.237
Eritrea,1957,0.237
Eritrea,1958,0.237
Eritrea,1959,0.237
Eritrea,1960,0.176
Eritrea,1961,0.168
Eritrea,1962,0.149
Eritrea,1963,0.12
Eritrea,1964,0.12
Eritrea,1965,0.12
Eritrea,1966,0.12
Eritrea,1967,0.115
Eritrea,1968,0.115
Eritrea,1969,0.115
Eritrea,1970,0.101
Eritrea,1971,0.101
Eritrea,1972,0.101
Eritrea,1973,0.1
Eritrea,1974,0.055
Eritrea,1975,0.036
Eritrea,1976,0.036
Eritrea,1977,0.036
Eritrea,1978,0.036
Eritrea,1979,0.036
Eritrea,1980,0.034
Eritrea,1981,0.034
Eritrea,1982,0.034
Eritrea,1983,0.034
Eritrea,1984,0.034
Eritrea,1985,0.034
Eritrea,1986,0.034
Eritrea,1987,0.034
Eritrea,1988,0.034
Eritrea,1989,0.034
Eritrea,1990,0.061
Eritrea,1991,0.21
Eritrea,1992,0.236
Eritrea,1993,0.223
Eritrea,1994,0.223
Eritrea,1995,0.223
Eritrea,1996,0.223
Eritrea,1997,0.223
Eritrea,1998,0.2
Eritrea,1999,0.2
Eritrea,2000,0.176
Eritrea,2001,0.103
Eritrea,2002,0.044
Eritrea,2003,0.044
Eritrea,2004,0.044
Eritrea,2005,0.044
Eritrea,2006,0.044
Eritrea,2007,0.044
Eritrea,2008,0.044
Eritrea,2009,0.044
Eritrea,2010,0.044
Eritrea,2011,0.046
Eritrea,2012,0.04
Eritrea,2013,0.051
Eritrea,2014,0.051
Eritrea,2015,0.051
Eritrea,2016,0.041
Eritrea,2017,0.053
Eritrea,2018,0.054
Eritrea,2019,0.078
Eritrea,2020,0.088
Eritrea,2021,0.089
Eritrea,2022,0.106
Eritrea,2023,0.086
Eritrea,2024,0.069
Eritrea,2025,0.064
Gabon,1951,0.24
Gabon,1952,0.24
Gabon,1953,0.24
Gabon,1954,0.24
Gabon,1955,0.24
Gabon,1956,0.24
Gabon,1957,0.24
Gabon,1958,0.262
Gabon,1959,0.262
Gabon,1960,0.269
Gabon,1961,0.257
Gabon,1962,0.257
Gabon,1963,0.257
Gabon,1964,0.257
Gabon,1965,0.257
Gabon,1966,0.257
Gabon,1967,0.241
Gabon,1968,0.249
Gabon,1969,0.249
Gabon,1970,0.216
Gabon,1971,0.216
Gabon,1972,0.216
Gabon,1973,0.216
Gabon,1974,0.216
Gabon,1975,0.216
Gabon,1976,0.216
Gabon,1977,0.216
Gabon,1978,0.216
Gabon,1979,0.216
Gabon,1980,0.216
Gabon,1981,0.216
Gabon,1982,0.216
Gabon,1983,0.216
Gabon,1984,0.216
Gabon,1985,0.216
Gabon,1986,0.216
Gabon,1987,0.216
Gabon,1988,0.216
Gabon,1989,0.216
Gabon,1990,0.319
Gabon,1991,0.312
Gabon,1992,0.312
Gabon,1993,0.312
Gabon,1994,0.312
Gabon,1995,0.312
Gabon,1996,0.312
Gabon,1997,0.312
Gabon,1998,0.312
Gabon,1999,0.312
Gabon,2000,0.307
Gabon,2001,0.307
Gabon,2002,0.307
Gabon,2003,0.307
Gabon,2004,0.307
Gabon,2005,0.307
Gabon,2006,0.307
Gabon,2007,0.307
Gabon,2008,0.307
Gabon,2009,0.307
Gabon,2010,0.284
Gabon,2011,0.284
Gabon,2012,0.276
Gabon,2013,0.4
Gabon,2014,0.4
Gabon,2015,0.4
Gabon,2016,0.4
Gabon,2017,0.348
Gabon,2018,0.339
Gabon,2019,0.296
Gabon,2020,0.331
Gabon,2021,0.345
Gabon,2022,0.349
Gabon,2023,0.366
Gabon,2024,0.409
Gabon,2025,0.416
The Gambia,1951,0.76
The Gambia,1952,0.76
The Gambia,1953,0.76
The Gambia,1954,0.76
The Gambia,1955,0.76
The Gambia,1956,0.765
The Gambia,1957,0.765
The Gambia,1958,0.765
The Gambia,1959,0.765
The Gambia,1960,0.768
The Gambia,1961,0.8
The Gambia,1962,0.8
The Gambia,1963,0.8
The Gambia,1964,0.802
The Gambia,1965,0.778
The Gambia,1966,0.78
The Gambia,1967,0.78
The Gambia,1968,0.78
The Gambia,1969,0.78
The Gambia,1970,0.734
The Gambia,1971,0.743
The Gambia,1972,0.737
The Gambia,1973,0.737
The Gambia,1974,0.737
The Gambia,1975,0.737
The Gambia,1976,0.72
The Gambia,1977,0.688
The Gambia,1978,0.688
The Gambia,1979,0.688
The Gambia,1980,0.688
The Gambia,1981,0.649
The Gambia,1982,0.649
The Gambia,1983,0.645
The Gambia,1984,0.645
The Gambia,1985,0.662
The Gambia,1986,0.662
The Gambia,1987,0.662
The Gambia,1988,0.662
The Gambia,1989,0.662
The Gambia,1990,0.662
The Gambia,1991,0.662
The Gambia,1992,0.662
The Gambia,1993,0.662
The Gambia,1994,0.401
The Gambia,1995,0.296
The Gambia,1996,0.289
The Gambia,1997,0.295
The Gambia,1998,0.291
The Gambia,1999,0.291
The Gambia,2000,0.289
The Gambia,2001,0.289
The Gambia,2002,0.287
The Gambia,2003,0.273
The Gambia,2004,0.272
The Gambia,2005,0.272
The Gambia,2006,0.272
The Gambia,2007,0.272
The Gambia,2008,0.272
The Gambia,2009,0.272
The Gambia,2010,0.272
The Gambia,2011,0.272
The Gambia,2012,0.272
The Gambia,2013,0.23
The Gambia,2014,0.23
The Gambia,2015,0.232
The Gambia,2016,0.242
The Gambia,2017,0.765
The Gambia,2018,0.77
The Gambia,2019,0.731
The Gambia,2020,0.74
The Gambia,2021,0.765
The Gambia,2022,0.76
The Gambia,2023,0.769
The Gambia,2024,0.775
The Gambia,2025,0.796
Georgia,1990,0.18
Georgia,1991,0.158
Georgia,1992,0.131
Georgia,1993,0.13
Georgia,1994,0.135
Georgia,1995,0.141
Georgia,1996,0.142
Georgia,1997,0.153
Georgia,1998,0.166
Georgia,1999,0.166
Georgia,2000,0.179
Georgia,2001,0.179
Georgia,2002,0.179
Georgia,2003,0.179
Georgia,2004,0.689
Georgia,2005,0.766
Georgia,2006,0.796
Georgia,2007,0.792
Georgia,2008,0.794
Georgia,2009,0.803
Georgia,2010,0.795
Georgia,2011,0.799
Georgia,2012,0.81
Georgia,2013,0.807
Georgia,2014,0.801
Georgia,2015,0.796
Georgia,2016,0.798
Georgia,2017,0.788
Georgia,2018,0.779
Georgia,2019,0.773
Georgia,2020,0.767
Georgia,2021,0.751
Georgia,2022,0.744
Georgia,2023,0.752
Georgia,2024,0.599
Georgia,2025,0.543
Guinea-Bissau,1951,0.317
Guinea-Bissau,1952,0.317
Guinea-Bissau,1953,0.317
Guinea-Bissau,1954,0.317
Guinea-Bissau,1955,0.317
Guinea-Bissau,1956,0.317
Guinea-Bissau,1957,0.317
Guinea-Bissau,1958,0.317
Guinea-Bissau,1959,0.317
Guinea-Bissau,1960,0.317
Guinea-Bissau,1961,0.321
Guinea-Bissau,1962,0.321
Guinea-Bissau,1963,0.321
Guinea-Bissau,1964,0.321
Guinea-Bissau,1965,0.321
Guinea-Bissau,1966,0.321
Guinea-Bissau,1967,0.321
Guinea-Bissau,1968,0.321
Guinea-Bissau,1969,0.321
Guinea-Bissau,1970,0.321
Guinea-Bissau,1971,0.321
Guinea-Bissau,1972,0.321
Guinea-Bissau,1973,0.274
Guinea-Bissau,1974,0.22
Guinea-Bissau,1975,0.236
Guinea-Bissau,1976,0.236
Guinea-Bissau,1977,0.236
Guinea-Bissau,1978,0.236
Guinea-Bissau,1979,0.236
Guinea-Bissau,1980,0.17
Guinea-Bissau,1981,0.149
Guinea-Bissau,1982,0.149
Guinea-Bissau,1983,0.149
Guinea-Bissau,1984,0.149
Guinea-Bissau,1985,0.149
Guinea-Bissau,1986,0.156
Guinea-Bissau,1987,0.156
Guinea-Bissau,1988,0.156
Guinea-Bissau,1989,0.156
Guinea-Bissau,1990,0.145
Guinea-Bissau,1991,0.145
Guinea-Bissau,1992,0.145
Guinea-Bissau,1993,0.171
Guinea-Bissau,1994,0.151
Guinea-Bissau,1995,0.193
Guinea-Bissau,1996,0.193
Guinea-Bissau,1997,0.181
Guinea-Bissau,1998,0.185
Guinea-Bissau,1999,0.177
Guinea-Bissau,2000,0.167
Guinea-Bissau,2001,0.169
Guinea-Bissau,2002,0.158
Guinea-Bissau,2003,0.161
Guinea-Bissau,2004,0.254
Guinea-Bissau,2005,0.254
Guinea-Bissau,2006,0.242
Guinea-Bissau,2007,0.248
Guinea-Bissau,2008,0.252
Guinea-Bissau,2009,0.252
Guinea-Bissau,2010,0.257
Guinea-Bissau,2011,0.249
Guinea-Bissau,2012,0.175
Guinea-Bissau,2013,0.279
Guinea-Bissau,2014,0.305
Guinea-Bissau,2015,0.296
Guinea-Bissau,2016,0.281
Guinea-Bissau,2017,0.286
Guinea-Bissau,2018,0.278
Guinea-Bissau,2019,0.245
Guinea-Bissau,2020,0.265
Guinea-Bissau,2021,0.258
Guinea-Bissau,2022,0.244
Guinea-Bissau,2023,0.26
Guinea-Bissau,2024,0.279
Guinea-Bissau,2025,0.169
Jamaica,1951,0.777
Jamaica,1952,0.777
Jamaica,1953,0.786
Jamaica,1954,0.786
Jamaica,1955,0.786
Jamaica,1956,0.786
Jamaica,1957,0.786
Jamaica,1958,0.786
Jamaica,1959,0.786
Jamaica,1960,0.799
Jamaica,1961,0.799
Jamaica,1962,0.814
Jamaica,1963,0.81
Jamaica,1964,0.81
Jamaica,1965,0.81
Jamaica,1966,0.81
Jamaica,1967,0.81
Jamaica,1968,0.81
Jamaica,1969,0.81
Jamaica,1970,0.821
Jamaica,1971,0.821
Jamaica,1972,0.821
Jamaica,1973,0.833
Jamaica,1974,0.829
Jamaica,1975,0.829
Jamaica,1976,0.829
Jamaica,1977,0.829
Jamaica,1978,0.829
Jamaica,1979,0.829
Jamaica,1980,0.811
Jamaica,1981,0.811
Jamaica,1982,0.811
Jamaica,1983,0.811
Jamaica,1984,0.811
Jamaica,1985,0.811
Jamaica,1986,0.811
Jamaica,1987,0.811
Jamaica,1988,0.811
Jamaica,1989,0.811
Jamaica,1990,0.849
Jamaica,1991,0.849
Jamaica,1992,0.849
Jamaica,1993,0.849
Jamaica,1994,0.849
Jamaica,1995,0.849
Jamaica,1996,0.849
Jamaica,1997,0.849
Jamaica,1998,0.849
Jamaica,1999,0.849
Jamaica,2000,0.859
Jamaica,2001,0.859
Jamaica,2002,0.859
Jamaica,2003,0.859
Jamaica,2004,0.859
Jamaica,2005,0.859
Jamaica,2006,0.859
Jamaica,2007,0.859
Jamaica,2008,0.859
Jamaica,2009,0.859
Jamaica,2010,0.859
Jamaica,2011,0.863
Jamaica,2012,0.862
Jamaica,2013,0.869
Jamaica,2014,0.869
Jamaica,2015,0.869
Jamaica,2016,0.87
Jamaica,2017,0.881
Jamaica,2018,0.874
Jamaica,2019,0.892
Jamaica,2020,0.88
Jamaica,2021,0.872
Jamaica,2022,0.876
Jamaica,2023,0.853
Jamaica,2024,0.863
Jamaica,2025,0.847
Kazakhstan,1990,0.255
Kazakhstan,1991,0.25
Kazakhstan,1992,0.248
Kazakhstan,1993,0.252
Kazakhstan,1994,0.252
Kazakhstan,1995,0.236
Kazakhstan,1996,0.181
Kazakhstan,1997,0.181
Kazakhstan,1998,0.181
Kazakhstan,1999,0.178
Kazakhstan,2000,0.188
Kazakhstan,2001,0.185
Kazakhstan,2002,0.182
Kazakhstan,2003,0.172
Kazakhstan,2004,0.178
Kazakhstan,2005,0.176
Kazakhstan,2006,0.179
Kazakhstan,2007,0.172
Kazakhstan,2008,0.175
Kazakhstan,2009,0.175
Kazakhstan,2010,0.175
Kazakhstan,2011,0.174
Kazakhstan,2012,0.174
Kazakhstan,2013,0.174
Kazakhstan,2014,0.174
Kazakhstan,2015,0.173
Kazakhstan,2016,0.176
Kazakhstan,2017,0.177
Kazakhstan,2018,0.173
Kazakhstan,2019,0.192
Kazakhstan,2020,0.209
Kazakhstan,2021,0.205
Kazakhstan,2022,0.261
Kazakhstan,2023,0.256
Kazakhstan,2024,0.231
Kazakhstan,2025,0.217
Kyrgyzstan,1990,0.478
Kyrgyzstan,1991,0.401
Kyrgyzstan,1992,0.347
Kyrgyzstan,1993,0.328
Kyrgyzstan,1994,0.241
Kyrgyzstan,1995,0.22
Kyrgyzstan,1996,0.201
Kyrgyzstan,1997,0.191
Kyrgyzstan,1998,0.191
Kyrgyzstan,1999,0.191
Kyrgyzstan,2000,0.176
Kyrgyzstan,2001,0.182
Kyrgyzstan,2002,0.164
Kyrgyzstan,2003,0.164
Kyrgyzstan,2004,0.164
Kyrgyzstan,2005,0.164
Kyrgyzstan,2006,0.164
Kyrgyzstan,2007,0.154
Kyrgyzstan,2008,0.155
Kyrgyzstan,2009,0.158
Kyrgyzstan,2010,0.306
Kyrgyzstan,2011,0.369
Kyrgyzstan,2012,0.369
Kyrgyzstan,2013,0.398
Kyrgyzstan,2014,0.398
Kyrgyzstan,2015,0.363
Kyrgyzstan,2016,0.36
Kyrgyzstan,2017,0.379
Kyrgyzstan,2018,0.391
Kyrgyzstan,2019,0.401
Kyrgyzstan,2020,0.375
Kyrgyzstan,2021,0.341
Kyrgyzstan,2022,0.356
Kyrgyzstan,2023,0.345
Kyrgyzstan,2024,0.354
Kyrgyzstan,2025,0.353
Laos,1951,0.252
Laos,1952,0.252
Laos,1953,0.236
Laos,1954,0.211
Laos,1955,0.204
Laos,1956,0.204
Laos,1957,0.194
Laos,1958,0.194
Laos,1959,0.194
Laos,1960,0.181
Laos,1961,0.181
Laos,1962,0.181
Laos,1963,0.181
Laos,1964,0.181
Laos,1965,0.181
Laos,1966,0.181
Laos,1967,0.181
Laos,1968,0.181
Laos,1969,0.181
Laos,1970,0.172
Laos,1971,0.172
Laos,1972,0.172
Laos,1973,0.172
Laos,1974,0.172
Laos,1975,0.263
Laos,1976,0.318
Laos,1977,0.318
Laos,1978,0.318
Laos,1979,0.318
Laos,1980,0.318
Laos,1981,0.318
Laos,1982,0.318
Laos,1983,0.318
Laos,1984,0.318
Laos,1985,0.318
Laos,1986,0.313
Laos,1987,0.304
Laos,1988,0.304
Laos,1989,0.304
Laos,1990,0.302
Laos,1991,0.316
Laos,1992,0.316
Laos,1993,0.317
Laos,1994,0.307
Laos,1995,0.307
Laos,1996,0.307
Laos,1997,0.307
Laos,1998,0.307
Laos,1999,0.307
Laos,2000,0.307
Laos,2001,0.307
Laos,2002,0.307
Laos,2003,0.307
Laos,2004,0.307
Laos,2005,0.307
Laos,2006,0.309
Laos,2007,0.309
Laos,2008,0.309
Laos,2009,0.309
Laos,2010,0.306
Laos,2011,0.306
Laos,2012,0.306
Laos,2013,0.303
Laos,2014,0.303
Laos,2015,0.303
Laos,2016,0.293
Laos,2017,0.303
Laos,2018,0.316
Laos,2019,0.303
Laos,2020,0.346
Laos,2021,0.321
Laos,2022,0.301
Laos,2023,0.297
Laos,2024,0.314
Laos,2025,0.346
Libya,1951,0.47
Libya,1952,0.47
Libya,1953,0.461
Libya,1954,0.448
Libya,1955,0.455
Libya,1956,0.469
Libya,1957,0.469
Libya,1958,0.469
Libya,1959,0.469
Libya,1960,0.469
Libya,1961,0.469
Libya,1962,0.469
Libya,1963,0.469
Libya,1964,0.469
Libya,1965,0.469
Libya,1966,0.469
Libya,1967,0.469
Libya,1968,0.458
Libya,1969,0.433
Libya,1970,0.138
Libya,1971,0.102
Libya,1972,0.102
Libya,1973,0.102
Libya,1974,0.116
Libya,1975,0.1
Libya,1976,0.1
Libya,1977,0.1
Libya,1978,0.1
Libya,1979,0.1
Libya,1980,0.096
Libya,1981,0.095
Libya,1982,0.095
Libya,1983,0.095
Libya,1984,0.095
Libya,1985,0.095
Libya,1986,0.098
Libya,1987,0.098
Libya,1988,0.098
Libya,1989,0.098
Libya,1990,0.098
Libya,1991,0.098
Libya,1992,0.098
Libya,1993,0.098
Libya,1994,0.098
Libya,1995,0.098
Libya,1996,0.098
Libya,1997,0.098
Libya,1998,0.098
Libya,1999,0.098
Libya,2000,0.098
Libya,2001,0.098
Libya,2002,0.098
Libya,2003,0.084
Libya,2004,0.084
Libya,2005,0.084
Libya,2006,0.084
Libya,2007,0.084
Libya,2008,0.084
Libya,2009,0.084
Libya,2010,0.091
Libya,2011,0.151
Libya,2012,0.265
Libya,2013,0.259
Libya,2014,0.233
Libya,2015,0.225
Libya,2016,0.209
Libya,2017,0.198
Libya,2018,0.143
Libya,2019,0.13
Libya,2020,0.133
Libya,2021,0.123
Libya,2022,0.155
Libya,2023,0.132
Libya,2024,0.134
Libya,2025,0.125
Madagascar,1951,0.564
Madagascar,1952,0.564
Madagascar,1953,0.564
Madagascar,1954,0.564
Madagascar,1955,0.564
Madagascar,1956,0.564
Madagascar,1957,0.564
Madagascar,1958,0.564
Madagascar,1959,0.516
Madagascar,1960,0.402
Madagascar,1961,0.4
Madagascar,1962,0.4
Madagascar,1963,0.4
Madagascar,1964,0.4
Madagascar,1965,0.4
Madagascar,1966,0.4
Madagascar,1967,0.4
Madagascar,1968,0.4
Madagascar,1969,0.4
Madagascar,1970,0.394
Madagascar,1971,0.394
Madagascar,1972,0.408
Madagascar,1973,0.395
Madagascar,1974,0.395
Madagascar,1975,0.332
Madagascar,1976,0.282
Madagascar,1977,0.282
Madagascar,1978,0.277
Madagascar,1979,0.277
Madagascar,1980,0.277
Madagascar,1981,0.277
Madagascar,1982,0.277
Madagascar,1983,0.277
Madagascar,1984,0.277
Madagascar,1985,0.277
Madagascar,1986,0.277
Madagascar,1987,0.282
Madagascar,1988,0.282
Madagascar,1989,0.282
Madagascar,1990,0.287
Madagascar,1991,0.308
Madagascar,1992,0.423
Madagascar,1993,0.411
Madagascar,1994,0.411
Madagascar,1995,0.382
Madagascar,1996,0.382
Madagascar,1997,0.34
Madagascar,1998,0.305
Madagascar,1999,0.305
Madagascar,2000,0.311
Madagascar,2001,0.305
Madagascar,2002,0.429
Madagascar,2003,0.407
Madagascar,2004,0.42
Madagascar,2005,0.42
Madagascar,2006,0.42
Madagascar,2007,0.425
Madagascar,2008,0.419
Madagascar,2009,0.094
Madagascar,2010,0.074
Madagascar,2011,0.073
Madagascar,2012,0.073
Madagascar,2013,0.106
Madagascar,2014,0.223
Madagascar,2015,0.278
Madagascar,2016,0.278
Madagascar,2017,0.28
Madagascar,2018,0.303
Madagascar,2019,0.2
Madagascar,2020,0.187
Madagascar,2021,0.187
Madagascar,2022,0.187
Madagascar,2023,0.192
Madagascar,2024,0.192
Madagascar,2025,0.148
Moldova,1990,0.503
Moldova,1991,0.509
Moldova,1992,0.498
Moldova,1993,0.498
Moldova,1994,0.463
Moldova,1995,0.469
Moldova,1996,0.469
Moldova,1997,0.469
Moldova,1998,0.476
Moldova,1999,0.516
Moldova,2000,0.518
Moldova,2001,0.467
Moldova,2002,0.435
Moldova,2003,0.435
Moldova,2004,0.435
Moldova,2005,0.446
Moldova,2006,0.443
Moldova,2007,0.452
Moldova,2008,0.446
Moldova,2009,0.475
Moldova,2010,0.621
Moldova,2011,0.63
Moldova,2012,0.637
Moldova,2013,0.58
Moldova,2014,0.58
Moldova,2015,0.508
Moldova,2016,0.459
Moldova,2017,0.497
Moldova,2018,0.471
Moldova,2019,0.505
Moldova,2020,0.618
Moldova,2021,0.765
Moldova,2022,0.811
Moldova,2023,0.815
Moldova,2024,0.801
Moldova,2025,0.789
Namibia,1951,0.356
Namibia,1952,0.356
Namibia,1953,0.356
Namibia,1954,0.356
Namibia,1955,0.356
Namibia,1956,0.356
Namibia,1957,0.356
Namibia,1958,0.356
Namibia,1959,0.356
Namibia,1960,0.356
Namibia,1961,0.356
Namibia,1962,0.356
Namibia,1963,0.356
Namibia,1964,0.356
Namibia,1965,0.356
Namibia,1966,0.356
Namibia,1967,0.356
Namibia,1968,0.356
Namibia,1969,0.356
Namibia,1970,0.356
Namibia,1971,0.356
Namibia,1972,0.356
Namibia,1973,0.356
Namibia,1974,0.356
Namibia,1975,0.356
Namibia,1976,0.356
Namibia,1977,0.356
Namibia,1978,0.356
Namibia,1979,0.356
Namibia,1980,0.351
Namibia,1981,0.351
Namibia,1982,0.351
Namibia,1983,0.351
Namibia,1984,0.351
Namibia,1985,0.383
Namibia,1986,0.386
Namibia,1987,0.386
Namibia,1988,0.393
Namibia,1989,0.416
Namibia,1990,0.829
Namibia,1991,0.858
Namibia,1992,0.858
Namibia,1993,0.858
Namibia,1994,0.858
Namibia,1995,0.858
Namibia,1996,0.858
Namibia,1997,0.858
Namibia,1998,0.858
Namibia,1999,0.858
Namibia,2000,0.859
Namibia,2001,0.859
Namibia,2002,0.849
Namibia,2003,0.856
Namibia,2004,0.853
Namibia,2005,0.861
Namibia,2006,0.86
Namibia,2007,0.86
Namibia,2008,0.86
Namibia,2009,0.86
Namibia,2010,0.866
Namibia,2011,0.866
Namibia,2012,0.866
Namibia,2013,0.866
Namibia,2014,0.866
Namibia,2015,0.863
Namibia,2016,0.863
Namibia,2017,0.86
Namibia,2018,0.866
Namibia,2019,0.788
Namibia,2020,0.792
Namibia,2021,0.784
Namibia,2022,0.764
Namibia,2023,0.779
Namibia,2024,0.824
Namibia,2025,0.817
Palestine/West Bank,1967,0.293
Palestine/West Bank,1968,0.287
Palestine/West Bank,1969,0.287
Palestine/West Bank,1970,0.302
Palestine/West Bank,1971,0.302
Palestine/West Bank,1972,0.302
Palestine/West Bank,1973,0.302
Palestine/West Bank,1974,0.302
Palestine/West Bank,1975,0.302
Palestine/West Bank,1976,0.302
Palestine/West Bank,1977,0.302
Palestine/West Bank,1978,0.302
Palestine/West Bank,1979,0.302
Palestine/West Bank,1980,0.302
Palestine/West Bank,1981,0.302
Palestine/West Bank,1982,0.302
Palestine/West Bank,1983,0.302
Palestine/West Bank,1984,0.302
Palestine/West Bank,1985,0.302
Palestine/West Bank,1986,0.302
Palestine/West Bank,1987,0.302
Palestine/West Bank,1988,0.302
Palestine/West Bank,1989,0.302
Palestine/West Bank,1990,0.302
Palestine/West Bank,1991,0.302
Palestine/West Bank,1992,0.302
Palestine/West Bank,1993,0.31
Palestine/West Bank,1994,0.547
Palestine/West Bank,1995,0.55
Palestine/West Bank,1996,0.548
Palestine/West Bank,1997,0.548
Palestine/West Bank,1998,0.548
Palestine/West Bank,1999,0.546
Palestine/West Bank,2000,0.535
Palestine/West Bank,2001,0.535
Palestine/West Bank,2002,0.548
Palestine/West Bank,2003,0.546
Palestine/West Bank,2004,0.576
Palestine/West Bank,2005,0.585
Palestine/West Bank,2006,0.584
Palestine/West Bank,2007,0.586
Palestine/West Bank,2008,0.591
Palestine/West Bank,2009,0.594
Palestine/West Bank,2010,0.598
Palestine/West Bank,2011,0.6
Palestine/West Bank,2012,0.6
Palestine/West Bank,2013,0.668
Palestine/West Bank,2014,0.666
Palestine/West Bank,2015,0.642
Palestine/West Bank,2016,0.644
Palestine/West Bank,2017,0.627
Palestine/West Bank,2018,0.594
Palestine/West Bank,2019,0.644
Palestine/West Bank,2020,0.515
Palestine/West Bank,2021,0.348
Palestine/West Bank,2022,0.335
Palestine/West Bank,2023,0.343
Palestine/West Bank,2024,0.434
Palestine/West Bank,2025,0.405
Rwanda,1951,0.259
Rwanda,1952,0.259
Rwanda,1953,0.259
Rwanda,1954,0.259
Rwanda,1955,0.259
Rwanda,1956,0.259
Rwanda,1957,0.259
Rwanda,1958,0.259
Rwanda,1959,0.234
Rwanda,1960,0.404
Rwanda,1961,0.472
Rwanda,1962,0.477
Rwanda,1963,0.55
Rwanda,1964,0.578
Rwanda,1965,0.578
Rwanda,1966,0.578
Rwanda,1967,0.578
Rwanda,1968,0.578
Rwanda,1969,0.578
Rwanda,1970,0.568
Rwanda,1971,0.561
Rwanda,1972,0.561
Rwanda,1973,0.566
Rwanda,1974,0.525
Rwanda,1975,0.525
Rwanda,1976,0.525
Rwanda,1977,0.525
Rwanda,1978,0.535
Rwanda,1979,0.551
Rwanda,1980,0.551
Rwanda,1981,0.551
Rwanda,1982,0.551
Rwanda,1983,0.551
Rwanda,1984,0.551
Rwanda,1985,0.551
Rwanda,1986,0.551
Rwanda,1987,0.551
Rwanda,1988,0.551
Rwanda,1989,0.551
Rwanda,1990,0.574
Rwanda,1991,0.586
Rwanda,1992,0.586
Rwanda,1993,0.586
Rwanda,1994,0.486
Rwanda,1995,0.397
Rwanda,1996,0.392
Rwanda,1997,0.392
Rwanda,1998,0.408
Rwanda,1999,0.408
Rwanda,2000,0.46
Rwanda,2001,0.479
Rwanda,2002,0.479
Rwanda,2003,0.479
Rwanda,2004,0.493
Rwanda,2005,0.493
Rwanda,2006,0.49
Rwanda,2007,0.488
Rwanda,2008,0.488
Rwanda,2009,0.501
Rwanda,2010,0.497
Rwanda,2011,0.501
Rwanda,2012,0.501
Rwanda,2013,0.525
Rwanda,2014,0.525
Rwanda,2015,0.519
Rwanda,2016,0.497
Rwanda,2017,0.474
Rwanda,2018,0.461
Rwanda,2019,0.475
Rwanda,2020,0.483
Rwanda,2021,0.455
Rwanda,2022,0.432
Rwanda,2023,0.377
Rwanda,2024,0.386
Rwanda,2025,0.377
Somalia,1951,0.464
Somalia,1952,0.464
Somalia,1953,0.464
Somalia,1954,0.46
Somalia,1955,0.46
Somalia,1956,0.489
Somalia,1957,0.484
Somalia,1958,0.484
Somalia,1959,0.484
Somalia,1960,0.488
Somalia,1961,0.417
Somalia,1962,0.401
Somalia,1963,0.401
Somalia,1964,0.401
Somalia,1965,0.401
Somalia,1966,0.401
Somalia,1967,0.393
Somalia,1968,0.393
Somalia,1969,0.382
Somalia,1970,0.206
Somalia,1971,0.212
Somalia,1972,0.212
Somalia,1973,0.212
Somalia,1974,0.212
Somalia,1975,0.212
Somalia,1976,0.212
Somalia,1977,0.199
Somalia,1978,0.188
Somalia,1979,0.188
Somalia,1980,0.176
Somalia,1981,0.176
Somalia,1982,0.176
Somalia,1983,0.176
Somalia,1984,0.176
Somalia,1985,0.176
Somalia,1986,0.176
Somalia,1987,0.176
Somalia,1988,0.176
Somalia,1989,0.176
Somalia,1990,0.15
Somalia,1991,0.114
Somalia,1992,0.021
Somalia,1993,0.021
Somalia,1994,0.021
Somalia,1995,0.021
Somalia,1996,0.021
Somalia,1997,0.021
Somalia,1998,0.021
Somalia,1999,0.021
Somalia,2000,0.026
Somalia,2001,0.029
Somalia,2002,0.03
Somalia,2003,0.03
Somalia,2004,0.036
Somalia,2005,0.038
Somalia,2006,0.04
Somalia,2007,0.04
Somalia,2008,0.039
Somalia,2009,0.04
Somalia,2010,0.048
Somalia,2011,0.05
Somalia,2012,0.057
Somalia,2013,0.111
Somalia,2014,0.117
Somalia,2015,0.117
Somalia,2016,0.085
Somalia,2017,0.127
Somalia,2018,0.106
Somalia,2019,0.108
Somalia,2020,0.097
Somalia,2021,0.117
Somalia,2022,0.124
Somalia,2023,0.161
Somalia,2024,0.168
Somalia,2025,0.168
Sri Lanka,1951,0.821
Sri Lanka,1952,0.821
Sri Lanka,1953,0.821
Sri Lanka,1954,0.821
Sri Lanka,1955,0.821
Sri Lanka,1956,0.792
Sri Lanka,1957,0.798
Sri Lanka,1958,0.798
Sri Lanka,1959,0.798
Sri Lanka,1960,0.798
Sri Lanka,1961,0.798
Sri Lanka,1962,0.798
Sri Lanka,1963,0.798
Sri Lanka,1964,0.798
Sri Lanka,1965,0.798
Sri Lanka,1966,0.798
Sri Lanka,1967,0.798
Sri Lanka,1968,0.798
Sri Lanka,1969,0.798
Sri Lanka,1970,0.777
Sri Lanka,1971,0.768
Sri Lanka,1972,0.762
Sri Lanka,1973,0.751
Sri Lanka,1974,0.753
Sri Lanka,1975,0.762
Sri Lanka,1976,0.762
Sri Lanka,1977,0.748
Sri Lanka,1978,0.678
Sri Lanka,1979,0.678
Sri Lanka,1980,0.67
Sri Lanka,1981,0.67
Sri Lanka,1982,0.67
Sri Lanka,1983,0.653
Sri Lanka,1984,0.653
Sri Lanka,1985,0.653
Sri Lanka,1986,0.642
Sri Lanka,1987,0.633
Sri Lanka,1988,0.62
Sri Lanka,1989,0.563
Sri Lanka,1990,0.579
Sri Lanka,1991,0.588
Sri Lanka,1992,0.588
Sri Lanka,1993,0.588
Sri Lanka,1994,0.584
Sri Lanka,1995,0.597
Sri Lanka,1996,0.597
Sri Lanka,1997,0.597
Sri Lanka,1998,0.597
Sri Lanka,1999,0.597
Sri Lanka,2000,0.597
Sri Lanka,2001,0.611
Sri Lanka,2002,0.611
Sri Lanka,2003,0.611
Sri Lanka,2004,0.594
Sri Lanka,2005,0.513
Sri Lanka,2006,0.499
Sri Lanka,2007,0.499
Sri Lanka,2008,0.495
Sri Lanka,2009,0.484
Sri Lanka,2010,0.397
Sri Lanka,2011,0.397
Sri Lanka,2012,0.419
Sri Lanka,2013,0.426
Sri Lanka,2014,0.428
Sri Lanka,2015,0.66
Sri Lanka,2016,0.71
Sri Lanka,2017,0.695
Sri Lanka,2018,0.691
Sri Lanka,2019,0.655
Sri Lanka,2020,0.46
Sri Lanka,2021,0.489
Sri Lanka,2022,0.608
Sri Lanka,2023,0.619
Sri Lanka,2024,0.708
Sri Lanka,2025,0.829
Eswatini,1951,0.361
Eswatini,1952,0.361
Eswatini,1953,0.361
Eswatini,1954,0.364
Eswatini,1955,0.364
Eswatini,1956,0.364
Eswatini,1957,0.364
Eswatini,1958,0.364
Eswatini,1959,0.364
Eswatini,1960,0.374
Eswatini,1961,0.374
Eswatini,1962,0.374
Eswatini,1963,0.374
Eswatini,1964,0.374
Eswatini,1965,0.374
Eswatini,1966,0.374
Eswatini,1967,0.39
Eswatini,1968,0.355
Eswatini,1969,0.379
Eswatini,1970,0.379
Eswatini,1971,0.365
Eswatini,1972,0.365
Eswatini,1973,0.384
Eswatini,1974,0.384
Eswatini,1975,0.384
Eswatini,1976,0.384
Eswatini,1977,0.384
Eswatini,1978,0.384
Eswatini,1979,0.384
Eswatini,1980,0.384
Eswatini,1981,0.384
Eswatini,1982,0.384
Eswatini,1983,0.36
Eswatini,1984,0.36
Eswatini,1985,0.36
Eswatini,1986,0.36
Eswatini,1987,0.36
Eswatini,1988,0.36
Eswatini,1989,0.36
Eswatini,1990,0.354
Eswatini,1991,0.354
Eswatini,1992,0.354
Eswatini,1993,0.354
Eswatini,1994,0.335
Eswatini,1995,0.335
Eswatini,1996,0.335
Eswatini,1997,0.335
Eswatini,1998,0.327
Eswatini,1999,0.327
Eswatini,2000,0.324
Eswatini,2001,0.324
Eswatini,2002,0.324
Eswatini,2003,0.324
Eswatini,2004,0.324
Eswatini,2005,0.284
Eswatini,2006,0.283
Eswatini,2007,0.283
Eswatini,2008,0.29
Eswatini,2009,0.29
Eswatini,2010,0.288
Eswatini,2011,0.28
Eswatini,2012,0.28
Eswatini,2013,0.295
Eswatini,2014,0.295
Eswatini,2015,0.295
Eswatini,2016,0.295
Eswatini,2017,0.324
Eswatini,2018,0.337
Eswatini,2019,0.321
Eswatini,2020,0.324
Eswatini,2021,0.29
Eswatini,2022,0.269
Eswatini,2023,0.251
Eswatini,2024,0.255
Eswatini,2025,0.225
Tajikistan,1990,0.346
Tajikistan,1991,0.242
Tajikistan,1992,0.078
Tajikistan,1993,0.081
Tajikistan,1994,0.081
Tajikistan,1995,0.069
Tajikistan,1996,0.075
Tajikistan,1997,0.075
Tajikistan,1998,0.073
Tajikistan,1999,0.064
Tajikistan,2000,0.066
Tajikistan,2001,0.065
Tajikistan,2002,0.064
Tajikistan,2003,0.063
Tajikistan,2004,0.063
Tajikistan,2005,0.057
Tajikistan,2006,0.058
Tajikistan,2007,0.055
Tajikistan,2008,0.055
Tajikistan,2009,0.055
Tajikistan,2010,0.054
Tajikistan,2011,0.053
Tajikistan,2012,0.052
Tajikistan,2013,0.038
Tajikistan,2014,0.038
Tajikistan,2015,0.033
Tajikistan,2016,0.038
Tajikistan,2017,0.04
Tajikistan,2018,0.065
Tajikistan,2019,0.053
Tajikistan,2020,0.057
Tajikistan,2021,0.047
Tajikistan,2022,0.045
Tajikistan,2023,0.044
Tajikistan,2024,0.047
Tajikistan,2025,0.039
Togo,1951,0.254
Togo,1952,0.254
Togo,1953,0.254
Togo,1954,0.254
Togo,1955,0.254
Togo,1956,0.343
Togo,1957,0.343
Togo,1958,0.395
Togo,1959,0.395
Togo,1960,0.435
Togo,1961,0.399
Togo,1962,0.399
Togo,1963,0.337
Togo,1964,0.323
Togo,1965,0.323
Togo,1966,0.323
Togo,1967,0.133
Togo,1968,0.136
Togo,1969,0.136
Togo,1970,0.136
Togo,1971,0.14
Togo,1972,0.14
Togo,1973,0.14
Togo,1974,0.14
Togo,1975,0.14
Togo,1976,0.14
Togo,1977,0.14
Togo,1978,0.14
Togo,1979,0.14
Togo,1980,0.14
Togo,1981,0.139
Togo,1982,0.139
Togo,1983,0.139
Togo,1984,0.139
Togo,1985,0.139
Togo,1986,0.139
Togo,1987,0.139
Togo,1988,0.139
Togo,1989,0.139
Togo,1990,0.135
Togo,1991,0.142
Togo,1992,0.136
Togo,1993,0.14
Togo,1994,0.138
Togo,1995,0.138
Togo,1996,0.138
Togo,1997,0.138
Togo,1998,0.141
Togo,1999,0.141
Togo,2000,0.142
Togo,2001,0.142
Togo,2002,0.142
Togo,2003,0.142
Togo,2004,0.142
Togo,2005,0.177
Togo,2006,0.196
Togo,2007,0.202
Togo,2008,0.208
Togo,2009,0.22
Togo,2010,0.229
Togo,2011,0.24
Togo,2012,0.24
Togo,2013,0.226
Togo,2014,0.226
Togo,2015,0.229
Togo,2016,0.232
Togo,2017,0.22
Togo,2018,0.217
Togo,2019,0.211
Togo,2020,0.277
Togo,2021,0.274
Togo,2022,0.292
Togo,2023,0.215
Togo,2024,0.215
Togo,2025,0.207
Trinidad and Tobago,1951,0.89
Trinidad and Tobago,1952,0.89
Trinidad and Tobago,1953,0.89
Trinidad and Tobago,1954,0.89
Trinidad and Tobago,1955,0.89
Trinidad and Tobago,1956,0.875
Trinidad and Tobago,1957,0.875
Trinidad and Tobago,1958,0.875
Trinidad and Tobago,1959,0.875
Trinidad and Tobago,1960,0.874
Trinidad and Tobago,1961,0.874
Trinidad and Tobago,1962,0.871
Trinidad and Tobago,1963,0.871
Trinidad and Tobago,1964,0.871
Trinidad and Tobago,1965,0.871
Trinidad and Tobago,1966,0.871
Trinidad and Tobago,1967,0.871
Trinidad and Tobago,1968,0.871
Trinidad and Tobago,1969,0.871
Trinidad and Tobago,1970,0.871
Trinidad and Tobago,1971,0.871
Trinidad and Tobago,1972,0.863
Trinidad and Tobago,1973,0.863
Trinidad and Tobago,1974,0.863
Trinidad and Tobago,1975,0.863
Trinidad and Tobago,1976,0.863
Trinidad and Tobago,1977,0.873
Trinidad and Tobago,1978,0.87
Trinidad and Tobago,1979,0.87
Trinidad and Tobago,1980,0.873
Trinidad and Tobago,1981,0.873
Trinidad and Tobago,1982,0.873
Trinidad and Tobago,1983,0.873
Trinidad and Tobago,1984,0.873
Trinidad and Tobago,1985,0.873
Trinidad and Tobago,1986,0.873
Trinidad and Tobago,1987,0.873
Trinidad and Tobago,1988,0.873
Trinidad and Tobago,1989,0.873
Trinidad and Tobago,1990,0.864
Trinidad and Tobago,1991,0.864
Trinidad and Tobago,1992,0.864
Trinidad and Tobago,1993,0.864
Trinidad and Tobago,1994,0.864
Trinidad and Tobago,1995,0.86
Trinidad and Tobago,1996,0.86
Trinidad and Tobago,1997,0.86
Trinidad and Tobago,1998,0.86
Trinidad and Tobago,1999,0.86
Trinidad and Tobago,2000,0.86
Trinidad and Tobago,2001,0.86
Trinidad and Tobago,2002,0.873
Trinidad and Tobago,2003,0.873
Trinidad and Tobago,2004,0.873
Trinidad and Tobago,2005,0.873
Trinidad and Tobago,2006,0.873
Trinidad and Tobago,2007,0.873
Trinidad and Tobago,2008,0.873
Trinidad and Tobago,2009,0.873
Trinidad and Tobago,2010,0.868
Trinidad and Tobago,2011,0.868
Trinidad and Tobago,2012,0.868
Trinidad and Tobago,2013,0.868
Trinidad and Tobago,2014,0.868
Trinidad and Tobago,2015,0.87
Trinidad and Tobago,2016,0.898
Trinidad and Tobago,2017,0.893
Trinidad and Tobago,2018,0.896
Trinidad and Tobago,2019,0.896
Trinidad and Tobago,2020,0.891
Trinidad and Tobago,2021,0.88
Trinidad and Tobago,2022,0.887
Trinidad and Tobago,2023,0.884
Trinidad and Tobago,2024,0.884
Trinidad and Tobago,2025,0.886
Turkmenistan,1990,0.107
Turkmenistan,1991,0.077
Turkmenistan,1992,0.053
Turkmenistan,1993,0.051
Turkmenistan,1994,0.051
Turkmenistan,1995,0.051
Turkmenistan,1996,0.051
Turkmenistan,1997,0.044
Turkmenistan,1998,0.044
Turkmenistan,1999,0.044
Turkmenistan,2000,0.041
Turkmenistan,2001,0.035
Turkmenistan,2002,0.035
Turkmenistan,2003,0.035
Turkmenistan,2004,0.035
Turkmenistan,2005,0.035
Turkmenistan,2006,0.035
Turkmenistan,2007,0.042
Turkmenistan,2008,0.043
Turkmenistan,2009,0.039
Turkmenistan,2010,0.035
Turkmenistan,2011,0.035
Turkmenistan,2012,0.035
Turkmenistan,2013,0.044
Turkmenistan,2014,0.046
Turkmenistan,2015,0.046
Turkmenistan,2016,0.046
Turkmenistan,2017,0.056
Turkmenistan,2018,0.06
Turkmenistan,2019,0.066
Turkmenistan,2020,0.059
Turkmenistan,2021,0.061
Turkmenistan,2022,0.061
Turkmenistan,2023,0.066
Turkmenistan,2024,0.067
Turkmenistan,2025,0.053
German Democratic Republic,1951,0.396
German Democratic Republic,1952,0.396
German Democratic Republic,1953,0.396
German Democratic Republic,1954,0.394
German Democratic Republic,1955,0.394
German Democratic Republic,1956,0.394
German Democratic Republic,1957,0.394
German Democratic Republic,1958,0.415
German Democratic Republic,1959,0.415
German Democratic Republic,1960,0.415
German Democratic Republic,1961,0.415
German Democratic Republic,1962,0.415
German Democratic Republic,1963,0.415
German Democratic Republic,1964,0.415
German Democratic Republic,1965,0.415
German Democratic Republic,1966,0.415
German Democratic Republic,1967,0.415
German Democratic Republic,1968,0.415
German Democratic Republic,1969,0.415
German Democratic Republic,1970,0.426
German Democratic Republic,1971,0.426
German Democratic Republic,1972,0.426
German Democratic Republic,1973,0.426
German Democratic Republic,1974,0.426
German Democratic Republic,1975,0.426
German Democratic Republic,1976,0.426
German Democratic Republic,1977,0.426
German Democratic Republic,1978,0.426
German Democratic Republic,1979,0.426
German Democratic Republic,1980,0.426
German Democratic Republic,1981,0.426
German Democratic Republic,1982,0.426
German Democratic Republic,1983,0.426
German Democratic Republic,1984,0.426
German Democratic Republic,1985,0.426
German Democratic Republic,1986,0.426
German Democratic Republic,1987,0.426
German Democratic Republic,1988,0.426
German Democratic Republic,1989,0.4
German Democratic Republic,1990,0.866
Palestine/Gaza,1951,0.502
Palestine/Gaza,1952,0.502
Palestine/Gaza,1953,0.502
Palestine/Gaza,1954,0.502
Palestine/Gaza,1955,0.502
Palestine/Gaza,1956,0.502
Palestine/Gaza,1957,0.502
Palestine/Gaza,1958,0.502
Palestine/Gaza,1959,0.502
Palestine/Gaza,1960,0.493
Palestine/Gaza,1961,0.493
Palestine/Gaza,1962,0.493
Palestine/Gaza,1963,0.493
Palestine/Gaza,1964,0.493
Palestine/Gaza,1965,0.493
Palestine/Gaza,1966,0.493
Palestine/Gaza,2007,0.4
Palestine/Gaza,2008,0.404
Palestine/Gaza,2009,0.398
Palestine/Gaza,2010,0.426
Palestine/Gaza,2011,0.421
Palestine/Gaza,2012,0.423
Palestine/Gaza,2013,0.394
Palestine/Gaza,2014,0.396
Palestine/Gaza,2015,0.372
Palestine/Gaza,2016,0.372
Palestine/Gaza,2017,0.345
Palestine/Gaza,2018,0.292
Palestine/Gaza,2019,0.443
Palestine/Gaza,2020,0.299
Palestine/Gaza,2021,0.306
Palestine/Gaza,2022,0.341
Palestine/Gaza,2023,0.415
Palestine/Gaza,2024,0.341
Palestine/Gaza,2025,0.328
Somaliland,1951,0.855
Somaliland,1952,0.855
Somaliland,1953,0.855
Somaliland,1954,0.855
Somaliland,1955,0.855
Somaliland,1956,0.855
Somaliland,1957,0.855
Somaliland,1958,0.855
Somaliland,1959,0.855
Somaliland,1991,0.24
Somaliland,1992,0.24
Somaliland,1993,0.245
Somaliland,1994,0.246
Somaliland,1995,0.248
Somaliland,1996,0.248
Somaliland,1997,0.248
Somaliland,1998,0.272
Somaliland,1999,0.274
Somaliland,2000,0.281
Somaliland,2001,0.286
Somaliland,2002,0.286
Somaliland,2003,0.286
Somaliland,2004,0.286
Somaliland,2005,0.286
Somaliland,2006,0.286
Somaliland,2007,0.286
Somaliland,2008,0.286
Somaliland,2009,0.286
Somaliland,2010,0.286
Somaliland,2011,0.299
Somaliland,2012,0.304
Somaliland,2013,0.31
Somaliland,2014,0.31
Somaliland,2015,0.31
Somaliland,2016,0.315
Somaliland,2017,0.318
Somaliland,2018,0.321
Somaliland,2019,0.315
Somaliland,2020,0.317
Somaliland,2021,0.32
Somaliland,2022,0.333
Somaliland,2023,0.342
Somaliland,2024,0.393
Somaliland,2025,0.437
Uzbekistan,1990,0.137
Uzbekistan,1991,0.135
Uzbekistan,1992,0.063
Uzbekistan,1993,0.056
Uzbekistan,1994,0.054
Uzbekistan,1995,0.054
Uzbekistan,1996,0.052
Uzbekistan,1997,0.051
Uzbekistan,1998,0.046
Uzbekistan,1999,0.043
Uzbekistan,2000,0.043
Uzbekistan,2001,0.043
Uzbekistan,2002,0.043
Uzbekistan,2003,0.047
Uzbekistan,2004,0.047
Uzbekistan,2005,0.047
Uzbekistan,2006,0.046
Uzbekistan,2007,0.046
Uzbekistan,2008,0.048
Uzbekistan,2009,0.05
Uzbekistan,2010,0.05
Uzbekistan,2011,0.049
Uzbekistan,2012,0.051
Uzbekistan,2013,0.05
Uzbekistan,2014,0.05
Uzbekistan,2015,0.05
Uzbekistan,2016,0.053
Uzbekistan,2017,0.095
Uzbekistan,2018,0.114
Uzbekistan,2019,0.16
Uzbekistan,2020,0.177
Uzbekistan,2021,0.178
Uzbekistan,2022,0.161
Uzbekistan,2023,0.162
Uzbekistan,2024,0.142
Uzbekistan,2025,0.147
Austria,1951,0.957
Austria,1952,0.957
Austria,1953,0.957
Austria,1954,0.961
Austria,1955,0.961
Austria,1956,0.958
Austria,1957,0.958
Austria,1958,0.958
Austria,1959,0.958
Austria,1960,0.958
Austria,1961,0.958
Austria,1962,0.958
Austria,1963,0.958
Austria,1964,0.958
Austria,1965,0.958
Austria,1966,0.958
Austria,1967,0.958
Austria,1968,0.958
Austria,1969,0.958
Austria,1970,0.958
Austria,1971,0.963
Austria,1972,0.963
Austria,1973,0.963
Austria,1974,0.963
Austria,1975,0.963
Austria,1976,0.965
Austria,1977,0.965
Austria,1978,0.965
Austria,1979,0.965
Austria,1980,0.954
Austria,1981,0.955
Austria,1982,0.955
Austria,1983,0.955
Austria,1984,0.955
Austria,1985,0.955
Austria,1986,0.955
Austria,1987,0.961
Austria,1988,0.961
Austria,1989,0.961
Austria,1990,0.961
Austria,1991,0.961
Austria,1992,0.961
Austria,1993,0.961
Austria,1994,0.961
Austria,1995,0.961
Austria,1996,0.961
Austria,1997,0.961
Austria,1998,0.961
Austria,1999,0.961
Austria,2000,0.957
Austria,2001,0.951
Austria,2002,0.951
Austria,2003,0.955
Austria,2004,0.949
Austria,2005,0.949
Austria,2006,0.955
Austria,2007,0.967
Austria,2008,0.967
Austria,2009,0.967
Austria,2010,0.967
Austria,2011,0.963
Austria,2012,0.966
Austria,2013,0.969
Austria,2014,0.969
Austria,2015,0.969
Austria,2016,0.969
Austria,2017,0.967
Austria,2018,0.951
Austria,2019,0.955
Austria,2020,0.957
Austria,2021,0.943
Austria,2022,0.929
Austria,2023,0.935
Austria,2024,0.931
Austria,2025,0.932
Bahrain,1951,0.302
Bahrain,1952,0.302
Bahrain,1953,0.302
Bahrain,1954,0.302
Bahrain,1955,0.302
Bahrain,1956,0.302
Bahrain,1957,0.244
Bahrain,1958,0.344
Bahrain,1959,0.344
Bahrain,1960,0.315
Bahrain,1961,0.315
Bahrain,1962,0.315
Bahrain,1963,0.315
Bahrain,1964,0.315
Bahrain,1965,0.315
Bahrain,1966,0.315
Bahrain,1967,0.315
Bahrain,1968,0.315
Bahrain,1969,0.315
Bahrain,1970,0.315
Bahrain,1971,0.263
Bahrain,1972,0.263
Bahrain,1973,0.263
Bahrain,1974,0.232
Bahrain,1975,0.154
Bahrain,1976,0.216
Bahrain,1977,0.216
Bahrain,1978,0.216
Bahrain,1979,0.216
Bahrain,1980,0.216
Bahrain,1981,0.216
Bahrain,1982,0.216
Bahrain,1983,0.216
Bahrain,1984,0.216
Bahrain,1985,0.216
Bahrain,1986,0.216
Bahrain,1987,0.216
Bahrain,1988,0.216
Bahrain,1989,0.216
Bahrain,1990,0.216
Bahrain,1991,0.216
Bahrain,1992,0.216
Bahrain,1993,0.216
Bahrain,1994,0.216
Bahrain,1995,0.216
Bahrain,1996,0.216
Bahrain,1997,0.216
Bahrain,1998,0.216
Bahrain,1999,0.248
Bahrain,2000,0.248
Bahrain,2001,0.248
Bahrain,2002,0.285
Bahrain,2003,0.285
Bahrain,2004,0.285
Bahrain,2005,0.302
Bahrain,2006,0.302
Bahrain,2007,0.285
Bahrain,2008,0.285
Bahrain,2009,0.285
Bahrain,2010,0.285
Bahrain,2011,0.187
Bahrain,2012,0.187
Bahrain,2013,0.194
Bahrain,2014,0.203
Bahrain,2015,0.212
Bahrain,2016,0.216
Bahrain,2017,0.216
Bahrain,2018,0.221
Bahrain,2019,0.244
Bahrain,2020,0.245
Bahrain,2021,0.249
Bahrain,2022,0.251
Bahrain,2023,0.267
Bahrain,2024,0.252
Bahrain,2025,0.245
Barbados,1951,0.854
Barbados,1952,0.854
Barbados,1953,0.854
Barbados,1954,0.854
Barbados,1955,0.854
Barbados,1956,0.89
Barbados,1957,0.89
Barbados,1958,0.898
Barbados,1959,0.898
Barbados,1960,0.893
Barbados,1961,0.893
Barbados,1962,0.893
Barbados,1963,0.893
Barbados,1964,0.893
Barbados,1965,0.893
Barbados,1966,0.906
Barbados,1967,0.913
Barbados,1968,0.913
Barbados,1969,0.913
Barbados,1970,0.919
Barbados,1971,0.919
Barbados,1972,0.919
Barbados,1973,0.919
Barbados,1974,0.919
Barbados,1975,0.919
Barbados,1976,0.919
Barbados,1977,0.919
Barbados,1978,0.919
Barbados,1979,0.919
Barbados,1980,0.923
Barbados,1981,0.923
Barbados,1982,0.916
Barbados,1983,0.916
Barbados,1984,0.916
Barbados,1985,0.916
Barbados,1986,0.916
Barbados,1987,0.916
Barbados,1988,0.916
Barbados,1989,0.916
Barbados,1990,0.911
Barbados,1991,0.911
Barbados,1992,0.91
Barbados,1993,0.91
Barbados,1994,0.91
Barbados,1995,0.91
Barbados,1996,0.91
Barbados,1997,0.91
Barbados,1998,0.91
Barbados,1999,0.91
Barbados,2000,0.91
Barbados,2001,0.91
Barbados,2002,0.91
Barbados,2003,0.91
Barbados,2004,0.91
Barbados,2005,0.91
Barbados,2006,0.91
Barbados,2007,0.91
Barbados,2008,0.91
Barbados,2009,0.91
Barbados,2010,0.905
Barbados,2011,0.905
Barbados,2012,0.905
Barbados,2013,0.905
Barbados,2014,0.905
Barbados,2015,0.899
Barbados,2016,0.899
Barbados,2017,0.9
Barbados,2018,0.91
Barbados,2019,0.921
Barbados,2020,0.921
Barbados,2021,0.929
Barbados,2022,0.929
Barbados,2023,0.932
Barbados,2024,0.927
Barbados,2025,0.927
Belgium,1951,0.974
Belgium,1952,0.974
Belgium,1953,0.974
Belgium,1954,0.974
Belgium,1955,0.974
Belgium,1956,0.974
Belgium,1957,0.974
Belgium,1958,0.974
Belgium,1959,0.974
Belgium,1960,0.974
Belgium,1961,0.974
Belgium,1962,0.974
Belgium,1963,0.978
Belgium,1964,0.978
Belgium,1965,0.978
Belgium,1966,0.978
Belgium,1967,0.978
Belgium,1968,0.978
Belgium,1969,0.978
Belgium,1970,0.979
Belgium,1971,0.979
Belgium,1972,0.979
Belgium,1973,0.979
Belgium,1974,0.979
Belgium,1975,0.979
Belgium,1976,0.979
Belgium,1977,0.979
Belgium,1978,0.979
Belgium,1979,0.979
Belgium,1980,0.979
Belgium,1981,0.979
Belgium,1982,0.979
Belgium,1983,0.979
Belgium,1984,0.979
Belgium,1985,0.979
Belgium,1986,0.979
Belgium,1987,0.979
Belgium,1988,0.979
Belgium,1989,0.977
Belgium,1990,0.974
Belgium,1991,0.974
Belgium,1992,0.975
Belgium,1993,0.975
Belgium,1994,0.975
Belgium,1995,0.975
Belgium,1996,0.975
Belgium,1997,0.979
Belgium,1998,0.979
Belgium,1999,0.979
Belgium,2000,0.979
Belgium,2001,0.979
Belgium,2002,0.979
Belgium,2003,0.979
Belgium,2004,0.979
Belgium,2005,0.979
Belgium,2006,0.979
Belgium,2007,0.979
Belgium,2008,0.979
Belgium,2009,0.979
Belgium,2010,0.979
Belgium,2011,0.979
Belgium,2012,0.979
Belgium,2013,0.979
Belgium,2014,0.979
Belgium,2015,0.979
Belgium,2016,0.978
Belgium,2017,0.978
Belgium,2018,0.978
Belgium,2019,0.975
Belgium,2020,0.976
Belgium,2021,0.976
Belgium,2022,0.976
Belgium,2023,0.971
Belgium,2024,0.971
Belgium,2025,0.964
Bosnia and Herzegovina,1992,0.285
Bosnia and Herzegovina,1993,0.285
Bosnia and Herzegovina,1994,0.285
Bosnia and Herzegovina,1995,0.287
Bosnia and Herzegovina,1996,0.347
Bosnia and Herzegovina,1997,0.354
Bosnia and Herzegovina,1998,0.368
Bosnia and Herzegovina,1999,0.377
Bosnia and Herzegovina,2000,0.407
Bosnia and Herzegovina,2001,0.478
Bosnia and Herzegovina,2002,0.476
Bosnia and Herzegovina,2003,0.455
Bosnia and Herzegovina,2004,0.426
Bosnia and Herzegovina,2005,0.445
Bosnia and Herzegovina,2006,0.439
Bosnia and Herzegovina,2007,0.439
Bosnia and Herzegovina,2008,0.444
Bosnia and Herzegovina,2009,0.437
Bosnia and Herzegovina,2010,0.438
Bosnia and Herzegovina,2011,0.438
Bosnia and Herzegovina,2012,0.438
Bosnia and Herzegovina,2013,0.446
Bosnia and Herzegovina,2014,0.446
Bosnia and Herzegovina,2015,0.449
Bosnia and Herzegovina,2016,0.453
Bosnia and Herzegovina,2017,0.453
Bosnia and Herzegovina,2018,0.444
Bosnia and Herzegovina,2019,0.393
Bosnia and Herzegovina,2020,0.401
Bosnia and Herzegovina,2021,0.387
Bosnia and Herzegovina,2022,0.428
Bosnia and Herzegovina,2023,0.434
Bosnia and Herzegovina,2024,0.433
Bosnia and Herzegovina,2025,0.462
Bulgaria,1951,0.279
Bulgaria,1952,0.279
Bulgaria,1953,0.279
Bulgaria,1954,0.279
Bulgaria,1955,0.279
Bulgaria,1956,0.274
Bulgaria,1957,0.274
Bulgaria,1958,0.274
Bulgaria,1959,0.274
Bulgaria,1960,0.274
Bulgaria,1961,0.274
Bulgaria,1962,0.274
Bulgaria,1963,0.274
Bulgaria,1964,0.274
Bulgaria,1965,0.274
Bulgaria,1966,0.274
Bulgaria,1967,0.274
Bulgaria,1968,0.274
Bulgaria,1969,0.274
Bulgaria,1970,0.28
Bulgaria,1971,0.28
Bulgaria,1972,0.28
Bulgaria,1973,0.28
Bulgaria,1974,0.28
Bulgaria,1975,0.28
Bulgaria,1976,0.28
Bulgaria,1977,0.28
Bulgaria,1978,0.28
Bulgaria,1979,0.28
Bulgaria,1980,0.28
Bulgaria,1981,0.28
Bulgaria,1982,0.28
Bulgaria,1983,0.277
Bulgaria,1984,0.277
Bulgaria,1985,0.277
Bulgaria,1986,0.265
Bulgaria,1987,0.265
Bulgaria,1988,0.265
Bulgaria,1989,0.265
Bulgaria,1990,0.692
Bulgaria,1991,0.729
Bulgaria,1992,0.756
Bulgaria,1993,0.744
Bulgaria,1994,0.744
Bulgaria,1995,0.744
Bulgaria,1996,0.747
Bulgaria,1997,0.762
Bulgaria,1998,0.796
Bulgaria,1999,0.796
Bulgaria,2000,0.796
Bulgaria,2001,0.776
Bulgaria,2002,0.776
Bulgaria,2003,0.776
Bulgaria,2004,0.776
Bulgaria,2005,0.776
Bulgaria,2006,0.785
Bulgaria,2007,0.79
Bulgaria,2008,0.784
Bulgaria,2009,0.713
Bulgaria,2010,0.696
Bulgaria,2011,0.697
Bulgaria,2012,0.708
Bulgaria,2013,0.728
Bulgaria,2014,0.738
Bulgaria,2015,0.713
Bulgaria,2016,0.698
Bulgaria,2017,0.693
Bulgaria,2018,0.668
Bulgaria,2019,0.633
Bulgaria,2020,0.635
Bulgaria,2021,0.633
Bulgaria,2022,0.791
Bulgaria,2023,0.775
Bulgaria,2024,0.628
Bulgaria,2025,0.56
Comoros,1951,0.629
Comoros,1952,0.629
Comoros,1953,0.629
Comoros,1954,0.629
Comoros,1955,0.629
Comoros,1956,0.629
Comoros,1957,0.629
Comoros,1958,0.612
Comoros,1959,0.612
Comoros,1960,0.61
Comoros,1961,0.61
Comoros,1962,0.604
Comoros,1963,0.604
Comoros,1964,0.604
Comoros,1965,0.604
Comoros,1966,0.604
Comoros,1967,0.604
Comoros,1968,0.6
Comoros,1969,0.6
Comoros,1970,0.605
Comoros,1971,0.605
Comoros,1972,0.597
Comoros,1973,0.623
Comoros,1974,0.636
Comoros,1975,0.47
Comoros,1976,0.479
Comoros,1977,0.484
Comoros,1978,0.484
Comoros,1979,0.357
Comoros,1980,0.271
Comoros,1981,0.271
Comoros,1982,0.271
Comoros,1983,0.271
Comoros,1984,0.271
Comoros,1985,0.271
Comoros,1986,0.273
Comoros,1987,0.276
Comoros,1988,0.276
Comoros,1989,0.276
Comoros,1990,0.286
Comoros,1991,0.281
Comoros,1992,0.28
Comoros,1993,0.28
Comoros,1994,0.28
Comoros,1995,0.274
Comoros,1996,0.283
Comoros,1997,0.283
Comoros,1998,0.283
Comoros,1999,0.275
Comoros,2000,0.273
Comoros,2001,0.259
Comoros,2002,0.309
Comoros,2003,0.321
Comoros,2004,0.321
Comoros,2005,0.33
Comoros,2006,0.309
Comoros,2007,0.309
Comoros,2008,0.311
Comoros,2009,0.296
Comoros,2010,0.313
Comoros,2011,0.316
Comoros,2012,0.331
Comoros,2013,0.309
Comoros,2014,0.311
Comoros,2015,0.294
Comoros,2016,0.31
Comoros,2017,0.282
Comoros,2018,0.252
Comoros,2019,0.159
Comoros,2020,0.172
Comoros,2021,0.171
Comoros,2022,0.171
Comoros,2023,0.157
Comoros,2024,0.157
Comoros,2025,0.175
Croatia,1991,0.346
Croatia,1992,0.347
Croatia,1993,0.347
Croatia,1994,0.346
Croatia,1995,0.35
Croatia,1996,0.378
Croatia,1997,0.393
Croatia,1998,0.402
Croatia,1999,0.402
Croatia,2000,0.776
Croatia,2001,0.779
Croatia,2002,0.784
Croatia,2003,0.768
Croatia,2004,0.691
Croatia,2005,0.68
Croatia,2006,0.68
Croatia,2007,0.686
Croatia,2008,0.692
Croatia,2009,0.757
Croatia,2010,0.829
Croatia,2011,0.845
Croatia,2012,0.845
Croatia,2013,0.822
Croatia,2014,0.819
Croatia,2015,0.816
Croatia,2016,0.793
Croatia,2017,0.783
Croatia,2018,0.781
Croatia,2019,0.789
Croatia,2020,0.822
Croatia,2021,0.831
Croatia,2022,0.861
Croatia,2023,0.83
Croatia,2024,0.795
Croatia,2025,0.802
Cuba,1951,0.434
Cuba,1952,0.357
Cuba,1953,0.212
Cuba,1954,0.218
Cuba,1955,0.218
Cuba,1956,0.218
Cuba,1957,0.218
Cuba,1958,0.218
Cuba,1959,0.231
Cuba,1960,0.169
Cuba,1961,0.169
Cuba,1962,0.169
Cuba,1963,0.169
Cuba,1964,0.169
Cuba,1965,0.169
Cuba,1966,0.169
Cuba,1967,0.169
Cuba,1968,0.169
Cuba,1969,0.169
Cuba,1970,0.169
Cuba,1971,0.169
Cuba,1972,0.169
Cuba,1973,0.169
Cuba,1974,0.169
Cuba,1975,0.169
Cuba,1976,0.18
Cuba,1977,0.18
Cuba,1978,0.18
Cuba,1979,0.18
Cuba,1980,0.18
Cuba,1981,0.18
Cuba,1982,0.18
Cuba,1983,0.18
Cuba,1984,0.18
Cuba,1985,0.18
Cuba,1986,0.18
Cuba,1987,0.18
Cuba,1988,0.18
Cuba,1989,0.18
Cuba,1990,0.18
Cuba,1991,0.18
Cuba,1992,0.145
Cuba,1993,0.144
Cuba,1994,0.144
Cuba,1995,0.144
Cuba,1996,0.144
Cuba,1997,0.144
Cuba,1998,0.144
Cuba,1999,0.144
Cuba,2000,0.144
Cuba,2001,0.144
Cuba,2002,0.144
Cuba,2003,0.135
Cuba,2004,0.135
Cuba,2005,0.135
Cuba,2006,0.135
Cuba,2007,0.135
Cuba,2008,0.138
Cuba,2009,0.138
Cuba,2010,0.138
Cuba,2011,0.138
Cuba,2012,0.138
Cuba,2013,0.142
Cuba,2014,0.142
Cuba,2015,0.134
Cuba,2016,0.151
Cuba,2017,0.132
Cuba,2018,0.142
Cuba,2019,0.144
Cuba,2020,0.142
Cuba,2021,0.14
Cuba,2022,0.14
Cuba,2023,0.134
Cuba,2024,0.125
Cuba,2025,0.123
Cyprus,1951,0.553
Cyprus,1952,0.553
Cyprus,1953,0.553
Cyprus,1954,0.553
Cyprus,1955,0.511
Cyprus,1956,0.499
Cyprus,1957,0.499
Cyprus,1958,0.499
Cyprus,1959,0.499
Cyprus,1960,0.633
Cyprus,1961,0.671
Cyprus,1962,0.677
Cyprus,1963,0.667
Cyprus,1964,0.667
Cyprus,1965,0.667
Cyprus,1966,0.667
Cyprus,1967,0.667
Cyprus,1968,0.667
Cyprus,1969,0.667
Cyprus,1970,0.667
Cyprus,1971,0.667
Cyprus,1972,0.667
Cyprus,1973,0.667
Cyprus,1974,0.667
Cyprus,1975,0.812
Cyprus,1976,0.827
Cyprus,1977,0.826
Cyprus,1978,0.821
Cyprus,1979,0.821
Cyprus,1980,0.821
Cyprus,1981,0.821
Cyprus,1982,0.821
Cyprus,1983,0.821
Cyprus,1984,0.821
Cyprus,1985,0.821
Cyprus,1986,0.82
Cyprus,1987,0.82
Cyprus,1988,0.82
Cyprus,1989,0.83
Cyprus,1990,0.841
Cyprus,1991,0.841
Cyprus,1992,0.841
Cyprus,1993,0.841
Cyprus,1994,0.841
Cyprus,1995,0.841
Cyprus,1996,0.841
Cyprus,1997,0.841
Cyprus,1998,0.841
Cyprus,1999,0.839
Cyprus,2000,0.864
Cyprus,2001,0.864
Cyprus,2002,0.864
Cyprus,2003,0.864
Cyprus,2004,0.899
Cyprus,2005,0.903
Cyprus,2006,0.903
Cyprus,2007,0.907
Cyprus,2008,0.907
Cyprus,2009,0.909
Cyprus,2010,0.908
Cyprus,2011,0.91
Cyprus,2012,0.91
Cyprus,2013,0.901
Cyprus,2014,0.899
Cyprus,2015,0.899
Cyprus,2016,0.9
Cyprus,2017,0.902
Cyprus,2018,0.9
Cyprus,2019,0.886
Cyprus,2020,0.877
Cyprus,2021,0.861
Cyprus,2022,0.867
Cyprus,2023,0.864
Cyprus,2024,0.876
Cyprus,2025,0.88
Czechia,1951,0.1
Czechia,1952,0.1
Czechia,1953,0.1
Czechia,1954,0.119
Czechia,1955,0.119
Czechia,1956,0.138
Czechia,1957,0.142
Czechia,1958,0.142
Czechia,1959,0.142
Czechia,1960,0.145
Czechia,1961,0.145
Czechia,1962,0.145
Czechia,1963,0.145
Czechia,1964,0.145
Czechia,1965,0.147
Czechia,1966,0.147
Czechia,1967,0.149
Czechia,1968,0.179
Czechia,1969,0.176
Czechia,1970,0.17
Czechia,1971,0.17
Czechia,1972,0.17
Czechia,1973,0.17
Czechia,1974,0.17
Czechia,1975,0.17
Czechia,1976,0.17
Czechia,1977,0.17
Czechia,1978,0.17
Czechia,1979,0.17
Czechia,1980,0.19
Czechia,1981,0.19
Czechia,1982,0.19
Czechia,1983,0.19
Czechia,1984,0.19
Czechia,1985,0.19
Czechia,1986,0.19
Czechia,1987,0.19
Czechia,1988,0.19
Czechia,1989,0.211
Czechia,1990,0.836
Czechia,1991,0.836
Czechia,1992,0.836
Czechia,1993,0.84
Czechia,1994,0.84
Czechia,1995,0.84
Czechia,1996,0.84
Czechia,1997,0.84
Czechia,1998,0.84
Czechia,1999,0.84
Czechia,2000,0.853
Czechia,2001,0.853
Czechia,2002,0.853
Czechia,2003,0.853
Czechia,2004,0.853
Czechia,2005,0.857
Czechia,2006,0.861
Czechia,2007,0.861
Czechia,2008,0.86
Czechia,2009,0.868
Czechia,2010,0.866
Czechia,2011,0.867
Czechia,2012,0.872
Czechia,2013,0.874
Czechia,2014,0.886
Czechia,2015,0.888
Czechia,2016,0.884
Czechia,2017,0.853
Czechia,2018,0.849
Czechia,2019,0.845
Czechia,2020,0.837
Czechia,2021,0.844
Czechia,2022,0.892
Czechia,2023,0.907
Czechia,2024,0.945
Czechia,2025,0.945
Denmark,1951,0.998
Denmark,1952,0.998
Denmark,1953,0.998
Denmark,1954,0.998
Denmark,1955,0.998
Denmark,1956,0.998
Denmark,1957,0.998
Denmark,1958,0.998
Denmark,1959,0.998
Denmark,1960,0.998
Denmark,1961,0.998
Denmark,1962,0.998
Denmark,1963,0.998
Denmark,1964,0.998
Denmark,1965,0.998
Denmark,1966,0.998
Denmark,1967,0.998
Denmark,1968,0.998
Denmark,1969,0.998
Denmark,1970,0.998
Denmark,1971,0.998
Denmark,1972,0.998
Denmark,1973,0.998
Denmark,1974,0.998
Denmark,1975,0.998
Denmark,1976,0.998
Denmark,1977,0.998
Denmark,1978,0.998
Denmark,1979,0.998
Denmark,1980,0.998
Denmark,1981,0.998
Denmark,1982,0.998
Denmark,1983,0.998
Denmark,1984,0.998
Denmark,1985,0.998
Denmark,1986,0.998
Denmark,1987,0.998
Denmark,1988,0.998
Denmark,1989,0.998
Denmark,1990,0.998
Denmark,1991,0.998
Denmark,1992,0.998
Denmark,1993,0.998
Denmark,1994,0.998
Denmark,1995,0.998
Denmark,1996,0.998
Denmark,1997,0.998
Denmark,1998,0.998
Denmark,1999,0.998
Denmark,2000,0.998
Denmark,2001,0.998
Denmark,2002,0.998
Denmark,2003,0.998
Denmark,2004,0.998
Denmark,2005,0.998
Denmark,2006,0.998
Denmark,2007,0.998
Denmark,2008,0.998
Denmark,2009,0.998
Denmark,2010,0.998
Denmark,2011,0.998
Denmark,2012,0.998
Denmark,2013,0.998
Denmark,2014,0.998
Denmark,2015,0.998
Denmark,2016,0.998
Denmark,2017,0.998
Denmark,2018,0.998
Denmark,2019,0.998
Denmark,2020,0.997
Denmark,2021,0.996
Denmark,2022,0.998
Denmark,2023,0.998
Denmark,2024,0.997
Denmark,2025,0.997
Equatorial Guinea,1951,0.212
Equatorial Guinea,1952,0.212
Equatorial Guinea,1953,0.212
Equatorial Guinea,1954,0.212
Equatorial Guinea,1955,0.212
Equatorial Guinea,1956,0.212
Equatorial Guinea,1957,0.212
Equatorial Guinea,1958,0.212
Equatorial Guinea,1959,0.233
Equatorial Guinea,1960,0.253
Equatorial Guinea,1961,0.253
Equatorial Guinea,1962,0.253
Equatorial Guinea,1963,0.257
Equatorial Guinea,1964,0.259
Equatorial Guinea,1965,0.259
Equatorial Guinea,1966,0.259
Equatorial Guinea,1967,0.259
Equatorial Guinea,1968,0.211
Equatorial Guinea,1969,0.088
Equatorial Guinea,1970,0.011
Equatorial Guinea,1971,0.011
Equatorial Guinea,1972,0.011
Equatorial Guinea,1973,0.011
Equatorial Guinea,1974,0.008
Equatorial Guinea,1975,0.008
Equatorial Guinea,1976,0.008
Equatorial Guinea,1977,0.008
Equatorial Guinea,1978,0.008
Equatorial Guinea,1979,0.008
Equatorial Guinea,1980,0.056
Equatorial Guinea,1981,0.056
Equatorial Guinea,1982,0.056
Equatorial Guinea,1983,0.056
Equatorial Guinea,1984,0.056
Equatorial Guinea,1985,0.056
Equatorial Guinea,1986,0.056
Equatorial Guinea,1987,0.056
Equatorial Guinea,1988,0.056
Equatorial Guinea,1989,0.056
Equatorial Guinea,1990,0.063
Equatorial Guinea,1991,0.063
Equatorial Guinea,1992,0.063
Equatorial Guinea,1993,0.063
Equatorial Guinea,1994,0.063
Equatorial Guinea,1995,0.062
Equatorial Guinea,1996,0.062
Equatorial Guinea,1997,0.062
Equatorial Guinea,1998,0.062
Equatorial Guinea,1999,0.062
Equatorial Guinea,2000,0.061
Equatorial Guinea,2001,0.061
Equatorial Guinea,2002,0.061
Equatorial Guinea,2003,0.061
Equatorial Guinea,2004,0.061
Equatorial Guinea,2005,0.071
Equatorial Guinea,2006,0.071
Equatorial Guinea,2007,0.071
Equatorial Guinea,2008,0.071
Equatorial Guinea,2009,0.071
Equatorial Guinea,2010,0.06
Equatorial Guinea,2011,0.06
Equatorial Guinea,2012,0.06
Equatorial Guinea,2013,0.06
Equatorial Guinea,2014,0.06
Equatorial Guinea,2015,0.052
Equatorial Guinea,2016,0.053
Equatorial Guinea,2017,0.051
Equatorial Guinea,2018,0.054
Equatorial Guinea,2019,0.05
Equatorial Guinea,2020,0.046
Equatorial Guinea,2021,0.046
Equatorial Guinea,2022,0.045
Equatorial Guinea,2023,0.048
Equatorial Guinea,2024,0.054
Equatorial Guinea,2025,0.046
Estonia,1990,0.899
Estonia,1991,0.901
Estonia,1992,0.922
Estonia,1993,0.93
Estonia,1994,0.934
Estonia,1995,0.93
Estonia,1996,0.937
Estonia,1997,0.942
Estonia,1998,0.941
Estonia,1999,0.958
Estonia,2000,0.968
Estonia,2001,0.968
Estonia,2002,0.969
Estonia,2003,0.969
Estonia,2004,0.971
Estonia,2005,0.975
Estonia,2006,0.973
Estonia,2007,0.976
Estonia,2008,0.98
Estonia,2009,0.981
Estonia,2010,0.983
Estonia,2011,0.983
Estonia,2012,0.983
Estonia,2013,0.986
Estonia,2014,0.986
Estonia,2015,0.986
Estonia,2016,0.986
Estonia,2017,0.986
Estonia,2018,0.986
Estonia,2019,0.982
Estonia,2020,0.98
Estonia,2021,0.984
Estonia,2022,0.985
Estonia,2023,0.984
Estonia,2024,0.985
Estonia,2025,0.985
Fiji,1951,0.715
Fiji,1952,0.715
Fiji,1953,0.715
Fiji,1954,0.715
Fiji,1955,0.715
Fiji,1956,0.715
Fiji,1957,0.715
Fiji,1958,0.715
Fiji,1959,0.715
Fiji,1960,0.715
Fiji,1961,0.715
Fiji,1962,0.715
Fiji,1963,0.715
Fiji,1964,0.715
Fiji,1965,0.715
Fiji,1966,0.715
Fiji,1967,0.715
Fiji,1968,0.715
Fiji,1969,0.715
Fiji,1970,0.733
Fiji,1971,0.733
Fiji,1972,0.733
Fiji,1973,0.733
Fiji,1974,0.733
Fiji,1975,0.733
Fiji,1976,0.733
Fiji,1977,0.733
Fiji,1978,0.733
Fiji,1979,0.733
Fiji,1980,0.733
Fiji,1981,0.733
Fiji,1982,0.733
Fiji,1983,0.733
Fiji,1984,0.733
Fiji,1985,0.733
Fiji,1986,0.733
Fiji,1987,0.524
Fiji,1988,0.582
Fiji,1989,0.582
Fiji,1990,0.604
Fiji,1991,0.604
Fiji,1992,0.604
Fiji,1993,0.647
Fiji,1994,0.647
Fiji,1995,0.647
Fiji,1996,0.647
Fiji,1997,0.722
Fiji,1998,0.722
Fiji,1999,0.722
Fiji,2000,0.6
Fiji,2001,0.619
Fiji,2002,0.655
Fiji,2003,0.655
Fiji,2004,0.655
Fiji,2005,0.655
Fiji,2006,0.563
Fiji,2007,0.539
Fiji,2008,0.538
Fiji,2009,0.499
Fiji,2010,0.535
Fiji,2011,0.535
Fiji,2012,0.533
Fiji,2013,0.563
Fiji,2014,0.623
Fiji,2015,0.648
Fiji,2016,0.655
Fiji,2017,0.656
Fiji,2018,0.647
Fiji,2019,0.641
Fiji,2020,0.628
Fiji,2021,0.602
Fiji,2022,0.574
Fiji,2023,0.792
Fiji,2024,0.791
Fiji,2025,0.749
Finland,1951,0.987
Finland,1952,0.987
Finland,1953,0.987
Finland,1954,0.987
Finland,1955,0.987
Finland,1956,0.987
Finland,1957,0.987
Finland,1958,0.987
Finland,1959,0.987
Finland,1960,0.989
Finland,1961,0.989
Finland,1962,0.989
Finland,1963,0.989
Finland,1964,0.989
Finland,1965,0.989
Finland,1966,0.989
Finland,1967,0.989
Finland,1968,0.989
Finland,1969,0.989
Finland,1970,0.989
Finland,1971,0.989
Finland,1972,0.989
Finland,1973,0.987
Finland,1974,0.989
Finland,1975,0.989
Finland,1976,0.989
Finland,1977,0.989
Finland,1978,0.989
Finland,1979,0.989
Finland,1980,0.989
Finland,1981,0.989
Finland,1982,0.987
Finland,1983,0.989
Finland,1984,0.989
Finland,1985,0.989
Finland,1986,0.991
Finland,1987,0.991
Finland,1988,0.991
Finland,1989,0.991
Finland,1990,0.991
Finland,1991,0.991
Finland,1992,0.991
Finland,1993,0.991
Finland,1994,0.991
Finland,1995,0.991
Finland,1996,0.991
Finland,1997,0.991
Finland,1998,0.991
Finland,1999,0.991
Finland,2000,0.991
Finland,2001,0.991
Finland,2002,0.991
Finland,2003,0.991
Finland,2004,0.991
Finland,2005,0.991
Finland,2006,0.991
Finland,2007,0.991
Finland,2008,0.991
Finland,2009,0.991
Finland,2010,0.991
Finland,2011,0.991
Finland,2012,0.991
Finland,2013,0.992
Finland,2014,0.992
Finland,2015,0.992
Finland,2016,0.992
Finland,2017,0.991
Finland,2018,0.993
Finland,2019,0.991
Finland,2020,0.993
Finland,2021,0.992
Finland,2022,0.99
Finland,2023,0.991
Finland,2024,0.988
Finland,2025,0.985
Greece,1951,0.574
Greece,1952,0.606
Greece,1953,0.582
Greece,1954,0.644
Greece,1955,0.655
Greece,1956,0.662
Greece,1957,0.662
Greece,1958,0.662
Greece,1959,0.662
Greece,1960,0.662
Greece,1961,0.662
Greece,1962,0.662
Greece,1963,0.668
Greece,1964,0.668
Greece,1965,0.668
Greece,1966,0.66
Greece,1967,0.435
Greece,1968,0.435
Greece,1969,0.435
Greece,1970,0.435
Greece,1971,0.435
Greece,1972,0.435
Greece,1973,0.435
Greece,1974,0.438
Greece,1975,0.68
Greece,1976,0.814
Greece,1977,0.838
Greece,1978,0.838
Greece,1979,0.838
Greece,1980,0.838
Greece,1981,0.844
Greece,1982,0.86
Greece,1983,0.859
Greece,1984,0.859
Greece,1985,0.859
Greece,1986,0.859
Greece,1987,0.859
Greece,1988,0.859
Greece,1989,0.859
Greece,1990,0.859
Greece,1991,0.859
Greece,1992,0.859
Greece,1993,0.859
Greece,1994,0.859
Greece,1995,0.86
Greece,1996,0.86
Greece,1997,0.86
Greece,1998,0.866
Greece,1999,0.866
Greece,2000,0.866
Greece,2001,0.866
Greece,2002,0.866
Greece,2003,0.866
Greece,2004,0.866
Greece,2005,0.866
Greece,2006,0.866
Greece,2007,0.866
Greece,2008,0.861
Greece,2009,0.87
Greece,2010,0.887
Greece,2011,0.893
Greece,2012,0.89
Greece,2013,0.898
Greece,2014,0.9
Greece,2015,0.892
Greece,2016,0.894
Greece,2017,0.892
Greece,2018,0.895
Greece,2019,0.897
Greece,2020,0.879
Greece,2021,0.878
Greece,2022,0.85
Greece,2023,0.842
Greece,2024,0.819
Greece,2025,0.808
Guyana,1951,0.761
Guyana,1952,0.761
Guyana,1953,0.765
Guyana,1954,0.765
Guyana,1955,0.765
Guyana,1956,0.765
Guyana,1957,0.765
Guyana,1958,0.765
Guyana,1959,0.765
Guyana,1960,0.765
Guyana,1961,0.765
Guyana,1962,0.765
Guyana,1963,0.765
Guyana,1964,0.724
Guyana,1965,0.724
Guyana,1966,0.598
Guyana,1967,0.592
Guyana,1968,0.592
Guyana,1969,0.592
Guyana,1970,0.594
Guyana,1971,0.594
Guyana,1972,0.594
Guyana,1973,0.594
Guyana,1974,0.594
Guyana,1975,0.594
Guyana,1976,0.594
Guyana,1977,0.594
Guyana,1978,0.594
Guyana,1979,0.594
Guyana,1980,0.454
Guyana,1981,0.48
Guyana,1982,0.48
Guyana,1983,0.48
Guyana,1984,0.48
Guyana,1985,0.498
Guyana,1986,0.501
Guyana,1987,0.501
Guyana,1988,0.501
Guyana,1989,0.501
Guyana,1990,0.492
Guyana,1991,0.492
Guyana,1992,0.492
Guyana,1993,0.569
Guyana,1994,0.61
Guyana,1995,0.61
Guyana,1996,0.61
Guyana,1997,0.506
Guyana,1998,0.506
Guyana,1999,0.515
Guyana,2000,0.492
Guyana,2001,0.485
Guyana,2002,0.472
Guyana,2003,0.472
Guyana,2004,0.472
Guyana,2005,0.464
Guyana,2006,0.464
Guyana,2007,0.462
Guyana,2008,0.462
Guyana,2009,0.462
Guyana,2010,0.456
Guyana,2011,0.456
Guyana,2012,0.459
Guyana,2013,0.471
Guyana,2014,0.471
Guyana,2015,0.633
Guyana,2016,0.665
Guyana,2017,0.666
Guyana,2018,0.651
Guyana,2019,0.633
Guyana,2020,0.589
Guyana,2021,0.569
Guyana,2022,0.562
Guyana,2023,0.522
Guyana,2024,0.513
Guyana,2025,0.52
Hong Kong,1951,0.845
Hong Kong,1952,0.845
Hong Kong,1953,0.845
Hong Kong,1954,0.845
Hong Kong,1955,0.845
Hong Kong,1956,0.845
Hong Kong,1957,0.845
Hong Kong,1958,0.845
Hong Kong,1959,0.845
Hong Kong,1960,0.845
Hong Kong,1961,0.845
Hong Kong,1962,0.845
Hong Kong,1963,0.845
Hong Kong,1964,0.845
Hong Kong,1965,0.845
Hong Kong,1966,0.845
Hong Kong,1967,0.845
Hong Kong,1968,0.845
Hong Kong,1969,0.845
Hong Kong,1970,0.876
Hong Kong,1971,0.876
Hong Kong,1972,0.876
Hong Kong,1973,0.876
Hong Kong,1974,0.898
Hong Kong,1975,0.924
Hong Kong,1976,0.942
Hong Kong,1977,0.942
Hong Kong,1978,0.942
Hong Kong,1979,0.942
Hong Kong,1980,0.955
Hong Kong,1981,0.955
Hong Kong,1982,0.955
Hong Kong,1983,0.955
Hong Kong,1984,0.96
Hong Kong,1985,0.96
Hong Kong,1986,0.96
Hong Kong,1987,0.96
Hong Kong,1988,0.96
Hong Kong,1989,0.96
Hong Kong,1990,0.96
Hong Kong,1991,0.96
Hong Kong,1992,0.96
Hong Kong,1993,0.96
Hong Kong,1994,0.96
Hong Kong,1995,0.96
Hong Kong,1996,0.96
Hong Kong,1997,0.958
Hong Kong,1998,0.958
Hong Kong,1999,0.958
Hong Kong,2000,0.958
Hong Kong,2001,0.958
Hong Kong,2002,0.958
Hong Kong,2003,0.954
Hong Kong,2004,0.954
Hong Kong,2005,0.954
Hong Kong,2006,0.954
Hong Kong,2007,0.954
Hong Kong,2008,0.954
Hong Kong,2009,0.954
Hong Kong,2010,0.948
Hong Kong,2011,0.946
Hong Kong,2012,0.93
Hong Kong,2013,0.93
Hong Kong,2014,0.92
Hong Kong,2015,0.918
Hong Kong,2016,0.913
Hong Kong,2017,0.916
Hong Kong,2018,0.906
Hong Kong,2019,0.888
Hong Kong,2020,0.823
Hong Kong,2021,0.771
Hong Kong,2022,0.768
Hong Kong,2023,0.754
Hong Kong,2024,0.739
Hong Kong,2025,0.756
Iceland,1951,0.964
Iceland,1952,0.964
Iceland,1953,0.964
Iceland,1954,0.964
Iceland,1955,0.964
Iceland,1956,0.964
Iceland,1957,0.964
Iceland,1958,0.964
Iceland,1959,0.964
Iceland,1960,0.964
Iceland,1961,0.964
Iceland,1962,0.964
Iceland,1963,0.964
Iceland,1964,0.964
Iceland,1965,0.964
Iceland,1966,0.964
Iceland,1967,0.964
Iceland,1968,0.964
Iceland,1969,0.964
Iceland,1970,0.964
Iceland,1971,0.964
Iceland,1972,0.964
Iceland,1973,0.964
Iceland,1974,0.964
Iceland,1975,0.964
Iceland,1976,0.964
Iceland,1977,0.964
Iceland,1978,0.964
Iceland,1979,0.964
Iceland,1980,0.964
Iceland,1981,0.964
Iceland,1982,0.964
Iceland,1983,0.964
Iceland,1984,0.964
Iceland,1985,0.964
Iceland,1986,0.964
Iceland,1987,0.964
Iceland,1988,0.964
Iceland,1989,0.964
Iceland,1990,0.974
Iceland,1991,0.974
Iceland,1992,0.974
Iceland,1993,0.974
Iceland,1994,0.976
Iceland,1995,0.979
Iceland,1996,0.979
Iceland,1997,0.979
Iceland,1998,0.979
Iceland,1999,0.979
Iceland,2000,0.979
Iceland,2001,0.979
Iceland,2002,0.979
Iceland,2003,0.979
Iceland,2004,0.979
Iceland,2005,0.979
Iceland,2006,0.979
Iceland,2007,0.979
Iceland,2008,0.979
Iceland,2009,0.98
Iceland,2010,0.98
Iceland,2011,0.979
Iceland,2012,0.98
Iceland,2013,0.982
Iceland,2014,0.982
Iceland,2015,0.982
Iceland,2016,0.982
Iceland,2017,0.982
Iceland,2018,0.982
Iceland,2019,0.983
Iceland,2020,0.982
Iceland,2021,0.975
Iceland,2022,0.974
Iceland,2023,0.974
Iceland,2024,0.976
Iceland,2025,0.983
Israel,1951,0.87
Israel,1952,0.87
Israel,1953,0.869
Israel,1954,0.869
Israel,1955,0.869
Israel,1956,0.869
Israel,1957,0.869
Israel,1958,0.869
Israel,1959,0.869
Israel,1960,0.869
Israel,1961,0.869
Israel,1962,0.869
Israel,1963,0.869
Israel,1964,0.881
Israel,1965,0.881
Israel,1966,0.891
Israel,1967,0.909
Israel,1968,0.909
Israel,1969,0.909
Israel,1970,0.909
Israel,1971,0.909
Israel,1972,0.917
Israel,1973,0.917
Israel,1974,0.917
Israel,1975,0.917
Israel,1976,0.923
Israel,1977,0.923
Israel,1978,0.935
Israel,1979,0.935
Israel,1980,0.935
Israel,1981,0.935
Israel,1982,0.935
Israel,1983,0.935
Israel,1984,0.935
Israel,1985,0.944
Israel,1986,0.944
Israel,1987,0.944
Israel,1988,0.944
Israel,1989,0.944
Israel,1990,0.944
Israel,1991,0.944
Israel,1992,0.944
Israel,1993,0.944
Israel,1994,0.944
Israel,1995,0.944
Israel,1996,0.944
Israel,1997,0.944
Israel,1998,0.944
Israel,1999,0.944
Israel,2000,0.941
Israel,2001,0.941
Israel,2002,0.941
Israel,2003,0.941
Israel,2004,0.941
Israel,2005,0.941
Israel,2006,0.941
Israel,2007,0.941
Israel,2008,0.941
Israel,2009,0.938
Israel,2010,0.931
Israel,2011,0.931
Israel,2012,0.931
Israel,2013,0.93
Israel,2014,0.93
Israel,2015,0.928
Israel,2016,0.926
Israel,2017,0.921
Israel,2018,0.919
Israel,2019,0.916
Israel,2020,0.929
Israel,2021,0.932
Israel,2022,0.942
Israel,2023,0.912
Israel,2024,0.894
Israel,2025,0.889
Kuwait,1951,0.608
Kuwait,1952,0.608
Kuwait,1953,0.608
Kuwait,1954,0.608
Kuwait,1955,0.608
Kuwait,1956,0.608
Kuwait,1957,0.608
Kuwait,1958,0.608
Kuwait,1959,0.608
Kuwait,1960,0.623
Kuwait,1961,0.647
Kuwait,1962,0.688
Kuwait,1963,0.695
Kuwait,1964,0.695
Kuwait,1965,0.695
Kuwait,1966,0.695
Kuwait,1967,0.695
Kuwait,1968,0.695
Kuwait,1969,0.695
Kuwait,1970,0.695
Kuwait,1971,0.695
Kuwait,1972,0.695
Kuwait,1973,0.683
Kuwait,1974,0.683
Kuwait,1975,0.683
Kuwait,1976,0.677
Kuwait,1977,0.646
Kuwait,1978,0.646
Kuwait,1979,0.646
Kuwait,1980,0.635
Kuwait,1981,0.658
Kuwait,1982,0.658
Kuwait,1983,0.658
Kuwait,1984,0.658
Kuwait,1985,0.658
Kuwait,1986,0.65
Kuwait,1987,0.636
Kuwait,1988,0.625
Kuwait,1989,0.625
Kuwait,1990,0.583
Kuwait,1991,0.583
Kuwait,1992,0.641
Kuwait,1993,0.634
Kuwait,1994,0.634
Kuwait,1995,0.634
Kuwait,1996,0.634
Kuwait,1997,0.634
Kuwait,1998,0.634
Kuwait,1999,0.634
Kuwait,2000,0.634
Kuwait,2001,0.634
Kuwait,2002,0.622
Kuwait,2003,0.622
Kuwait,2004,0.614
Kuwait,2005,0.615
Kuwait,2006,0.612
Kuwait,2007,0.612
Kuwait,2008,0.612
Kuwait,2009,0.612
Kuwait,2010,0.605
Kuwait,2011,0.606
Kuwait,2012,0.606
Kuwait,2013,0.606
Kuwait,2014,0.606
Kuwait,2015,0.606
Kuwait,2016,0.606
Kuwait,2017,0.614
Kuwait,2018,0.614
Kuwait,2019,0.649
Kuwait,2020,0.648
Kuwait,2021,0.645
Kuwait,2022,0.711
Kuwait,2023,0.741
Kuwait,2024,0.709
Kuwait,2025,0.691
Lithuania,1990,0.912
Lithuania,1991,0.909
Lithuania,1992,0.918
Lithuania,1993,0.931
Lithuania,1994,0.931
Lithuania,1995,0.931
Lithuania,1996,0.931
Lithuania,1997,0.931
Lithuania,1998,0.931
Lithuania,1999,0.931
Lithuania,2000,0.94
Lithuania,2001,0.947
Lithuania,2002,0.947
Lithuania,2003,0.93
Lithuania,2004,0.945
Lithuania,2005,0.946
Lithuania,2006,0.947
Lithuania,2007,0.95
Lithuania,2008,0.953
Lithuania,2009,0.955
Lithuania,2010,0.958
Lithuania,2011,0.958
Lithuania,2012,0.955
Lithuania,2013,0.961
Lithuania,2014,0.962
Lithuania,2015,0.964
Lithuania,2016,0.96
Lithuania,2017,0.954
Lithuania,2018,0.951
Lithuania,2019,0.952
Lithuania,2020,0.955
Lithuania,2021,0.955
Lithuania,2022,0.952
Lithuania,2023,0.944
Lithuania,2024,0.93
Lithuania,2025,0.92
Luxembourg,1951,0.956
Luxembourg,1952,0.956
Luxembourg,1953,0.956
Luxembourg,1954,0.956
Luxembourg,1955,0.956
Luxembourg,1956,0.964
Luxembourg,1957,0.968
Luxembourg,1958,0.968
Luxembourg,1959,0.968
Luxembourg,1960,0.968
Luxembourg,1961,0.968
Luxembourg,1962,0.968
Luxembourg,1963,0.968
Luxembourg,1964,0.968
Luxembourg,1965,0.968
Luxembourg,1966,0.968
Luxembourg,1967,0.97
Luxembourg,1968,0.97
Luxembourg,1969,0.97
Luxembourg,1970,0.972
Luxembourg,1971,0.972
Luxembourg,1972,0.972
Luxembourg,1973,0.972
Luxembourg,1974,0.972
Luxembourg,1975,0.972
Luxembourg,1976,0.972
Luxembourg,1977,0.972
Luxembourg,1978,0.972
Luxembourg,1979,0.972
Luxembourg,1980,0.972
Luxembourg,1981,0.972
Luxembourg,1982,0.972
Luxembourg,1983,0.972
Luxembourg,1984,0.972
Luxembourg,1985,0.972
Luxembourg,1986,0.972
Luxembourg,1987,0.972
Luxembourg,1988,0.972
Luxembourg,1989,0.972
Luxembourg,1990,0.975
Luxembourg,1991,0.975
Luxembourg,1992,0.975
Luxembourg,1993,0.975
Luxembourg,1994,0.975
Luxembourg,1995,0.975
Luxembourg,1996,0.975
Luxembourg,1997,0.975
Luxembourg,1998,0.975
Luxembourg,1999,0.975
Luxembourg,2000,0.975
Luxembourg,2001,0.975
Luxembourg,2002,0.975
Luxembourg,2003,0.975
Luxembourg,2004,0.975
Luxembourg,2005,0.975
Luxembourg,2006,0.975
Luxembourg,2007,0.975
Luxembourg,2008,0.975
Luxembourg,2009,0.975
Luxembourg,2010,0.977
Luxembourg,2011,0.977
Luxembourg,2012,0.977
Luxembourg,2013,0.977
Luxembourg,2014,0.977
Luxembourg,2015,0.977
Luxembourg,2016,0.977
Luxembourg,2017,0.977
Luxembourg,2018,0.977
Luxembourg,2019,0.977
Luxembourg,2020,0.975
Luxembourg,2021,0.975
Luxembourg,2022,0.975
Luxembourg,2023,0.979
Luxembourg,2024,0.98
Luxembourg,2025,0.979
North Macedonia,1991,0.676
North Macedonia,1992,0.676
North Macedonia,1993,0.63
North Macedonia,1994,0.63
North Macedonia,1995,0.633
North Macedonia,1996,0.625
North Macedonia,1997,0.621
North Macedonia,1998,0.63
North Macedonia,1999,0.62
North Macedonia,2000,0.588
North Macedonia,2001,0.574
North Macedonia,2002,0.601
North Macedonia,2003,0.609
North Macedonia,2004,0.621
North Macedonia,2005,0.614
North Macedonia,2006,0.607
North Macedonia,2007,0.591
North Macedonia,2008,0.542
North Macedonia,2009,0.514
North Macedonia,2010,0.488
North Macedonia,2011,0.448
North Macedonia,2012,0.41
North Macedonia,2013,0.355
North Macedonia,2014,0.329
North Macedonia,2015,0.322
North Macedonia,2016,0.324
North Macedonia,2017,0.506
North Macedonia,2018,0.448
North Macedonia,2019,0.446
North Macedonia,2020,0.435
North Macedonia,2021,0.388
North Macedonia,2022,0.391
North Macedonia,2023,0.348
North Macedonia,2024,0.376
North Macedonia,2025,0.368
Malaysia,1951,0.691
Malaysia,1952,0.691
Malaysia,1953,0.691
Malaysia,1954,0.702
Malaysia,1955,0.747
Malaysia,1956,0.764
Malaysia,1957,0.751
Malaysia,1958,0.726
Malaysia,1959,0.726
Malaysia,1960,0.724
Malaysia,1961,0.724
Malaysia,1962,0.724
Malaysia,1963,0.724
Malaysia,1964,0.724
Malaysia,1965,0.724
Malaysia,1966,0.724
Malaysia,1967,0.724
Malaysia,1968,0.711
Malaysia,1969,0.711
Malaysia,1970,0.656
Malaysia,1971,0.656
Malaysia,1972,0.645
Malaysia,1973,0.645
Malaysia,1974,0.645
Malaysia,1975,0.645
Malaysia,1976,0.645
Malaysia,1977,0.645
Malaysia,1978,0.645
Malaysia,1979,0.645
Malaysia,1980,0.645
Malaysia,1981,0.589
Malaysia,1982,0.502
Malaysia,1983,0.499
Malaysia,1984,0.494
Malaysia,1985,0.474
Malaysia,1986,0.469
Malaysia,1987,0.462
Malaysia,1988,0.413
Malaysia,1989,0.432
Malaysia,1990,0.428
Malaysia,1991,0.422
Malaysia,1992,0.422
Malaysia,1993,0.422
Malaysia,1994,0.422
Malaysia,1995,0.41
Malaysia,1996,0.41
Malaysia,1997,0.41
Malaysia,1998,0.41
Malaysia,1999,0.41
Malaysia,2000,0.403
Malaysia,2001,0.403
Malaysia,2002,0.392
Malaysia,2003,0.399
Malaysia,2004,0.422
Malaysia,2005,0.452
Malaysia,2006,0.452
Malaysia,2007,0.452
Malaysia,2008,0.452
Malaysia,2009,0.437
Malaysia,2010,0.434
Malaysia,2011,0.445
Malaysia,2012,0.445
Malaysia,2013,0.45
Malaysia,2014,0.45
Malaysia,2015,0.441
Malaysia,2016,0.441
Malaysia,2017,0.492
Malaysia,2018,0.72
Malaysia,2019,0.708
Malaysia,2020,0.637
Malaysia,2021,0.613
Malaysia,2022,0.66
Malaysia,2023,0.698
Malaysia,2024,0.698
Malaysia,2025,0.698
Malta,1951,0.747
Malta,1952,0.747
Malta,1953,0.747
Malta,1954,0.747
Malta,1955,0.747
Malta,1956,0.747
Malta,1957,0.747
Malta,1958,0.747
Malta,1959,0.747
Malta,1960,0.747
Malta,1961,0.747
Malta,1962,0.747
Malta,1963,0.747
Malta,1964,0.799
Malta,1965,0.723
Malta,1966,0.723
Malta,1967,0.723
Malta,1968,0.723
Malta,1969,0.723
Malta,1970,0.723
Malta,1971,0.723
Malta,1972,0.723
Malta,1973,0.723
Malta,1974,0.723
Malta,1975,0.723
Malta,1976,0.723
Malta,1977,0.723
Malta,1978,0.723
Malta,1979,0.723
Malta,1980,0.723
Malta,1981,0.723
Malta,1982,0.723
Malta,1983,0.723
Malta,1984,0.723
Malta,1985,0.723
Malta,1986,0.743
Malta,1987,0.743
Malta,1988,0.846
Malta,1989,0.846
Malta,1990,0.846
Malta,1991,0.846
Malta,1992,0.846
Malta,1993,0.846
Malta,1994,0.846
Malta,1995,0.846
Malta,1996,0.846
Malta,1997,0.846
Malta,1998,0.846
Malta,1999,0.846
Malta,2000,0.846
Malta,2001,0.846
Malta,2002,0.846
Malta,2003,0.846
Malta,2004,0.846
Malta,2005,0.846
Malta,2006,0.847
Malta,2007,0.843
Malta,2008,0.843
Malta,2009,0.843
Malta,2010,0.843
Malta,2011,0.843
Malta,2012,0.845
Malta,2013,0.817
Malta,2014,0.805
Malta,2015,0.801
Malta,2016,0.782
Malta,2017,0.782
Malta,2018,0.782
Malta,2019,0.777
Malta,2020,0.817
Malta,2021,0.827
Malta,2022,0.827
Malta,2023,0.83
Malta,2024,0.83
Malta,2025,0.83
Mauritius,1951,0.827
Mauritius,1952,0.827
Mauritius,1953,0.827
Mauritius,1954,0.839
Mauritius,1955,0.839
Mauritius,1956,0.839
Mauritius,1957,0.839
Mauritius,1958,0.839
Mauritius,1959,0.843
Mauritius,1960,0.833
Mauritius,1961,0.833
Mauritius,1962,0.833
Mauritius,1963,0.833
Mauritius,1964,0.833
Mauritius,1965,0.833
Mauritius,1966,0.833
Mauritius,1967,0.833
Mauritius,1968,0.815
Mauritius,1969,0.798
Mauritius,1970,0.745
Mauritius,1971,0.745
Mauritius,1972,0.745
Mauritius,1973,0.745
Mauritius,1974,0.745
Mauritius,1975,0.745
Mauritius,1976,0.759
Mauritius,1977,0.759
Mauritius,1978,0.759
Mauritius,1979,0.759
Mauritius,1980,0.759
Mauritius,1981,0.759
Mauritius,1982,0.759
Mauritius,1983,0.759
Mauritius,1984,0.759
Mauritius,1985,0.763
Mauritius,1986,0.763
Mauritius,1987,0.763
Mauritius,1988,0.763
Mauritius,1989,0.763
Mauritius,1990,0.777
Mauritius,1991,0.777
Mauritius,1992,0.777
Mauritius,1993,0.777
Mauritius,1994,0.777
Mauritius,1995,0.777
Mauritius,1996,0.777
Mauritius,1997,0.777
Mauritius,1998,0.777
Mauritius,1999,0.776
Mauritius,2000,0.801
Mauritius,2001,0.801
Mauritius,2002,0.801
Mauritius,2003,0.801
Mauritius,2004,0.801
Mauritius,2005,0.801
Mauritius,2006,0.801
Mauritius,2007,0.801
Mauritius,2008,0.801
Mauritius,2009,0.801
Mauritius,2010,0.822
Mauritius,2011,0.822
Mauritius,2012,0.822
Mauritius,2013,0.785
Mauritius,2014,0.744
Mauritius,2015,0.733
Mauritius,2016,0.733
Mauritius,2017,0.715
Mauritius,2018,0.712
Mauritius,2019,0.712
Mauritius,2020,0.642
Mauritius,2021,0.614
Mauritius,2022,0.572
Mauritius,2023,0.59
Mauritius,2024,0.653
Mauritius,2025,0.792
Montenegro,1998,0.634
Montenegro,1999,0.634
Montenegro,2000,0.634
Montenegro,2001,0.632
Montenegro,2002,0.632
Montenegro,2003,0.632
Montenegro,2004,0.632
Montenegro,2005,0.632
Montenegro,2006,0.633
Montenegro,2007,0.648
Montenegro,2008,0.666
Montenegro,2009,0.675
Montenegro,2010,0.675
Montenegro,2011,0.682
Montenegro,2012,0.682
Montenegro,2013,0.686
Montenegro,2014,0.686
Montenegro,2015,0.686
Montenegro,2016,0.686
Montenegro,2017,0.691
Montenegro,2018,0.673
Montenegro,2019,0.688
Montenegro,2020,0.723
Montenegro,2021,0.735
Montenegro,2022,0.725
Montenegro,2023,0.74
Montenegro,2024,0.718
Montenegro,2025,0.754
New Zealand,1951,0.981
New Zealand,1952,0.981
New Zealand,1953,0.981
New Zealand,1954,0.981
New Zealand,1955,0.981
New Zealand,1956,0.981
New Zealand,1957,0.981
New Zealand,1958,0.981
New Zealand,1959,0.981
New Zealand,1960,0.983
New Zealand,1961,0.983
New Zealand,1962,0.983
New Zealand,1963,0.983
New Zealand,1964,0.983
New Zealand,1965,0.983
New Zealand,1966,0.983
New Zealand,1967,0.983
New Zealand,1968,0.983
New Zealand,1969,0.983
New Zealand,1970,0.983
New Zealand,1971,0.983
New Zealand,1972,0.983
New Zealand,1973,0.983
New Zealand,1974,0.983
New Zealand,1975,0.983
New Zealand,1976,0.984
New Zealand,1977,0.984
New Zealand,1978,0.984
New Zealand,1979,0.984
New Zealand,1980,0.986
New Zealand,1981,0.986
New Zealand,1982,0.986
New Zealand,1983,0.986
New Zealand,1984,0.986
New Zealand,1985,0.987
New Zealand,1986,0.991
New Zealand,1987,0.991
New Zealand,1988,0.991
New Zealand,1989,0.991
New Zealand,1990,0.991
New Zealand,1991,0.991
New Zealand,1992,0.991
New Zealand,1993,0.991
New Zealand,1994,0.991
New Zealand,1995,0.991
New Zealand,1996,0.991
New Zealand,1997,0.991
New Zealand,1998,0.991
New Zealand,1999,0.991
New Zealand,2000,0.991
New Zealand,2001,0.991
New Zealand,2002,0.991
New Zealand,2003,0.991
New Zealand,2004,0.991
New Zealand,2005,0.991
New Zealand,2006,0.991
New Zealand,2007,0.991
New Zealand,2008,0.991
New Zealand,2009,0.991
New Zealand,2010,0.992
New Zealand,2011,0.991
New Zealand,2012,0.991
New Zealand,2013,0.991
New Zealand,2014,0.991
New Zealand,2015,0.991
New Zealand,2016,0.991
New Zealand,2017,0.991
New Zealand,2018,0.991
New Zealand,2019,0.992
New Zealand,2020,0.991
New Zealand,2021,0.988
New Zealand,2022,0.988
New Zealand,2023,0.989
New Zealand,2024,0.989
New Zealand,2025,0.989
Norway,1951,0.984
Norway,1952,0.984
Norway,1953,0.986
Norway,1954,0.988
Norway,1955,0.988
Norway,1956,0.989
Norway,1957,0.992
Norway,1958,0.992
Norway,1959,0.992
Norway,1960,0.992
Norway,1961,0.992
Norway,1962,0.992
Norway,1963,0.992
Norway,1964,0.994
Norway,1965,0.994
Norway,1966,0.994
Norway,1967,0.994
Norway,1968,0.994
Norway,1969,0.994
Norway,1970,0.994
Norway,1971,0.994
Norway,1972,0.994
Norway,1973,0.994
Norway,1974,0.994
Norway,1975,0.994
Norway,1976,0.994
Norway,1977,0.994
Norway,1978,0.994
Norway,1979,0.994
Norway,1980,0.994
Norway,1981,0.994
Norway,1982,0.994
Norway,1983,0.994
Norway,1984,0.994
Norway,1985,0.994
Norway,1986,0.994
Norway,1987,0.994
Norway,1988,0.994
Norway,1989,0.994
Norway,1990,0.994
Norway,1991,0.994
Norway,1992,0.994
Norway,1993,0.994
Norway,1994,0.994
Norway,1995,0.994
Norway,1996,0.994
Norway,1997,0.994
Norway,1998,0.994
Norway,1999,0.994
Norway,2000,0.994
Norway,2001,0.994
Norway,2002,0.994
Norway,2003,0.994
Norway,2004,0.994
Norway,2005,0.994
Norway,2006,0.994
Norway,2007,0.994
Norway,2008,0.994
Norway,2009,0.994
Norway,2010,0.994
Norway,2011,0.994
Norway,2012,0.994
Norway,2013,0.995
Norway,2014,0.995
Norway,2015,0.995
Norway,2016,0.995
Norway,2017,0.993
Norway,2018,0.992
Norway,2019,0.992
Norway,2020,0.986
Norway,2021,0.986
Norway,2022,0.984
Norway,2023,0.984
Norway,2024,0.986
Norway,2025,0.986
Oman,1951,0.237
Oman,1952,0.237
Oman,1953,0.237
Oman,1954,0.237
Oman,1955,0.237
Oman,1956,0.237
Oman,1957,0.237
Oman,1958,0.237
Oman,1959,0.237
Oman,1960,0.237
Oman,1961,0.237
Oman,1962,0.237
Oman,1963,0.237
Oman,1964,0.237
Oman,1965,0.228
Oman,1966,0.228
Oman,1967,0.228
Oman,1968,0.228
Oman,1969,0.228
Oman,1970,0.382
Oman,1971,0.411
Oman,1972,0.417
Oman,1973,0.417
Oman,1974,0.457
Oman,1975,0.457
Oman,1976,0.478
Oman,1977,0.497
Oman,1978,0.505
Oman,1979,0.505
Oman,1980,0.509
Oman,1981,0.509
Oman,1982,0.509
Oman,1983,0.508
Oman,1984,0.508
Oman,1985,0.508
Oman,1986,0.518
Oman,1987,0.518
Oman,1988,0.518
Oman,1989,0.518
Oman,1990,0.518
Oman,1991,0.525
Oman,1992,0.525
Oman,1993,0.525
Oman,1994,0.525
Oman,1995,0.519
Oman,1996,0.548
Oman,1997,0.554
Oman,1998,0.554
Oman,1999,0.561
Oman,2000,0.607
Oman,2001,0.622
Oman,2002,0.622
Oman,2003,0.608
Oman,2004,0.608
Oman,2005,0.608
Oman,2006,0.613
Oman,2007,0.613
Oman,2008,0.613
Oman,2009,0.617
Oman,2010,0.615
Oman,2011,0.628
Oman,2012,0.628
Oman,2013,0.628
Oman,2014,0.634
Oman,2015,0.634
Oman,2016,0.634
Oman,2017,0.615
Oman,2018,0.615
Oman,2019,0.619
Oman,2020,0.62
Oman,2021,0.613
Oman,2022,0.61
Oman,2023,0.61
Oman,2024,0.61
Oman,2025,0.613
Paraguay,1951,0.038
Paraguay,1952,0.038
Paraguay,1953,0.038
Paraguay,1954,0.035
Paraguay,1955,0.034
Paraguay,1956,0.034
Paraguay,1957,0.034
Paraguay,1958,0.032
Paraguay,1959,0.032
Paraguay,1960,0.033
Paraguay,1961,0.033
Paraguay,1962,0.033
Paraguay,1963,0.033
Paraguay,1964,0.033
Paraguay,1965,0.033
Paraguay,1966,0.034
Paraguay,1967,0.034
Paraguay,1968,0.033
Paraguay,1969,0.033
Paraguay,1970,0.033
Paraguay,1971,0.033
Paraguay,1972,0.033
Paraguay,1973,0.033
Paraguay,1974,0.033
Paraguay,1975,0.033
Paraguay,1976,0.033
Paraguay,1977,0.033
Paraguay,1978,0.033
Paraguay,1979,0.033
Paraguay,1980,0.034
Paraguay,1981,0.034
Paraguay,1982,0.034
Paraguay,1983,0.036
Paraguay,1984,0.036
Paraguay,1985,0.036
Paraguay,1986,0.038
Paraguay,1987,0.039
Paraguay,1988,0.039
Paraguay,1989,0.047
Paraguay,1990,0.133
Paraguay,1991,0.133
Paraguay,1992,0.289
Paraguay,1993,0.297
Paraguay,1994,0.297
Paraguay,1995,0.297
Paraguay,1996,0.297
Paraguay,1997,0.297
Paraguay,1998,0.297
Paraguay,1999,0.294
Paraguay,2000,0.325
Paraguay,2001,0.325
Paraguay,2002,0.325
Paraguay,2003,0.383
Paraguay,2004,0.403
Paraguay,2005,0.403
Paraguay,2006,0.404
Paraguay,2007,0.43
Paraguay,2008,0.512
Paraguay,2009,0.512
Paraguay,2010,0.512
Paraguay,2011,0.512
Paraguay,2012,0.47
Paraguay,2013,0.382
Paraguay,2014,0.4
Paraguay,2015,0.38
Paraguay,2016,0.379
Paraguay,2017,0.369
Paraguay,2018,0.415
Paraguay,2019,0.424
Paraguay,2020,0.434
Paraguay,2021,0.473
Paraguay,2022,0.481
Paraguay,2023,0.468
Paraguay,2024,0.439
Paraguay,2025,0.391
Romania,1951,0.219
Romania,1952,0.219
Romania,1953,0.219
Romania,1954,0.219
Romania,1955,0.219
Romania,1956,0.219
Romania,1957,0.219
Romania,1958,0.219
Romania,1959,0.219
Romania,1960,0.244
Romania,1961,0.244
Romania,1962,0.244
Romania,1963,0.246
Romania,1964,0.246
Romania,1965,0.246
Romania,1966,0.234
Romania,1967,0.234
Romania,1968,0.234
Romania,1969,0.234
Romania,1970,0.234
Romania,1971,0.222
Romania,1972,0.222
Romania,1973,0.222
Romania,1974,0.215
Romania,1975,0.215
Romania,1976,0.215
Romania,1977,0.215
Romania,1978,0.215
Romania,1979,0.215
Romania,1980,0.215
Romania,1981,0.215
Romania,1982,0.215
Romania,1983,0.215
Romania,1984,0.215
Romania,1985,0.215
Romania,1986,0.215
Romania,1987,0.215
Romania,1988,0.215
Romania,1989,0.187
Romania,1990,0.366
Romania,1991,0.386
Romania,1992,0.418
Romania,1993,0.416
Romania,1994,0.416
Romania,1995,0.416
Romania,1996,0.445
Romania,1997,0.445
Romania,1998,0.445
Romania,1999,0.43
Romania,2000,0.38
Romania,2001,0.388
Romania,2002,0.394
Romania,2003,0.425
Romania,2004,0.483
Romania,2005,0.539
Romania,2006,0.547
Romania,2007,0.59
Romania,2008,0.594
Romania,2009,0.616
Romania,2010,0.644
Romania,2011,0.644
Romania,2012,0.635
Romania,2013,0.741
Romania,2014,0.775
Romania,2015,0.8
Romania,2016,0.875
Romania,2017,0.661
Romania,2018,0.529
Romania,2019,0.626
Romania,2020,0.761
Romania,2021,0.799
Romania,2022,0.781
Romania,2023,0.722
Romania,2024,0.653
Romania,2025,0.694
Sao Tome and Principe,1951,0.613
Sao Tome and Principe,1952,0.613
Sao Tome and Principe,1953,0.613
Sao Tome and Principe,1954,0.613
Sao Tome and Principe,1955,0.613
Sao Tome and Principe,1956,0.613
Sao Tome and Principe,1957,0.613
Sao Tome and Principe,1958,0.613
Sao Tome and Principe,1959,0.613
Sao Tome and Principe,1960,0.613
Sao Tome and Principe,1961,0.613
Sao Tome and Principe,1962,0.613
Sao Tome and Principe,1963,0.613
Sao Tome and Principe,1964,0.613
Sao Tome and Principe,1965,0.613
Sao Tome and Principe,1966,0.613
Sao Tome and Principe,1967,0.613
Sao Tome and Principe,1968,0.613
Sao Tome and Principe,1969,0.613
Sao Tome and Principe,1970,0.613
Sao Tome and Principe,1971,0.613
Sao Tome and Principe,1972,0.613
Sao Tome and Principe,1973,0.613
Sao Tome and Principe,1974,0.613
Sao Tome and Principe,1975,0.718
Sao Tome and Principe,1976,0.724
Sao Tome and Principe,1977,0.724
Sao Tome and Principe,1978,0.724
Sao Tome and Principe,1979,0.724
Sao Tome and Principe,1980,0.718
Sao Tome and Principe,1981,0.718
Sao Tome and Principe,1982,0.718
Sao Tome and Principe,1983,0.718
Sao Tome and Principe,1984,0.718
Sao Tome and Principe,1985,0.718
Sao Tome and Principe,1986,0.718
Sao Tome and Principe,1987,0.718
Sao Tome and Principe,1988,0.718
Sao Tome and Principe,1989,0.718
Sao Tome and Principe,1990,0.751
Sao Tome and Principe,1991,0.767
Sao Tome and Principe,1992,0.767
Sao Tome and Principe,1993,0.772
Sao Tome and Principe,1994,0.772
Sao Tome and Principe,1995,0.772
Sao Tome and Principe,1996,0.772
Sao Tome and Principe,1997,0.772
Sao Tome and Principe,1998,0.772
Sao Tome and Principe,1999,0.777
Sao Tome and Principe,2000,0.695
Sao Tome and Principe,2001,0.695
Sao Tome and Principe,2002,0.695
Sao Tome and Principe,2003,0.695
Sao Tome and Principe,2004,0.695
Sao Tome and Principe,2005,0.711
Sao Tome and Principe,2006,0.711
Sao Tome and Principe,2007,0.711
Sao Tome and Principe,2008,0.711
Sao Tome and Principe,2009,0.711
Sao Tome and Principe,2010,0.727
Sao Tome and Principe,2011,0.727
Sao Tome and Principe,2012,0.725
Sao Tome and Principe,2013,0.731
Sao Tome and Principe,2014,0.739
Sao Tome and Principe,2015,0.739
Sao Tome and Principe,2016,0.739
Sao Tome and Principe,2017,0.726
Sao Tome and Principe,2018,0.71
Sao Tome and Principe,2019,0.746
Sao Tome and Principe,2020,0.744
Sao Tome and Principe,2021,0.744
Sao Tome and Principe,2022,0.739
Sao Tome and Principe,2023,0.751
Sao Tome and Principe,2024,0.747
Sao Tome and Principe,2025,0.742
Saudi Arabia,1951,0.254
Saudi Arabia,1952,0.254
Saudi Arabia,1953,0.253
Saudi Arabia,1954,0.285
Saudi Arabia,1955,0.285
Saudi Arabia,1956,0.285
Saudi Arabia,1957,0.285
Saudi Arabia,1958,0.285
Saudi Arabia,1959,0.285
Saudi Arabia,1960,0.285
Saudi Arabia,1961,0.285
Saudi Arabia,1962,0.299
Saudi Arabia,1963,0.311
Saudi Arabia,1964,0.311
Saudi Arabia,1965,0.318
Saudi Arabia,1966,0.318
Saudi Arabia,1967,0.318
Saudi Arabia,1968,0.318
Saudi Arabia,1969,0.318
Saudi Arabia,1970,0.318
Saudi Arabia,1971,0.318
Saudi Arabia,1972,0.318
Saudi Arabia,1973,0.303
Saudi Arabia,1974,0.293
Saudi Arabia,1975,0.291
Saudi Arabia,1976,0.296
Saudi Arabia,1977,0.296
Saudi Arabia,1978,0.296
Saudi Arabia,1979,0.303
Saudi Arabia,1980,0.284
Saudi Arabia,1981,0.285
Saudi Arabia,1982,0.285
Saudi Arabia,1983,0.287
Saudi Arabia,1984,0.287
Saudi Arabia,1985,0.287
Saudi Arabia,1986,0.287
Saudi Arabia,1987,0.287
Saudi Arabia,1988,0.287
Saudi Arabia,1989,0.287
Saudi Arabia,1990,0.287
Saudi Arabia,1991,0.279
Saudi Arabia,1992,0.279
Saudi Arabia,1993,0.279
Saudi Arabia,1994,0.279
Saudi Arabia,1995,0.279
Saudi Arabia,1996,0.264
Saudi Arabia,1997,0.264
Saudi Arabia,1998,0.264
Saudi Arabia,1999,0.264
Saudi Arabia,2000,0.266
Saudi Arabia,2001,0.266
Saudi Arabia,2002,0.264
Saudi Arabia,2003,0.264
Saudi Arabia,2004,0.264
Saudi Arabia,2005,0.274
Saudi Arabia,2006,0.274
Saudi Arabia,2007,0.275
Saudi Arabia,2008,0.282
Saudi Arabia,2009,0.282
Saudi Arabia,2010,0.285
Saudi Arabia,2011,0.285
Saudi Arabia,2012,0.285
Saudi Arabia,2013,0.278
Saudi Arabia,2014,0.278
Saudi Arabia,2015,0.278
Saudi Arabia,2016,0.286
Saudi Arabia,2017,0.275
Saudi Arabia,2018,0.284
Saudi Arabia,2019,0.324
Saudi Arabia,2020,0.34
Saudi Arabia,2021,0.347
Saudi Arabia,2022,0.39
Saudi Arabia,2023,0.385
Saudi Arabia,2024,0.385
Saudi Arabia,2025,0.396
Serbia,1951,0.396
Serbia,1952,0.396
Serbia,1953,0.399
Serbia,1954,0.399
Serbia,1955,0.394
Serbia,1956,0.394
Serbia,1957,0.394
Serbia,1958,0.394
Serbia,1959,0.397
Serbia,1960,0.397
Serbia,1961,0.397
Serbia,1962,0.397
Serbia,1963,0.45
Serbia,1964,0.45
Serbia,1965,0.464
Serbia,1966,0.464
Serbia,1967,0.475
Serbia,1968,0.475
Serbia,1969,0.475
Serbia,1970,0.46
Serbia,1971,0.46
Serbia,1972,0.46
Serbia,1973,0.46
Serbia,1974,0.467
Serbia,1975,0.467
Serbia,1976,0.467
Serbia,1977,0.467
Serbia,1978,0.467
Serbia,1979,0.467
Serbia,1980,0.464
Serbia,1981,0.483
Serbia,1982,0.502
Serbia,1983,0.502
Serbia,1984,0.502
Serbia,1985,0.502
Serbia,1986,0.502
Serbia,1987,0.502
Serbia,1988,0.502
Serbia,1989,0.431
Serbia,1990,0.269
Serbia,1991,0.243
Serbia,1992,0.242
Serbia,1993,0.253
Serbia,1994,0.253
Serbia,1995,0.253
Serbia,1996,0.253
Serbia,1997,0.253
Serbia,1998,0.253
Serbia,1999,0.253
Serbia,2000,0.346
Serbia,2001,0.58
Serbia,2002,0.588
Serbia,2003,0.561
Serbia,2004,0.557
Serbia,2005,0.557
Serbia,2006,0.581
Serbia,2007,0.6
Serbia,2008,0.6
Serbia,2009,0.607
Serbia,2010,0.585
Serbia,2011,0.585
Serbia,2012,0.58
Serbia,2013,0.528
Serbia,2014,0.528
Serbia,2015,0.528
Serbia,2016,0.496
Serbia,2017,0.474
Serbia,2018,0.512
Serbia,2019,0.527
Serbia,2020,0.476
Serbia,2021,0.483
Serbia,2022,0.488
Serbia,2023,0.473
Serbia,2024,0.428
Serbia,2025,0.367
Seychelles,1951,0.722
Seychelles,1952,0.722
Seychelles,1953,0.722
Seychelles,1954,0.722
Seychelles,1955,0.722
Seychelles,1956,0.722
Seychelles,1957,0.722
Seychelles,1958,0.722
Seychelles,1959,0.722
Seychelles,1960,0.722
Seychelles,1961,0.722
Seychelles,1962,0.722
Seychelles,1963,0.722
Seychelles,1964,0.722
Seychelles,1965,0.722
Seychelles,1966,0.722
Seychelles,1967,0.72
Seychelles,1968,0.72
Seychelles,1969,0.72
Seychelles,1970,0.73
Seychelles,1971,0.757
Seychelles,1972,0.757
Seychelles,1973,0.757
Seychelles,1974,0.757
Seychelles,1975,0.757
Seychelles,1976,0.604
Seychelles,1977,0.46
Seychelles,1978,0.455
Seychelles,1979,0.483
Seychelles,1980,0.498
Seychelles,1981,0.498
Seychelles,1982,0.498
Seychelles,1983,0.498
Seychelles,1984,0.498
Seychelles,1985,0.498
Seychelles,1986,0.498
Seychelles,1987,0.498
Seychelles,1988,0.498
Seychelles,1989,0.498
Seychelles,1990,0.512
Seychelles,1991,0.512
Seychelles,1992,0.562
Seychelles,1993,0.633
Seychelles,1994,0.633
Seychelles,1995,0.633
Seychelles,1996,0.641
Seychelles,1997,0.641
Seychelles,1998,0.641
Seychelles,1999,0.641
Seychelles,2000,0.641
Seychelles,2001,0.641
Seychelles,2002,0.661
Seychelles,2003,0.746
Seychelles,2004,0.75
Seychelles,2005,0.768
Seychelles,2006,0.771
Seychelles,2007,0.783
Seychelles,2008,0.777
Seychelles,2009,0.781
Seychelles,2010,0.783
Seychelles,2011,0.783
Seychelles,2012,0.781
Seychelles,2013,0.803
Seychelles,2014,0.811
Seychelles,2015,0.831
Seychelles,2016,0.857
Seychelles,2017,0.874
Seychelles,2018,0.894
Seychelles,2019,0.891
Seychelles,2020,0.944
Seychelles,2021,0.965
Seychelles,2022,0.969
Seychelles,2023,0.973
Seychelles,2024,0.975
Seychelles,2025,0.976
Singapore,1951,0.807
Singapore,1952,0.807
Singapore,1953,0.807
Singapore,1954,0.807
Singapore,1955,0.807
Singapore,1956,0.752
Singapore,1957,0.752
Singapore,1958,0.782
Singapore,1959,0.909
Singapore,1960,0.914
Singapore,1961,0.914
Singapore,1962,0.914
Singapore,1963,0.934
Singapore,1964,0.934
Singapore,1965,0.946
Singapore,1966,0.945
Singapore,1967,0.945
Singapore,1968,0.95
Singapore,1969,0.95
Singapore,1970,0.958
Singapore,1971,0.958
Singapore,1972,0.958
Singapore,1973,0.958
Singapore,1974,0.958
Singapore,1975,0.958
Singapore,1976,0.965
Singapore,1977,0.965
Singapore,1978,0.965
Singapore,1979,0.965
Singapore,1980,0.969
Singapore,1981,0.969
Singapore,1982,0.969
Singapore,1983,0.969
Singapore,1984,0.969
Singapore,1985,0.969
Singapore,1986,0.969
Singapore,1987,0.969
Singapore,1988,0.969
Singapore,1989,0.969
Singapore,1990,0.972
Singapore,1991,0.972
Singapore,1992,0.972
Singapore,1993,0.972
Singapore,1994,0.972
Singapore,1995,0.972
Singapore,1996,0.972
Singapore,1997,0.972
Singapore,1998,0.972
Singapore,1999,0.972
Singapore,2000,0.975
Singapore,2001,0.975
Singapore,2002,0.975
Singapore,2003,0.975
Singapore,2004,0.975
Singapore,2005,0.975
Singapore,2006,0.975
Singapore,2007,0.975
Singapore,2008,0.975
Singapore,2009,0.975
Singapore,2010,0.975
Singapore,2011,0.975
Singapore,2012,0.975
Singapore,2013,0.975
Singapore,2014,0.975
Singapore,2015,0.975
Singapore,2016,0.975
Singapore,2017,0.974
Singapore,2018,0.974
Singapore,2019,0.974
Singapore,2020,0.972
Singapore,2021,0.974
Singapore,2022,0.974
Singapore,2023,0.969
Singapore,2024,0.961
Singapore,2025,0.974
Slovakia,1993,0.784
Slovakia,1994,0.706
Slovakia,1995,0.703
Slovakia,1996,0.703
Slovakia,1997,0.703
Slovakia,1998,0.795
Slovakia,1999,0.849
Slovakia,2000,0.849
Slovakia,2001,0.849
Slovakia,2002,0.849
Slovakia,2003,0.849
Slovakia,2004,0.849
Slovakia,2005,0.849
Slovakia,2006,0.847
Slovakia,2007,0.84
Slovakia,2008,0.84
Slovakia,2009,0.84
Slovakia,2010,0.862
Slovakia,2011,0.868
Slovakia,2012,0.844
Slovakia,2013,0.824
Slovakia,2014,0.822
Slovakia,2015,0.814
Slovakia,2016,0.815
Slovakia,2017,0.818
Slovakia,2018,0.812
Slovakia,2019,0.828
Slovakia,2020,0.89
Slovakia,2021,0.891
Slovakia,2022,0.892
Slovakia,2023,0.871
Slovakia,2024,0.764
Slovakia,2025,0.727
Slovenia,1989,0.836
Slovenia,1990,0.872
Slovenia,1991,0.902
Slovenia,1992,0.912
Slovenia,1993,0.915
Slovenia,1994,0.916
Slovenia,1995,0.916
Slovenia,1996,0.926
Slovenia,1997,0.928
Slovenia,1998,0.928
Slovenia,1999,0.928
Slovenia,2000,0.917
Slovenia,2001,0.917
Slovenia,2002,0.917
Slovenia,2003,0.914
Slovenia,2004,0.895
Slovenia,2005,0.897
Slovenia,2006,0.897
Slovenia,2007,0.894
Slovenia,2008,0.898
Slovenia,2009,0.911
Slovenia,2010,0.914
Slovenia,2011,0.914
Slovenia,2012,0.9
Slovenia,2013,0.923
Slovenia,2014,0.938
Slovenia,2015,0.939
Slovenia,2016,0.944
Slovenia,2017,0.941
Slovenia,2018,0.946
Slovenia,2019,0.946
Slovenia,2020,0.89
Slovenia,2021,0.837
Slovenia,2022,0.931
Slovenia,2023,0.908
Slovenia,2024,0.909
Slovenia,2025,0.9
Solomon Islands,1951,0.75
Solomon Islands,1952,0.75
Solomon Islands,1953,0.75
Solomon Islands,1954,0.75
Solomon Islands,1955,0.75
Solomon Islands,1956,0.75
Solomon Islands,1957,0.75
Solomon Islands,1958,0.75
Solomon Islands,1959,0.75
Solomon Islands,1960,0.765
Solomon Islands,1961,0.765
Solomon Islands,1962,0.765
Solomon Islands,1963,0.765
Solomon Islands,1964,0.765
Solomon Islands,1965,0.765
Solomon Islands,1966,0.765
Solomon Islands,1967,0.765
Solomon Islands,1968,0.765
Solomon Islands,1969,0.765
Solomon Islands,1970,0.79
Solomon Islands,1971,0.79
Solomon Islands,1972,0.79
Solomon Islands,1973,0.798
Solomon Islands,1974,0.798
Solomon Islands,1975,0.798
Solomon Islands,1976,0.798
Solomon Islands,1977,0.798
Solomon Islands,1978,0.843
Solomon Islands,1979,0.875
Solomon Islands,1980,0.828
Solomon Islands,1981,0.806
Solomon Islands,1982,0.806
Solomon Islands,1983,0.785
Solomon Islands,1984,0.785
Solomon Islands,1985,0.797
Solomon Islands,1986,0.797
Solomon Islands,1987,0.797
Solomon Islands,1988,0.797
Solomon Islands,1989,0.782
Solomon Islands,1990,0.765
Solomon Islands,1991,0.765
Solomon Islands,1992,0.765
Solomon Islands,1993,0.765
Solomon Islands,1994,0.765
Solomon Islands,1995,0.765
Solomon Islands,1996,0.765
Solomon Islands,1997,0.765
Solomon Islands,1998,0.765
Solomon Islands,1999,0.678
Solomon Islands,2000,0.625
Solomon Islands,2001,0.638
Solomon Islands,2002,0.661
Solomon Islands,2003,0.661
Solomon Islands,2004,0.615
Solomon Islands,2005,0.568
Solomon Islands,2006,0.562
Solomon Islands,2007,0.562
Solomon Islands,2008,0.568
Solomon Islands,2009,0.562
Solomon Islands,2010,0.578
Solomon Islands,2011,0.578
Solomon Islands,2012,0.577
Solomon Islands,2013,0.577
Solomon Islands,2014,0.572
Solomon Islands,2015,0.576
Solomon Islands,2016,0.559
Solomon Islands,2017,0.584
Solomon Islands,2018,0.584
Solomon Islands,2019,0.587
Solomon Islands,2020,0.59
Solomon Islands,2021,0.62
Solomon Islands,2022,0.634
Solomon Islands,2023,0.638
Solomon Islands,2024,0.67
Solomon Islands,2025,0.669
Vanuatu,1951,0.882
Vanuatu,1952,0.882
Vanuatu,1953,0.882
Vanuatu,1954,0.882
Vanuatu,1955,0.882
Vanuatu,1956,0.882
Vanuatu,1957,0.882
Vanuatu,1958,0.882
Vanuatu,1959,0.882
Vanuatu,1960,0.882
Vanuatu,1961,0.882
Vanuatu,1962,0.882
Vanuatu,1963,0.882
Vanuatu,1964,0.882
Vanuatu,1965,0.882
Vanuatu,1966,0.882
Vanuatu,1967,0.882
Vanuatu,1968,0.882
Vanuatu,1969,0.882
Vanuatu,1970,0.863
Vanuatu,1971,0.92
Vanuatu,1972,0.92
Vanuatu,1973,0.92
Vanuatu,1974,0.92
Vanuatu,1975,0.92
Vanuatu,1976,0.92
Vanuatu,1977,0.92
Vanuatu,1978,0.92
Vanuatu,1979,0.92
Vanuatu,1980,0.802
Vanuatu,1981,0.802
Vanuatu,1982,0.802
Vanuatu,1983,0.802
Vanuatu,1984,0.802
Vanuatu,1985,0.802
Vanuatu,1986,0.802
Vanuatu,1987,0.802
Vanuatu,1988,0.802
Vanuatu,1989,0.802
Vanuatu,1990,0.785
Vanuatu,1991,0.78
Vanuatu,1992,0.746
Vanuatu,1993,0.746
Vanuatu,1994,0.746
Vanuatu,1995,0.746
Vanuatu,1996,0.746
Vanuatu,1997,0.746
Vanuatu,1998,0.746
Vanuatu,1999,0.746
Vanuatu,2000,0.744
Vanuatu,2001,0.744
Vanuatu,2002,0.744
Vanuatu,2003,0.744
Vanuatu,2004,0.744
Vanuatu,2005,0.744
Vanuatu,2006,0.744
Vanuatu,2007,0.744
Vanuatu,2008,0.744
Vanuatu,2009,0.744
Vanuatu,2010,0.749
Vanuatu,2011,0.749
Vanuatu,2012,0.749
Vanuatu,2013,0.749
Vanuatu,2014,0.749
Vanuatu,2015,0.762
Vanuatu,2016,0.762
Vanuatu,2017,0.778
Vanuatu,2018,0.792
Vanuatu,2019,0.787
Vanuatu,2020,0.816
Vanuatu,2021,0.823
Vanuatu,2022,0.847
Vanuatu,2023,0.847
Vanuatu,2024,0.868
Vanuatu,2025,0.822
United Arab Emirates,1971,0.448
United Arab Emirates,1972,0.448
United Arab Emirates,1973,0.448
United Arab Emirates,1974,0.448
United Arab Emirates,1975,0.483
United Arab Emirates,1976,0.464
United Arab Emirates,1977,0.464
United Arab Emirates,1978,0.429
United Arab Emirates,1979,0.458
United Arab Emirates,1980,0.476
United Arab Emirates,1981,0.474
United Arab Emirates,1982,0.474
United Arab Emirates,1983,0.474
United Arab Emirates,1984,0.474
United Arab Emirates,1985,0.503
United Arab Emirates,1986,0.518
United Arab Emirates,1987,0.518
United Arab Emirates,1988,0.518
United Arab Emirates,1989,0.528
United Arab Emirates,1990,0.505
United Arab Emirates,1991,0.505
United Arab Emirates,1992,0.525
United Arab Emirates,1993,0.534
United Arab Emirates,1994,0.655
United Arab Emirates,1995,0.655
United Arab Emirates,1996,0.666
United Arab Emirates,1997,0.666
United Arab Emirates,1998,0.666
United Arab Emirates,1999,0.666
United Arab Emirates,2000,0.666
United Arab Emirates,2001,0.666
United Arab Emirates,2002,0.666
United Arab Emirates,2003,0.647
United Arab Emirates,2004,0.641
United Arab Emirates,2005,0.641
United Arab Emirates,2006,0.661
United Arab Emirates,2007,0.702
United Arab Emirates,2008,0.705
United Arab Emirates,2009,0.705
United Arab Emirates,2010,0.705
United Arab Emirates,2011,0.7
United Arab Emirates,2012,0.713
United Arab Emirates,2013,0.701
United Arab Emirates,2014,0.707
United Arab Emirates,2015,0.707
United Arab Emirates,2016,0.707
United Arab Emirates,2017,0.711
United Arab Emirates,2018,0.723
United Arab Emirates,2019,0.706
United Arab Emirates,2020,0.71
United Arab Emirates,2021,0.693
United Arab Emirates,2022,0.698
United Arab Emirates,2023,0.641
United Arab Emirates,2024,0.638
United Arab Emirates,2025,0.638
Hungary,1951,0.462
Hungary,1952,0.462
Hungary,1953,0.462
Hungary,1954,0.474
Hungary,1955,0.485
Hungary,1956,0.489
Hungary,1957,0.493
Hungary,1958,0.517
Hungary,1959,0.512
Hungary,1960,0.536
Hungary,1961,0.537
Hungary,1962,0.552
Hungary,1963,0.534
Hungary,1964,0.564
Hungary,1965,0.564
Hungary,1966,0.564
Hungary,1967,0.564
Hungary,1968,0.561
Hungary,1969,0.561
Hungary,1970,0.554
Hungary,1971,0.549
Hungary,1972,0.549
Hungary,1973,0.549
Hungary,1974,0.549
Hungary,1975,0.547
Hungary,1976,0.547
Hungary,1977,0.547
Hungary,1978,0.547
Hungary,1979,0.541
Hungary,1980,0.545
Hungary,1981,0.545
Hungary,1982,0.545
Hungary,1983,0.536
Hungary,1984,0.536
Hungary,1985,0.536
Hungary,1986,0.536
Hungary,1987,0.546
Hungary,1988,0.55
Hungary,1989,0.577
Hungary,1990,0.884
Hungary,1991,0.899
Hungary,1992,0.889
Hungary,1993,0.893
Hungary,1994,0.898
Hungary,1995,0.898
Hungary,1996,0.898
Hungary,1997,0.899
Hungary,1998,0.899
Hungary,1999,0.886
Hungary,2000,0.881
Hungary,2001,0.884
Hungary,2002,0.884
Hungary,2003,0.886
Hungary,2004,0.886
Hungary,2005,0.879
Hungary,2006,0.861
Hungary,2007,0.874
Hungary,2008,0.874
Hungary,2009,0.88
Hungary,2010,0.795
Hungary,2011,0.767
Hungary,2012,0.737
Hungary,2013,0.699
Hungary,2014,0.692
Hungary,2015,0.692
Hungary,2016,0.7
Hungary,2017,0.694
Hungary,2018,0.672
Hungary,2019,0.667
Hungary,2020,0.634
Hungary,2021,0.622
Hungary,2022,0.577
Hungary,2023,0.569
Hungary,2024,0.585
Hungary,2025,0.605
Zanzibar,1951,0.585
Zanzibar,1952,0.585
Zanzibar,1953,0.585
Zanzibar,1954,0.585
Zanzibar,1955,0.549
Zanzibar,1956,0.549
Zanzibar,1957,0.549
Zanzibar,1958,0.549
Zanzibar,1959,0.549
Zanzibar,1960,0.549
Zanzibar,1961,0.549
Zanzibar,1962,0.549
Zanzibar,1963,0.594
Zanzibar,1964,0.064
Zanzibar,1965,0.096
Zanzibar,1966,0.096
Zanzibar,1967,0.096
Zanzibar,1968,0.096
Zanzibar,1969,0.096
Zanzibar,1970,0.096
Zanzibar,1971,0.096
Zanzibar,1972,0.096
Zanzibar,1973,0.183
Zanzibar,1974,0.183
Zanzibar,1975,0.183
Zanzibar,1976,0.183
Zanzibar,1977,0.273
Zanzibar,1978,0.284
Zanzibar,1979,0.284
Zanzibar,1980,0.302
Zanzibar,1981,0.302
Zanzibar,1982,0.302
Zanzibar,1983,0.302
Zanzibar,1984,0.401
Zanzibar,1985,0.401
Zanzibar,1986,0.388
Zanzibar,1987,0.388
Zanzibar,1988,0.327
Zanzibar,1989,0.293
Zanzibar,1990,0.278
Zanzibar,1991,0.278
Zanzibar,1992,0.232
Zanzibar,1993,0.236
Zanzibar,1994,0.236
Zanzibar,1995,0.236
Zanzibar,1996,0.249
Zanzibar,1997,0.249
Zanzibar,1998,0.249
Zanzibar,1999,0.249
Zanzibar,2000,0.281
Zanzibar,2001,0.312
Zanzibar,2002,0.312
Zanzibar,2003,0.312
Zanzibar,2004,0.312
Zanzibar,2005,0.337
Zanzibar,2006,0.349
Zanzibar,2007,0.356
Zanzibar,2008,0.369
Zanzibar,2009,0.357
Zanzibar,2010,0.368
Zanzibar,2011,0.362
Zanzibar,2012,0.366
Zanzibar,2013,0.383
Zanzibar,2014,0.389
Zanzibar,2015,0.358
Zanzibar,2016,0.34
Zanzibar,2017,0.33
Zanzibar,2018,0.344
Zanzibar,2019,0.343
Zanzibar,2020,0.356
Zanzibar,2021,0.375
Zanzibar,2022,0.382
Zanzibar,2023,0.408
Zanzibar,2024,0.484
Zanzibar,2025,0.488
